Número,Tipo,Assunto,Aberto em,Responsável,Categoria,Urgência,Status,Organização,Contato,Classificação Cliente,Dia da Semana,Ano-Mês,Semana
55483,Público,Offline message,2026-06-09,Giulia Castanho,Tickets Offline,Média,Resolvido,IDEAL ESQUADRIAS DE ALUMINIO,IDEAL ESQUADRIAS,Empresa,Terça,2026-06,24
55484,Público,Mensagem offline,2026-06-09,Giulia Castanho,Tickets Offline,Média,Resolvido,FRONTAL ESQUADRIAS,Elizeu Vik,Empresa,Terça,2026-06,24
55487,Público,Transferencia - skyone,2026-06-09,Giulia Castanho,Nuvem Cloud,Alta,Resolvido,QUALITY VIDROS E ESQUADRIAS DE ALUMINIO,Denilson Grana Junior,Empresa,Terça,2026-06,24
55486,Público,Offline message,2026-06-09,Giulia Castanho,Tickets Offline,Média,Resolvido,INOVAR,Orçamento Inovar - Eliane,Empresa,Terça,2026-06,24
55485,Público,Mensagem offline,2026-06-09,Giulia Castanho,Tickets Offline,Média,Resolvido,LIBRIAN,Denilson,Não classificado,Terça,2026-06,24
55488,Público,Dúvida referente a criação de condição em esquadria do cliente,2026-06-09,Giovana de Miranda,Dúvidas,Alta,Resolvido,ELOGLASS,Eloglass - COMERCIAL,Empresa,Terça,2026-06,24
55490,Público,Transferencia - skyone,2026-06-09,Giulia Castanho,Nuvem Cloud,Alta,Resolvido,ESTRUTURAL ESQUADRIA,Calvin Bersch Scherer,Empresa,Terça,2026-06,24
55494,Público,Erro de registro,2026-06-09,Giulia Castanho,Erros,Alta,Resolvido,P & F ESQUADRIAS PVC E ALUMINIO,José_Gavioli,Empresa,Terça,2026-06,24
55493,Público,Erro ao logar no Skyone,2026-06-09,Gabriel Campos,Nuvem Cloud,Alta,Resolvido,ARTEFAL (ANTIGO 8861),Erison Ayron,Empresa,Terça,2026-06,24
55496,Interno,Erro ao logar no Skyone,2026-06-09,Gabriel Campos,Nuvem Cloud,Alta,Resolvido,QUALITY VIDROS E ESQUADRIAS DE ALUMINIO,Cássia,Empresa,Terça,2026-06,24
55491,Público,Problemas ao acessar o servidor Skyone + iniciar firebird na Skyone + chat inativo,2026-06-09,Daniel Joaquim ,Nuvem Cloud,Alta,Resolvido,LUXES,Sérgio,Empresa,Terça,2026-06,24
55492,Público,Problemas ao acessar o servidor Skyone + iniciar firebird na Skyone + tranferência faktory,2026-06-09,Daniel Joaquim ,Nuvem Cloud,Alta,Resolvido,LUXES,Sabrina,Empresa,Terça,2026-06,24
55495,Público,transferência de departamento (financeiro),2026-06-09,Patrick Nascimento,Transferência de Departamento,Alta,Resolvido,JS ESQUADRIAS,CAMILE,Empresa,Terça,2026-06,24
55497,Público,erro de calculo + chat inativo,2026-06-09,Patrick Nascimento,Dúvidas,Alta,Resolvido,INVICTA INSTALACOES DE VIDROS,Leticia,Empresa,Terça,2026-06,24
55509,Público,Tiago Olivo - ORCA ALUMINIO,2026-06-09,Italo Gomes ,,Alta,Novo,ORCA ALUMINIO,Tiago Olivo,Empresa,Terça,2026-06,24
55517,Público,Instalação do sistema CEM PRO zerado (estagiario novo),2026-06-09,Davi Barros,Instalação,Baixa,Resolvido,Faktory Softwares,Suporte Faktory » Estefani Rosa,Empresa,Terça,2026-06,24
55506,Público,Personalização de relatório,2026-06-09,Giulia Castanho,Dúvidas,Alta,Resolvido,MARTINELLI,RUI,Empresa,Terça,2026-06,24
55504,Público,Atalho do cem ,2026-06-09,Yasmin Oliveira,Dúvidas,Alta,Resolvido,IDEAL ESQUADRIAS DE ALUMINIO,IDEAL ESQUADRIAS,Empresa,Terça,2026-06,24
55500,Público,Dúvida referente a tipologias maiores que 6 metros ,2026-06-09,Gabriel Campos,Dúvidas,Alta,Resolvido,ZAKA ALUMINIOS,Lívia Querino,Empresa,Terça,2026-06,24
55514,Público,Dúvida referente a cadastrar cor de vidro,2026-06-09,Gabriel Campos,Dúvidas,Alta,Resolvido,PRESENTE CONSTRUTORA E AMBIENTES PLANEJADOS,Jorlan Presente Esquadrias,Empresa,Terça,2026-06,24
55499,Público,Erro ao acessar Skyone + importar obra,2026-06-09,Gabriel Campos,Nuvem Cloud,Alta,Resolvido,FORTELINE ESQUADRIAS DE ALUMINIO (Antiga Dynamica 6097),Eduardo Forteline Esquadrias,Empresa,Terça,2026-06,24
55501,Público,Atalho do sistema em rede,2026-06-09,Giovana de Miranda,Instalação,Alta,Resolvido,STYLLUS ESQUADRIAS DE ALUMINIO,Luís Albuquerque,Empresa,Terça,2026-06,24
55502,Público,Atualização da 0918 para 0322,2026-06-09,Giovana de Miranda,Atualização Versão e Build,Alta,Resolvido,FRONTAL ESQUADRIAS,Elizeu Vik,Empresa,Terça,2026-06,24
55513,Público,Atualização de material MOF (CDA),2026-06-09,Daniel Joaquim ,Dúvidas,Alta,Resolvido,RECALL ESQUADRIAS,VICTOR,Empresa,Terça,2026-06,24
55498,Público,Problemas ao acessar o servidor da Skyone,2026-06-09,Daniel Joaquim ,Nuvem Cloud,Alta,Resolvido,FORTELINE ESQUADRIAS DE ALUMINIO (Antiga Dynamica 6097),Marcio,Empresa,Terça,2026-06,24
55503,Público,Transferência de departamento - Financeiro,2026-06-09,Daniel Joaquim ,Transferência de Departamento,Alta,Resolvido,VCA ENGENHARIA,"SILVANIA,VCA ENGENHARIA » Engglass contas a pagar",Empresa,Terça,2026-06,24
55515,Público,Atalho do sistema em rede + chat inativo,2026-06-09,Daniel Joaquim ,Instalação,Alta,Resolvido,AMAZON TEMPER,Dyogo Victor,Empresa,Terça,2026-06,24
55516,Público,Migração -  EXTRA GLASS INDUSTRIA (13273),2026-06-09,Daniel Joaquim ,Implantação,Alta,Resolvido,Alumisoft Sistemas,Implantacao,Empresa,Terça,2026-06,24
55505,Interno,transferência de departamento (financeiro),2026-06-09,Patrick Nascimento,Transferência de Departamento,Alta,Resolvido,MS VIDROS E ESQUADRIA DE ALUMINIO,GS,Empresa,Terça,2026-06,24
55511,Público,atualização de todos os materiais MOF do sistema,2026-06-09,Patrick Nascimento,Dúvidas,Alta,Resolvido,TEM ALUMINIO,Caio,Empresa,Terça,2026-06,24
55537,Público,Atualização dos materiais ,2026-06-09,Davi Barros,Dúvidas,Média,Resolvido,MINIMALIST ESQUADRIAS,Kayury Freitas,Empresa,Terça,2026-06,24
55535,Interno,Transferencia - Financeiro,2026-06-09,Davi Barros,Transferência de Departamento,Média,Resolvido,INOVE ESQUADRIAS E VIDROS LTDA,Inove Esquadrias,Empresa,Terça,2026-06,24
55547,Público,Offline message,2026-06-09,Giulia Castanho,Tickets Offline,Média,Resolvido,VCA ENGENHARIA,Engglass contas a pagar,Empresa,Terça,2026-06,24
55559,Interno,Atualização de material OLGA COLOR,2026-06-09,Giulia Castanho,Dúvidas,Alta,Resolvido,ABA,ROBERTO SILVA,Empresa,Terça,2026-06,24
55549,Público,Offline message,2026-06-09,Giulia Castanho,Tickets Offline,Média,Resolvido,ESQUADRIMAXXI ESQUADRIAS DE ALUMINIO,Esquadrimaxxi Orçamento,Empresa,Terça,2026-06,24
55543,Público,Atualização de material da DECAMP,2026-06-09,Giulia Castanho,Dúvidas,Alta,Resolvido,LIDER DA ALTEROSA INDUSTRIAL,Thainá - Dp Técnico,Empresa,Terça,2026-06,24
55539,Público,Dúvida referente a criação de opção de montagem,2026-06-09,Giulia Castanho,Dúvidas,Alta,Resolvido,MARCO TOFFOLI,Maria Eduarda,Empresa,Terça,2026-06,24
55538,Público,Transferencia de departamento - comercial,2026-06-09,Giulia Castanho,Transferência de Departamento,Alta,Resolvido,CLEMENTE ACM &amp  DESIGN,Dyool,Empresa,Terça,2026-06,24
55521,Público,Dúvida referente a aplicabilidade,2026-06-09,Giulia Castanho,Dúvidas,Alta,Resolvido,VIDRAÇARIA ABATE,Letícia/guilherme,Empresa,Terça,2026-06,24
55548,Público,Offline message ,2026-06-09,Giulia Castanho,Tickets Offline,Média,Resolvido,CARLOS HENRIQUE GOMES JUNIOR,Jane,Empresa,Terça,2026-06,24
55545,Público,Offline message,2026-06-09,Giulia Castanho,Tickets Offline,Média,Resolvido,INVICTA INSTALACOES DE VIDROS,Leticia,Empresa,Terça,2026-06,24
55540,Público,Upgrade -  METRU ESQUADRIAS (9269),2026-06-09,Diogo Rodrigues,Implantação,Alta,Resolvido,Alumisoft Sistemas,Implantacao,Empresa,Terça,2026-06,24
55522,Público,Migração -  REALIZA ESQUADRIAS (13746),2026-06-09,Diogo Rodrigues,Implantação,Alta,Resolvido,Alumisoft Sistemas,Implantacao,Empresa,Terça,2026-06,24
55531,Público,Dúvida referente a existência de material MOF,2026-06-09,Gabriel Campos,Dúvidas,Alta,Resolvido,NOVO ALUMINIO,Projetos Sevven,Empresa,Terça,2026-06,24
55530,Público,Dúvida referente a erro gerado no relatório + ativação da alumina ,2026-06-09,Gabriel Campos,Dúvidas,Alta,Resolvido,UNIKA VIDROS E ALUMINIO,Marcio Ricardo,Empresa,Terça,2026-06,24
55519,Público,Personalização de relatórios (Suporte) + erro de calculo ,2026-06-09,Gabriel Campos,Dúvidas,Alta,Resolvido,ALUIM METAIS,Giovana,Empresa,Terça,2026-06,24
55527,Público,Dúvida referente a exportar para o Faktory +,2026-06-09,Gabriel Campos,Dúvidas,Alta,Resolvido,FORTGLASS SOLUCOES EM VIDROS E ESQUADRIAS (ANTIGA 9445),Cláudio José,Atendimento CEM EXCLUSIVE,Terça,2026-06,24
55528,Público,Auto solução,2026-06-09,Gabriel Campos,Chat Inativo,Baixa,Resolvido,ESTRUTURAL ALUMINIOS,Nayara Silveira,Empresa,Terça,2026-06,24
55558,Público,Acesso via remote APP,2026-06-09,Giovana de Miranda,Nuvem Cloud,Alta,Resolvido,VCA ENGENHARIA,Jessica Gomes,Empresa,Terça,2026-06,24
55525,Público,Atualização de build 0322 + atualização de material MOF (Aluminorte),2026-06-09,Daniel Joaquim ,Atualização Versão e Build,Alta,Resolvido,OGB ESQUADRIAS,Vinicius Clemente,Empresa,Terça,2026-06,24
55550,Público,Atualização de material MOF (perfil) + chat inativo,2026-06-09,Daniel Joaquim ,Dúvidas,Alta,Resolvido,ALUTEK ALUMINIO,Raphael Alves,Empresa,Terça,2026-06,24
55529,Público,Dúvida em como criar usuário no CEM,2026-06-09,Daniel Joaquim ,Dúvidas,Alta,Resolvido,VM ESQUADRIAS EM ALUMINIO,Evandelio Tavares,Empresa,Terça,2026-06,24
55534,Público,Auto resolução,2026-06-09,Daniel Joaquim ,Chat Inativo,Baixa,Resolvido,ALUMA,Carine silva,Empresa,Terça,2026-06,24
55557,Público,Envio de tutorial para entendimento do XYZ,2026-06-09,Daniel Joaquim ,Dúvidas,Alta,Resolvido,ESQUADRITEMPER,Luis  Simioni,Empresa,Terça,2026-06,24
55541,Público,Solicitação de liberação de material MOF (CBA),2026-06-09,Daniel Joaquim ,Dúvidas,Alta,Resolvido,CENDRON ESQUADRIAS DE ALUMINIO,Juliano Cendron,Empresa,Terça,2026-06,24
55553,Público,chat inativo,2026-06-09,Patrick Nascimento,Chat Inativo,Baixa,Resolvido,INVICTA INSTALACOES DE VIDROS,Leticia,Empresa,Terça,2026-06,24
55532,Público,Duvida referente a personalização de relatórios,2026-06-09,Patrick Nascimento,Dúvidas,Alta,Resolvido,SUPORTE VIDROS,Mateus Leite,Empresa,Terça,2026-06,24
55544,Público,duvida referente a como usar desenhos técnicos,2026-06-09,Patrick Nascimento,Dúvidas,Alta,Resolvido,ELOGLASS,Eloglass - COMERCIAL,Empresa,Terça,2026-06,24
55551,Público,duvida referente a como utilizar os desenhos técnicos,2026-06-09,Patrick Nascimento,Dúvidas,Alta,Resolvido,ELOGLASS,Eloglass - COMERCIAL,Empresa,Terça,2026-06,24
55526,Público,Duvida referente a personalização de relatórios,2026-06-09,Patrick Nascimento,Dúvidas,Alta,Resolvido,FENIX,Osmar,Empresa,Terça,2026-06,24
55560,Público,duvida referente a como cadastrar um vidro no sistema,2026-06-09,Patrick Nascimento,Dúvidas,Alta,Resolvido,SMART METAL,LUIZ QUADROS,Empresa,Terça,2026-06,24
55542,Público,duvida referente a como cadastrar isopletas ,2026-06-09,Patrick Nascimento,Dúvidas,Alta,Resolvido,PLENITUDE GLASS,Mariano Moraes - Depto Técnico RBG Soluções em Vidro e Alumínio,Empresa,Terça,2026-06,24
55637,Público,Dúvida referente a cadastro de cor,2026-06-10,Giulia Castanho,Dúvidas,Alta,Resolvido,TECHALUMI,Andresa,Empresa,Quarta,2026-06,24
55596,Público,Offline message,2026-06-09,Giulia Castanho,Tickets Offline,Média,Resolvido,ALUMAB ESQUADRIAS DE ALUMINIO,Marcio Nunes,Não classificado,Terça,2026-06,24
55573,Público,Melhoria + personalização de relatório,2026-06-09,Giulia Castanho,Melhorias,Alta,Resolvido,INSTALAR VIDROS (CARVALHO VIDROS(7150)),Carlos Eduardo de Souza Vieira,Empresa,Terça,2026-06,24
55653,Público,Offline messag,2026-06-10,Giulia Castanho,Tickets Offline,Média,Resolvido,SHOPPING DAS ESQUADRIAS,Jackson,Empresa,Quarta,2026-06,24
55586,Público,Solicitação de liberação de material da ALUSHOW,2026-06-09,Giulia Castanho,Dúvidas,Alta,Resolvido,ALUMISAN,alumisan.orcamento@gmail.com,Empresa,Terça,2026-06,24
55629,Público,Dúvida referente a importação,2026-06-10,Giulia Castanho,Dúvidas,Alta,Resolvido,WANIA LIDIANE PEREIRA,Wania,Não classificado,Quarta,2026-06,24
55601,Público,Agendamento de atualização do material BASE,2026-06-10,Giulia Castanho,Dúvidas,Alta,Resolvido,BETA BOX,Adriano Beta,Empresa,Quarta,2026-06,24
55659,Público,Dúvida referente a croqui,2026-06-10,Giulia Castanho,Dúvidas,Alta,Resolvido,BR ALUMINIUM FRAME (ANTIGO 10501),João Vitor Martins,Empresa,Quarta,2026-06,24
55605,Público,Atualização de build para importação de obra,2026-06-10,Giulia Castanho,Atualização Versão e Build,Alta,Resolvido,CONCEITO ALUMINIO,Lucas Marques,Empresa,Quarta,2026-06,24
55591,Público,Agendamento de atualização de build para amanhã as 8hrs,2026-06-09,Giulia Castanho,Dúvidas,Alta,Resolvido,CONCEITO ALUMINIO,Lucas Marques,Empresa,Terça,2026-06,24
55598,Público,Offline message,2026-06-09,Giulia Castanho,Tickets Offline,Média,Resolvido,YAMADA VIDROS E ALUMINIO,Lucas Yamada,Empresa (CEMMOBI),Terça,2026-06,24
55600,Público,Offline message,2026-06-10,Giulia Castanho,Tickets Offline,Média,Resolvido,JCM PORTAS E ESQUADRIAS EM ALUMINIO,Jorge de Santana Rodrigue,Não classificado,Quarta,2026-06,24
55595,Público,Offline message,2026-06-09,Giulia Castanho,Tickets Offline,Média,Resolvido,INOVAR,Orçamento Inovar - Eliane,Empresa,Terça,2026-06,24
55574,Público,Filtro pra deixar só contramarco na obra,2026-06-09,Giulia Castanho,Dúvidas,Alta,Resolvido,ESTILO ENGENHARIA DO ALUMINIO,jacyr freitas,Não classificado,Terça,2026-06,24
55599,Público,Offline message,2026-06-10,Giulia Castanho,Tickets Offline,Média,Resolvido,LITORAL INDUSTRIA E COMERCIO DE ALUMINIOS E VIDROS,Renato Tietz,Empresa (Onboarding),Quarta,2026-06,24
55626,Público,Dúvida referente a existencia de material MOF,2026-06-10,Giulia Castanho,Dúvidas,Alta,Resolvido,ALIANCE ESQUADRIAS,Madson F Oliveira,Empresa,Quarta,2026-06,24
55656,Público,Offline message,2026-06-10,Giulia Castanho,Tickets Offline,Média,Resolvido,GRUPO METAL CORES,Yasmin Carvalho,Empresa,Quarta,2026-06,24
55575,Público,Dúvida referente a precificação de perfis,2026-06-09,Giulia Castanho,Dúvidas,Alta,Resolvido,ESQUADRIMAXXI ESQUADRIAS DE ALUMINIO,Ariana,Empresa,Terça,2026-06,24
55568,Interno,Dúvida referente a formula TAMPEDACO,2026-06-09,Giulia Castanho,Dúvidas,Alta,Resolvido,ALL FORMA SOLUCOES EM ALUMINIO E MADEIRA (ANTIGO 878),BEATRIZ,Empresa,Terça,2026-06,24
55611,Público,Dúvida referente a material desativado,2026-06-10,Giulia Castanho,Dúvidas,Alta,Resolvido,BR ALUMINIUM FRAME (ANTIGO 10501),Kelvin William,Empresa,Quarta,2026-06,24
55625,Público,Transferência de departamento Financeiro,2026-06-10,Diogo Rodrigues,Transferência de Departamento,Alta,Resolvido,SERRALHERIA PORTO SEGURO(CEMMOBI),Serralheria Porto Seguro,Empresa (CEMMOBI),Quarta,2026-06,24
55612,Público,Downgrade -  LADEIRA MARTINS (11841),2026-06-10,Diogo Rodrigues,Implantação,Alta,Resolvido,Alumisoft Sistemas,Implantacao,Empresa,Quarta,2026-06,24
55642,Público,Agendamento de atendimento ao cliente ,2026-06-10,Gabriel Campos,Dúvidas,Alta,Resolvido,ZAKA ALUMINIOS,Lívia Querino,Empresa,Quarta,2026-06,24
55657,Público,Dúvida referente a nome de perfil,2026-06-10,Gabriel Campos,Dúvidas,Alta,Resolvido,COSIBA SERVICOS INDUSTRIAIS,Ariane,Empresa,Quarta,2026-06,24
55650,Público,Erro de lentidão e travamento no sistema ,2026-06-10,Gabriel Campos,Erros,Alta,Resolvido,PADRONIZA SOLUCOES EM VIDROS,geise,Empresa,Quarta,2026-06,24
55607,Público,Dúvida referente a acessar o EGCLOUD - tela travada,2026-06-10,Gabriel Campos,Nuvem Cloud,Alta,Resolvido,ALUMITEK ESQUADRIAS,Renato,Empresa,Quarta,2026-06,24
55613,Público,Dúvida referente a troca de trilho na tipologia + cadastrar imagem no perfil,2026-06-10,Gabriel Campos,Dúvidas,Alta,Resolvido,2 IRMAOS,karen,Empresa,Quarta,2026-06,24
55616,Público,Atualização de versão 0414,2026-06-10,Gabriel Campos,Atualização Versão e Build,Alta,Resolvido,PERSONALIZZA ESQUADRIAS,Djalma C Vaz,Empresa,Quarta,2026-06,24
55571,Público,Agendamento de atualização de versão ,2026-06-09,Gabriel Campos,Dúvidas,Alta,Resolvido,PERSONALIZZA ESQUADRIAS,Djalma C Vaz,Empresa,Terça,2026-06,24
55610,Público,Auto solução ,2026-06-10,Gabriel Campos,Chat Inativo,Baixa,Resolvido,RJ ESQUADRIAS,Micael RJ Esquadrias,Empresa,Quarta,2026-06,24
55572,Interno,Agendamento de atualização de material (Forgatti),2026-06-09,Gabriel Campos,Dúvidas,Alta,Resolvido,IWATA ALUMINIO,thais,Empresa,Terça,2026-06,24
55615,Público,Dúvida referente atualizar material Forgatti,2026-06-10,Gabriel Campos,Dúvidas,Alta,Resolvido,IWATA ALUMINIO,thais,Empresa,Quarta,2026-06,24
55561,Público,Transferencia de departamento - comercial + chat inativo,2026-06-09,Giovana de Miranda,Transferência de Departamento,Alta,Resolvido,GUILES ESQUADRIAS,Joyce Gomes,Empresa,Terça,2026-06,24
55638,Público,Atualização de material da OLGA COLOR,2026-06-10,Giovana de Miranda,Dúvidas,Alta,Resolvido,CIA DO VIDRO,Gabriel Silva,Empresa,Quarta,2026-06,24
55581,Público,Dúvida referente a cadastro de acabamento sem classe id,2026-06-09,Giovana de Miranda,Dúvidas,Alta,Resolvido,ALL FORMA SOLUCOES EM ALUMINIO E MADEIRA (ANTIGO 878),BEATRIZ,Empresa,Terça,2026-06,24
55606,Público,Chat inativo,2026-06-10,Giovana de Miranda,Chat Inativo,Baixa,Resolvido,QUALITY VIDROS E ESQUADRIAS DE ALUMINIO,SANDRO,Empresa,Quarta,2026-06,24
55589,Público,Dúvida referente a hibernação de tela ao gerar erro do cem + nivel de acesso,2026-06-09,Giovana de Miranda,Dúvidas,Alta,Resolvido,VIDRACARIA FKR LTDA,F K R Vidros e Esquadrias,Empresa,Terça,2026-06,24
55623,Público,Dúvida referente a adicionar modelo 3D na tipologia,2026-06-10,Giovana de Miranda,Dúvidas,Alta,Resolvido,FEDERAL BOX & VIDROS,Suellen,Empresa,Quarta,2026-06,24
55649,Público,Personalização de relatórios (proposta custom),2026-06-10,Giovana de Miranda,Dúvidas,Alta,Resolvido,FEDERAL BOX & VIDROS,Suellen,Empresa,Quarta,2026-06,24
55562,Público,Transferencia de departamento - financeiro,2026-06-09,Giovana de Miranda,Transferência de Departamento,Alta,Resolvido,ALUCORP ESQUADRIAS,Antônio,Empresa,Terça,2026-06,24
55587,Público,Dúvida referente a regras de orçamento,2026-06-09,Giovana de Miranda,Dúvidas,Alta,Resolvido,INOVE ESQUADRIAS E VIDROS LTDA,Marcelo Mendes,Empresa,Terça,2026-06,24
55627,Público,Transferência de departamento - ouvidoria + chat inativo,2026-06-10,Giovana de Miranda,Transferência de Departamento,Alta,Resolvido,KEVIN FIORANI,KEVIN FIORANI,Empresa,Quarta,2026-06,24
55580,Público,Dúvida referente a cadastro de classes id para acabamento,2026-06-09,Giovana de Miranda,Dúvidas,Alta,Resolvido,STAL ESQUADRIAS,Aparecido Ganzella,Empresa,Terça,2026-06,24
55631,Público,Dúvida na substituição global de perfil SU202 -> SU102 + chat inativo,2026-06-10,Daniel Joaquim ,Dúvidas,Alta,Resolvido,SUPORTE VIDROS,Mateus Leite,Empresa,Quarta,2026-06,24
55567,Público,Dúvida na existência da linha brisa 25 da Alump,2026-06-09,Daniel Joaquim ,Dúvidas,Alta,Resolvido,MONTALUMI ESQUADRIAS,Montalumi - Orçamentos,Empresa,Terça,2026-06,24
55578,Público,Dúvida na quantidade de esquadrias nas linhas da perfil ,2026-06-09,Daniel Joaquim ,Dúvidas,Alta,Resolvido,SMD SERRALHERIA,Gustavo,Empresa,Terça,2026-06,24
55651,Público,Agendamento de atualização de build 0414 para dia 12/06 às 16h,2026-06-10,Daniel Joaquim ,Dúvidas,Alta,Resolvido,UNIBOX,Marcos,Empresa,Quarta,2026-06,24
55617,Público,Chat inativo,2026-06-10,Daniel Joaquim ,Chat Inativo,Baixa,Resolvido,ESQUADRITEMPER,Samuel Lima,Empresa,Quarta,2026-06,24
55583,Público,Agendamento de atualização de material MOF (CBA),2026-06-09,Daniel Joaquim ,Dúvidas,Alta,Resolvido,CENDRON ESQUADRIAS DE ALUMINIO,Juliano Cendron,Empresa,Terça,2026-06,24
55608,Público,Dúvida referente a entrega do projeto solicitado no dia 28/04,2026-06-10,Daniel Joaquim ,Dúvidas,Alta,Resolvido,CLERBEL,Isabel Basting,Empresa,Quarta,2026-06,24
55658,Público,Dúvida da entrega da tipologia + dúvida na importação,2026-06-10,Daniel Joaquim ,Dúvidas,Alta,Resolvido,JCM PORTAS E ESQUADRIAS EM ALUMINIO,Jorge de Santana Rodrigue,Não classificado,Quarta,2026-06,24
55566,Público,Dúvida no tampedaco,2026-06-09,Daniel Joaquim ,Dúvidas,Alta,Resolvido,ALLPRIME,Iori Castro,Empresa,Terça,2026-06,24
55618,Público,Atalho do sistema em rede,2026-06-10,Daniel Joaquim ,Instalação,Alta,Resolvido,IDEAL ESQUADRIAS DE ALUMINIO,IDEAL ESQUADRIAS,Empresa,Quarta,2026-06,24
55609,Público,Instalação de estrutura separada,2026-06-10,Daniel Joaquim ,Instalação,Alta,Resolvido,GRUPO METAL CORES,Yasmin Carvalho,Empresa,Quarta,2026-06,24
55603,Público,duvida de como lançar um item simplificado,2026-06-10,Patrick Nascimento,Dúvidas,Alta,Resolvido,INOVAR,Orçamento Inovar - Eliane,Empresa,Quarta,2026-06,24
55569,Público,erro de calculo + chat inativo,2026-06-09,Patrick Nascimento,Dúvidas,Alta,Resolvido,INOVAR,Orçamento Inovar - Eliane,Empresa,Terça,2026-06,24
55579,Público,duvida referente a erro de calculo,2026-06-09,Patrick Nascimento,Dúvidas,Alta,Resolvido,INVICTA INSTALACOES DE VIDROS,Leticia,Empresa,Terça,2026-06,24
55604,Público,atualização de todos os materiais MOF do sistema,2026-06-10,Patrick Nascimento,Dúvidas,Alta,Resolvido,TEM ALUMINIO,Caio,Empresa,Quarta,2026-06,24
55630,Público,duvida referente a liberação da linha elegance,2026-06-10,Patrick Nascimento,Dúvidas,Alta,Resolvido,TALENTUS ESQUADRIAS (Antiga 674),Ismael,Empresa,Quarta,2026-06,24
55614,Público,duvida referente ao erro de exportação para o Faktory,2026-06-10,Patrick Nascimento,Dúvidas,Alta,Resolvido,ESQUADRIUM - ESQUADRIAS E VIDROS,Alex,Empresa,Quarta,2026-06,24
55660,Público,impressora Universal printer to PDF não aparece (reiniciado o computador),2026-06-10,Patrick Nascimento,Nuvem Cloud,Alta,Resolvido,NOVA VIDROS,Pedro Henrique,Empresa,Quarta,2026-06,24
55646,Público,duvida referente a como cadastrar um vidro no sistema,2026-06-10,Patrick Nascimento,Dúvidas,Alta,Resolvido,CHB ALUMINIO,Lara,Empresa,Quarta,2026-06,24
55628,Público,chat inativo,2026-06-10,Patrick Nascimento,Chat Inativo,Baixa,Resolvido,CHB ALUMINIO,Lara,Empresa,Quarta,2026-06,24
55577,Público,duvida referente a como realizar o backup do banco de dados,2026-06-09,Patrick Nascimento,Dúvidas,Alta,Resolvido,DURANT FACHADAS E ESQUADRIAS,Marceli,Empresa,Terça,2026-06,24
55669,Público,Erro de edge chromium,2026-06-10,Davi Barros,Erros,Média,Resolvido,SHOPPING DAS ESQUADRIAS,Jackson,Empresa,Quarta,2026-06,24
55751,Público,Offline message,2026-06-11,Giulia Castanho,Tickets Offline,Média,Resolvido,BAREZI,Barezi Vidros e Esquadrias,Empresa,Quinta,2026-06,24
55792,Público,Erro de cálculo,2026-06-11,Giulia Castanho,Dúvidas,Alta,Resolvido,MODUAL ESQUADRIAS E VIDRO,Modual,Empresa,Quinta,2026-06,24
55806,Público,Offline message,2026-06-12,Giulia Castanho,Tickets Offline,Média,Resolvido,VM ESQUADRIAS EM ALUMINIO,Evelyne Martins,Empresa,Sexta,2026-06,24
55708,Público,Offline message,2026-06-10,Giulia Castanho,Tickets Offline,Média,Resolvido,ANGELO S SOLUCOES EM ALUMINIO E VIDROS,Pedro,Empresa,Quarta,2026-06,24
55779,Público,Dúvida referente a ocultar valores unitários,2026-06-11,Giulia Castanho,Dúvidas,Alta,Resolvido,URBAN ESQUADRIAS,Edinei Carloto,Empresa,Quinta,2026-06,24
55769,Público,Dúvida referente a tornar o orçamento em produção,2026-06-11,Giulia Castanho,Dúvidas,Alta,Resolvido,CRISTAL VIDROS CHAPADA,Sandra,Empresa,Quinta,2026-06,24
55748,Público,Offline message,2026-06-11,Giulia Castanho,Tickets Offline,Média,Resolvido,DMETAL ESQUADRIAS DE ALUMINIO (ANTIGO 10257),Fernando,Empresa,Quinta,2026-06,24
55762,Público,Dúvida referente a desativar cor,2026-06-11,Giulia Castanho,Dúvidas,Alta,Resolvido,ESQUADRA SERRALHERIA,Kleiton,Empresa,Quinta,2026-06,24
55679,Público,Atualização de material DECAMP e ALLPRIME,2026-06-10,Giulia Castanho,Dúvidas,Alta,Resolvido,UNITEC SERRALHERIA,Ana Bueno,Empresa,Quarta,2026-06,24
55790,Público,Dúvida referente a atualização de material,2026-06-11,Giulia Castanho,Dúvidas,Alta,Resolvido,ALUCORP ESQUADRIAS,Antônio,Empresa,Quinta,2026-06,24
55733,Público,Erro de build ( correção na próxima versão que sair de mercado ),2026-06-11,Giulia Castanho,Melhorias,Alta,Resolvido,CNN INOX,JULIANE,Empresa,Quinta,2026-06,24
55836,Público,Acesso via Remote app,2026-06-12,Giulia Castanho,Nuvem Cloud,Alta,Resolvido,BRUBOX ALUMINIO E VIDRO (ANTIGO 896),Bruno Munhoz Soares,Empresa,Sexta,2026-06,24
55818,Público,Acesso via REMOTE APP,2026-06-12,Giulia Castanho,Nuvem Cloud,Alta,Resolvido,MOLDURENSE VIDROS,Anderson Lopes,Empresa,Sexta,2026-06,24
55746,Público,Mensagem offline,2026-06-11,Giulia Castanho,Tickets Offline,Média,Resolvido,ALUC,Alex,Empresa,Quinta,2026-06,24
55717,Público,dúvida referente a cadastro de cor,2026-06-11,Giulia Castanho,Dúvidas,Alta,Resolvido,CHB ALUMINIO,Lara,Empresa,Quinta,2026-06,24
55749,Público,Offline message,2026-06-11,Giulia Castanho,Tickets Offline,Média,Resolvido,VIDROBOX,J.Messias - TI,Empresa,Quinta,2026-06,24
55789,Público,Dúvida referente a cadastro de vidro,2026-06-11,Giulia Castanho,Dúvidas,Alta,Resolvido,MARCO TOFFOLI,Maria Eduarda,Empresa,Quinta,2026-06,24
55812,Público,Acesso via Remote app,2026-06-12,Giulia Castanho,Nuvem Cloud,Alta,Resolvido,ESQUADRIUM - ESQUADRIAS E VIDROS,Robson Oliveira,Empresa,Sexta,2026-06,24
55808,Público,Offline message,2026-06-12,Giulia Castanho,Tickets Offline,Média,Resolvido,ESQUADRIUM - ESQUADRIAS E VIDROS,Robson Oliveira,Empresa,Sexta,2026-06,24
55682,Público,Dúvida referente a cadastro de vidro,2026-06-10,Giulia Castanho,Dúvidas,Alta,Resolvido,FASTDOOR PORTAS AUTOMATICAS,Thaís Freitas,Não classificado,Quarta,2026-06,24
55710,Público,Offline message,2026-06-11,Giulia Castanho,Tickets Offline,Média,Resolvido,ALUCENTRO CENTRAL DE ALUMINIO,Daniel/ Lourenço Esquadrias,Empresa,Quinta,2026-06,24
55820,Público,Acesso via REMOTE APP,2026-06-12,Giulia Castanho,Nuvem Cloud,Alta,Resolvido,ENGEPRO INDUSTRIA E COMERCIO DE ESQUADRIAS LTDA,Carlos Klein,Não classificado,Sexta,2026-06,24
55741,Público,Dúvida referente a importação de arquivos + ( irá chamar amanhã para personalização de etiqueta ),2026-06-11,Giulia Castanho,Nuvem Cloud,Alta,Resolvido,MONTALUMI ESQUADRIAS,Montalumi - Orçamentos,Empresa,Quinta,2026-06,24
55747,Público,Offline message,2026-06-11,Giulia Castanho,Tickets Offline,Média,Resolvido,TEMPER MASTER,Temper Master,Empresa,Quinta,2026-06,24
55807,Público,Offline message,2026-06-12,Giulia Castanho,Tickets Offline,Média,Resolvido,ESQUADRIUM - ESQUADRIAS E VIDROS,Junior,Empresa,Sexta,2026-06,24
55761,Público,Dúvida referente a cor de perfil + chat inativo,2026-06-11,Giulia Castanho,Dúvidas,Alta,Resolvido,M T ALUMINIOS,Luiz Claudio,Empresa,Quinta,2026-06,24
55803,Público,Offline message,2026-06-11,Giulia Castanho,Tickets Offline,Média,Resolvido,ESTILO ENGENHARIA DO ALUMINIO,jacyr freitas,Não classificado,Quinta,2026-06,24
55722,Público,dúvida referente  importação de arquivos no cloud,2026-06-11,Giulia Castanho,Nuvem Cloud,Alta,Resolvido,ESTILO ENGENHARIA DO ALUMINIO,jacyr freitas,Não classificado,Quinta,2026-06,24
55750,Público,Offline message,2026-06-11,Giulia Castanho,Tickets Offline,Média,Resolvido,METRU ESQUADRIAS EM ALUMINIO E VIDROS,Vivian Nunes,Empresa,Quinta,2026-06,24
55711,Público,Mensagem offline,2026-06-11,Giulia Castanho,Tickets Offline,Média,Resolvido,VIDROBONI,Gabriela,Empresa,Quinta,2026-06,24
55809,Público,Offline message,2026-06-12,Giulia Castanho,Tickets Offline,Média,Resolvido,METALUMINIO,Juju ??,Empresa,Sexta,2026-06,24
55712,Público,Offline message,2026-06-11,Giulia Castanho,Tickets Offline,Média,Resolvido,LIBRIAN,Orçamentos Larissa Costa,Não classificado,Quinta,2026-06,24
55728,Público,Envio de relatórios + chat inativo,2026-06-11,Giulia Castanho,Dúvidas,Alta,Resolvido,LIBRIAN,Orçamentos Larissa Costa,Não classificado,Quinta,2026-06,24
55802,Público,Offline message,2026-06-11,Giulia Castanho,Tickets Offline,Média,Resolvido,NOVA FER,ADM - Grupo Novafer,Empresa,Quinta,2026-06,24
55833,Público,Chat inativo,2026-06-12,Diogo Rodrigues,Chat Inativo,Baixa,Resolvido,AMAZON TEMPER,estevan,Não classificado,Sexta,2026-06,24
55831,Público,Duvida referente a conexão do EGCLOUD + Atualização de versão para 0322,2026-06-12,Diogo Rodrigues,Atualização Versão e Build,Alta,Resolvido,ALUMIX (11203),Pablo Costa,Empresa,Sexta,2026-06,24
55726,Interno,ATENDIMENTO GLASSTEX,2026-06-11,Pazzis Gamboa,Dúvidas,Baixa,Resolvido,GLASSTEX,,Empresa (Mercosul),Quinta,2026-06,24
55830,Público,Dúvida referente a acessa o EGCLOUD (travamento) + cadastro de vidro,2026-06-12,Gabriel Campos,Dúvidas,Alta,Resolvido,MARCO TOFFOLI,Maria Eduarda,Empresa,Sexta,2026-06,24
55758,Público,Dúvida referente a desativar usuário + chat inativo,2026-06-11,Gabriel Campos,Dúvidas,Alta,Resolvido,VIDROBOX,J.Messias - TI,Empresa,Quinta,2026-06,24
55672,Público,Atualização de material MOF (Forgatti),2026-06-10,Gabriel Campos,Dúvidas,Alta,Resolvido,IWATA ALUMINIO,Rogeria,Empresa,Quarta,2026-06,24
55800,Público,Agendamento de atendimento ao cliente ,2026-06-11,Gabriel Campos,Dúvidas,Alta,Resolvido,ALUVIN,RAFAEL CASAMAYOR LAVEZZO,Empresa,Quinta,2026-06,24
55775,Público,Dúvida referente a importar material ,2026-06-11,Gabriel Campos,Dúvidas,Alta,Resolvido,ALOX ALUMINIUM,Dilma Abreu,Empresa,Quinta,2026-06,24
55666,Público,Transferência de departamento - Comercial,2026-06-10,Gabriel Campos,Transferência de Departamento,Alta,Resolvido,REINVENTA REPRESENTACOES,Tiago Santos,Empresa,Quarta,2026-06,24
55770,Público,Dúvida referente a trocar logotipo,2026-06-11,Gabriel Campos,Dúvidas,Alta,Resolvido,CIA DO ALUMINIO,Gilberto Gabriel Tadielo Pruni,Empresa,Quinta,2026-06,24
55720,Público,Reinstalação de sistema + mapeamento em rede,2026-06-11,Gabriel Campos,Instalação,Alta,Resolvido,ALUMEN ESQUADRIAS DE ALUMINIO,Greice,Empresa,Quinta,2026-06,24
55700,Público,Agendamento de reinstalação de sistema ,2026-06-10,Gabriel Campos,Dúvidas,Alta,Resolvido,ALUMEN ESQUADRIAS DE ALUMINIO,Greice,Empresa,Quarta,2026-06,24
55716,Público,Atualização de material MOF (Alushow),2026-06-11,Gabriel Campos,Dúvidas,Alta,Resolvido,ALUMISAN,alumisan.orcamento@gmail.com,Empresa,Quinta,2026-06,24
55730,Público,Dúvida referente a importar tipologia (Alcont),2026-06-11,Gabriel Campos,Dúvidas,Alta,Resolvido,PACHELE,Luis,Empresa,Quinta,2026-06,24
55705,Público,Agendamento de atendimento ao cliente ,2026-06-10,Gabriel Campos,Dúvidas,Alta,Resolvido,PACHELE,Luis,Empresa,Quarta,2026-06,24
55664,Público,Lentidão no sistema ,2026-06-10,Gabriel Campos,Erros,Alta,Resolvido,PACHELE,Luis,Empresa,Quarta,2026-06,24
55795,Público,Agendamento de atendimento ao cliente ,2026-06-11,Gabriel Campos,Dúvidas,Alta,Resolvido,VIVA COMUNICAÇÃO,Roberta,Empresa,Quinta,2026-06,24
55814,Público,Atualização de versão 0414,2026-06-12,Gabriel Campos,Atualização Versão e Build,Alta,Resolvido,METALUMINIO,Juju ??,Empresa,Sexta,2026-06,24
55702,Público,Dúvida referente a precificar componentes ,2026-06-10,Gabriel Campos,Dúvidas,Alta,Resolvido,METAL LAR,Paulo Lopes,Empresa,Quarta,2026-06,24
55687,Público,Dúvida referente cadastro de silicone ,2026-06-10,Gabriel Campos,Dúvidas,Alta,Resolvido,METAL LAR,Paulo Lopes,Empresa,Quarta,2026-06,24
55671,Público,Atualização de material MOF (Forgatti),2026-06-10,Gabriel Campos,Dúvidas,Alta,Resolvido,IWATA ALUMINIO,thais,Empresa,Quarta,2026-06,24
55684,Público,Chat inativo,2026-06-10,Gabriel Campos,Chat Inativo,Baixa,Resolvido,PRESENTE CONSTRUTORA E AMBIENTES PLANEJADOS,Jorlan Presente Esquadrias,Empresa,Quarta,2026-06,24
55815,Público,Dúvida referente de ocultar valores unitários na proposta ,2026-06-12,Gabriel Campos,Dúvidas,Alta,Resolvido,ESTILO ENGENHARIA DO ALUMINIO,jacyr freitas,Não classificado,Sexta,2026-06,24
55793,Público,Dúvida referente a filtra cálculo apenas de contramarco ,2026-06-11,Gabriel Campos,Dúvidas,Alta,Resolvido,ESTILO ENGENHARIA DO ALUMINIO,jacyr freitas,Não classificado,Quinta,2026-06,24
55678,Público,Dúvida referente a trocar vidros na obra ,2026-06-10,Gabriel Campos,Dúvidas,Alta,Resolvido,JCM PORTAS E ESQUADRIAS EM ALUMINIO,JCM PORTAS,Não classificado,Quarta,2026-06,24
55829,Público,Dúvida referente a acessar EGCLOUD (Travamento),2026-06-12,Gabriel Campos,Nuvem Cloud,Alta,Resolvido,VCA ENGENHARIA,Jessica Gomes,Empresa,Sexta,2026-06,24
55832,Público,Dúvida referente a acessar EGCLOUD (Travamento),2026-06-12,Gabriel Campos,Nuvem Cloud,Alta,Resolvido,TEMPER MASTER,Temper Master,Empresa,Sexta,2026-06,24
55736,Público,Atualizar licenças,2026-06-11,Gabriel Campos,Dúvidas,Alta,Resolvido,ZAKA ALUMINIOS,Lívia Querino,Empresa,Quinta,2026-06,24
55787,Público,Salvar relatórios no CLOUD,2026-06-11,Giovana de Miranda,Nuvem Cloud,Alta,Resolvido,SMART METAL,LUIZ QUADROS,Empresa,Quinta,2026-06,24
55699,Público,Dúvida referente à modificação de condição em esquadria do cliente,2026-06-10,Giovana de Miranda,Dúvidas,Alta,Resolvido,WS ESQUADRIAS,Vivian Sáes,Empresa,Quarta,2026-06,24
55754,Público,Transferencia de departamento - Comercial + chat inativo,2026-06-11,Giovana de Miranda,Transferência de Departamento,Alta,Resolvido,SMD SERRALHERIA,Gustavo,Empresa,Quinta,2026-06,24
55729,Público,Personalização de relatorios ,2026-06-11,Giovana de Miranda,Dúvidas,Alta,Resolvido,GRUPO VAX (ANTIGO 6687),Marcelle | Federal Esquadrias,Não classificado,Quinta,2026-06,24
55759,Público,Dúvida referente a manutenção de tipologia,2026-06-11,Giovana de Miranda,Dúvidas,Alta,Resolvido,SHOPPING DAS ESQUADRIAS,Luis,Empresa,Quinta,2026-06,24
55721,Público,Transferencia de departamento - comercial,2026-06-11,Giovana de Miranda,Transferência de Departamento,Alta,Resolvido,ESQUADRIMAXXI ESQUADRIAS DE ALUMINIO,Ariana,Empresa,Quinta,2026-06,24
55768,Público,Erro de tela sobreposta,2026-06-11,Giovana de Miranda,Erros,Alta,Resolvido,URBAN ESQUADRIAS,Edinei Carloto,Empresa,Quinta,2026-06,24
55667,Público,Dúvida referente a cadastrar barra especial ,2026-06-10,Giovana de Miranda,Dúvidas,Alta,Resolvido,INSTALAR VIDROS (CARVALHO VIDROS(7150)),Gruber,Empresa,Quarta,2026-06,24
55701,Público,Dúvida referente à emitir relatórios,2026-06-10,Giovana de Miranda,Dúvidas,Alta,Resolvido,ALUTEC DF,Tiago - Gerente Técnico,Empresa,Quarta,2026-06,24
55827,Público,Dúvida referente a filtrar busca de obras por usuario,2026-06-12,Giovana de Miranda,Dúvidas,Alta,Resolvido,ALUCORP ESQUADRIAS,Antônio,Empresa,Sexta,2026-06,24
55778,Público,Personalização de relatorios feito pelo suporte,2026-06-11,Giovana de Miranda,Dúvidas,Alta,Resolvido,VIDROMAX,Jenifer,Empresa,Quinta,2026-06,24
55839,Público,Acesso via remote app,2026-06-12,Giovana de Miranda,Nuvem Cloud,Alta,Resolvido,VIDROMAX,Jenifer,Empresa,Sexta,2026-06,24
55753,Público,Dúvida referente a remover perfis especiais da obra,2026-06-11,Giovana de Miranda,Dúvidas,Alta,Resolvido,BAREZI,Barezi Vidros e Esquadrias,Empresa,Quinta,2026-06,24
55765,Público,Chat inativo,2026-06-11,Giovana de Miranda,Chat Inativo,Baixa,Resolvido,FINNEZE ALUMINIO,Tone Filho,Empresa,Quinta,2026-06,24
55797,Público,Agendamento de atendimento ao cliente,2026-06-11,Giovana de Miranda,Dúvidas,Alta,Resolvido,FINNEZE ALUMINIO,Tone Filho,Empresa,Quinta,2026-06,24
55828,Público,Personalização de relatórios feito pelo suporte,2026-06-12,Giovana de Miranda,Dúvidas,Alta,Resolvido,SUPER VETRO - QUALIDADE SUPERIOR EM VIDROS,Samuel Thomas,Empresa,Sexta,2026-06,24
55718,Público,Dúvida referente a imprimir projeto no desenhador,2026-06-11,Giovana de Miranda,Dúvidas,Alta,Resolvido,BAREZI,Barezi Vidros e Esquadrias,Empresa,Quinta,2026-06,24
55819,Público,Acesso via remote app,2026-06-12,Giovana de Miranda,Nuvem Cloud,Alta,Resolvido,DELLO ESQUADRIAS DE ALUMINIO,Erik Vidal,Empresa,Sexta,2026-06,24
55796,Público,Dúvida referente a reposta do SKYONE,2026-06-11,Giovana de Miranda,Dúvidas,Alta,Resolvido,E-TEC  INDUSTRIA E C,Arthur,Empresa,Quinta,2026-06,24
55771,Público,Chat inativo,2026-06-11,Giovana de Miranda,Chat Inativo,Baixa,Resolvido,E-TEC  INDUSTRIA E C,Stephanie,Empresa,Quinta,2026-06,24
55734,Público,Agendamento de atualização de build (SKYONE),2026-06-11,Giovana de Miranda,Dúvidas,Alta,Resolvido,E-TEC  INDUSTRIA E C,Stephanie,Empresa,Quinta,2026-06,24
55688,Público,Chat inativo - chamou sem querer,2026-06-10,Daniel Joaquim ,Chat Inativo,Baixa,Resolvido,OLGA COLOR,Lucas Randon,Empresa,Quarta,2026-06,24
55822,Público,Atualização de build 0213 > 0322 + agendamento de atualização para 0414,2026-06-12,Daniel Joaquim ,Atualização Versão e Build,Alta,Resolvido,UNIBOX,Marcos,Empresa,Sexta,2026-06,24
55662,Público,Dúvida sobre melhoria de exportação ao faktory (aparecer o nome do usuário que exportou),2026-06-10,Daniel Joaquim ,Melhorias,Alta,Resolvido,UNIBOX,Marcos,Empresa,Quarta,2026-06,24
55715,Público,Reiniciar firebird do Skyone,2026-06-11,Daniel Joaquim ,Nuvem Cloud,Urgente,Resolvido,ALUCENTRO CENTRAL DE ALUMINIO,Daniel/ Lourenço Esquadrias,Empresa,Quinta,2026-06,24
55835,Público,Dúvida na emissão de relatórios,2026-06-12,Daniel Joaquim ,Dúvidas,Alta,Resolvido,KP ENGENHARIA (ANTIGO 8386),edsongalv,Empresa,Sexta,2026-06,24
55740,Público,Transferência de departamento - Comercial,2026-06-11,Daniel Joaquim ,Transferência de Departamento,Alta,Resolvido,VIDRATTA,Felipe Abreu,Empresa,Quinta,2026-06,24
55694,Público,Dúvida em como salvar arquivos e imprimir arquivos diretamente,2026-06-10,Daniel Joaquim ,Nuvem Cloud,Alta,Resolvido,PADRONIZA SOLUCOES EM VIDROS,geise,Empresa,Quarta,2026-06,24
55703,Público,Chat inativo,2026-06-10,Daniel Joaquim ,Chat Inativo,Baixa,Resolvido,RV ALUMINIUM,Kauã,Empresa,Quarta,2026-06,24
55782,Público,Chat inativo,2026-06-11,Daniel Joaquim ,Chat Inativo,Baixa,Resolvido,ALLUPRO PROJETO ALUMINIO,Ronan Bonfante,Empresa,Quinta,2026-06,24
55663,Público,Atualização de build 0918 -> 0322 + atualização de material MOF (CBA),2026-06-10,Daniel Joaquim ,Dúvidas,Alta,Resolvido,CENDRON ESQUADRIAS DE ALUMINIO,Juliano Cendron,Empresa,Quarta,2026-06,24
55724,Público,Transferência de departamento - Financeiro,2026-06-11,Daniel Joaquim ,Transferência de Departamento,Alta,Resolvido,TALENTUS ESQUADRIAS (Antiga 674),Ismael,Empresa,Quinta,2026-06,24
55813,Público,Chat inativo - vai chamar novamente para ver nível de acesso,2026-06-12,Daniel Joaquim ,Chat Inativo,Baixa,Resolvido,VM ESQUADRIAS EM ALUMINIO,Evelyne Martins,Empresa,Sexta,2026-06,24
55697,Público,Dúvida em como montar um orçamento somente com os CM,2026-06-10,Daniel Joaquim ,Dúvidas,Alta,Resolvido,TARGET CONSTRUCOES,Michele,Empresa,Quarta,2026-06,24
55785,Público,Dúvida referente a reinstalação do sistema + chat inativo ,2026-06-11,Daniel Joaquim ,Dúvidas,Baixa,Resolvido,VIDROMIX,Mix vidros e esquadrias,Empresa,Quinta,2026-06,24
55755,Público,Troca de software de ONE para SmartCEM,2026-06-11,Daniel Joaquim ,Instalação,Alta,Resolvido,METRU ESQUADRIAS EM ALUMINIO E VIDROS,"Metru,METRU ESQUADRIAS EM ALUMINIO E VIDROS » Vivian Nunes",Empresa,Quinta,2026-06,24
55719,Público,Dúvida na importação de tipologia,2026-06-11,Daniel Joaquim ,Dúvidas,Alta,Resolvido,SAM VIDROS,Felipe Couto,Empresa,Quinta,2026-06,24
55676,Público,Dúvida em como alterar a otimização de corte,2026-06-10,Daniel Joaquim ,Dúvidas,Alta,Resolvido,ALLPRIME,REINALDO,Empresa,Quarta,2026-06,24
55763,Público,Agendamento de instalação do sistema + chat inativo,2026-06-11,Daniel Joaquim ,Dúvidas,Alta,Resolvido,LITORAL INDUSTRIA E COMERCIO DE ALUMINIOS E VIDROS,Renato Tietz,Empresa (Onboarding),Quinta,2026-06,24
55837,Público,Instalação de base zerada,2026-06-12,Daniel Joaquim ,Instalação,Alta,Resolvido,LITORAL INDUSTRIA E COMERCIO DE ALUMINIOS E VIDROS,Renato Tietz,Empresa (Onboarding),Sexta,2026-06,24
55731,Público,Liberar licença + instalação de estrutura separada,2026-06-11,Daniel Joaquim ,Instalação,Alta,Resolvido,LUMIERE ESQUADRIAS,Rogério,Empresa,Quinta,2026-06,24
55677,Público,Transferência de departamento - Faktory,2026-06-10,Daniel Joaquim ,Transferência de Departamento,Alta,Resolvido,ALUMINOW ESQUADRIAS,Alexandre,Empresa,Quarta,2026-06,24
55683,Público,Atualização de build 0120 > 0322,2026-06-10,Daniel Joaquim ,Atualização Versão e Build,Alta,Resolvido,FINESTRA & CIA,Finestra Esquadrias de Alumínio,Não classificado,Quarta,2026-06,24
55840,Público,Dúvida em como cadastrar empresa para exportação ao Faktory,2026-06-12,Daniel Joaquim ,Dúvidas,Alta,Resolvido,WX ESQUADRIAS,Pollyana,Empresa,Sexta,2026-06,24
55670,Público,Agendamento de atualização de versão do CEM,2026-06-10,Daniel Joaquim ,Dúvidas,Alta,Resolvido,METALUMINIO,Juju ??,Empresa,Quarta,2026-06,24
55774,Público,Configuração da impressora print to pdf,2026-06-11,Daniel Joaquim ,Nuvem Cloud,Alta,Resolvido,LIBRIAN,Orçamentos Larissa Costa,Não classificado,Quinta,2026-06,24
55784,Público,chat inativo,2026-06-11,Patrick Nascimento,Chat Inativo,Baixa,Resolvido,NOVA FER,ADM - Grupo Novafer,Empresa,Quinta,2026-06,24
55801,Interno,chat inativo,2026-06-11,Patrick Nascimento,Chat Inativo,Baixa,Resolvido,NOVA FER,ADM - Grupo Novafer,Empresa,Quinta,2026-06,24
55756,Público,chat inativo,2026-06-11,Patrick Nascimento,Chat Inativo,Baixa,Resolvido,VIDROBONI,Gabriela,Empresa,Quinta,2026-06,24
55691,Interno,agendamento de reinstalação do sistema,2026-06-10,Patrick Nascimento,Dúvidas,Alta,Resolvido,VIDRO & CIA,Gilberto Alves,Empresa,Quarta,2026-06,24
55834,Público,Erro ao acessar o EGCLOUD via remoteApp (atualizado o remoteApp),2026-06-12,Patrick Nascimento,Nuvem Cloud,Alta,Resolvido,SUPREMA ESQUADRIAS,Eduardo Sobral,Não classificado,Sexta,2026-06,24
55786,Público,duvida referente ao calculo de custo dos vidros dentro do orçamento,2026-06-11,Patrick Nascimento,Dúvidas,Alta,Resolvido,AKY VIDROS &amp  PVC LTDA,Felipe Sousa,Não classificado,Quinta,2026-06,24
55732,Público,duvida referente a qual a fonte padrão usada nos relatórios + chat inativo,2026-06-11,Patrick Nascimento,Dúvidas,Alta,Resolvido,SUPORTE VIDROS,Mateus Leite,Empresa,Quinta,2026-06,24
55823,Público,chat inativo,2026-06-12,Patrick Nascimento,Chat Inativo,Baixa,Resolvido,M T ALUMINIOS,Luiz Claudio,Empresa,Sexta,2026-06,24
55742,Público,duvida referente a mensagem de erro de calculo dos perfis especiais,2026-06-11,Patrick Nascimento,Dúvidas,Alta,Resolvido,PRISSMA VIDROS,Prissma Esquadria,Empresa,Quinta,2026-06,24
55824,Público,Erro de acesso ao EGCLOUD via remoteApp (atualizado o remoteApp),2026-06-12,Patrick Nascimento,Nuvem Cloud,Alta,Resolvido,ALOX ALUMINIUM,Reidner Alox Aluminium,Empresa,Sexta,2026-06,24
55713,Público,duvida referente a linha EUROSLIM que não aparece no sistema,2026-06-11,Patrick Nascimento,Dúvidas,Alta,Resolvido,ANGELO S SOLUCOES EM ALUMINIO E VIDROS,Pedro,Empresa,Quinta,2026-06,24
55673,Público,duvida referente a medida de perfil extra dentro da obra,2026-06-10,Patrick Nascimento,Dúvidas,Alta,Resolvido,INSTALAR VIDROS (CARVALHO VIDROS(7150)),Gruber,Empresa,Quarta,2026-06,24
55723,Público,atualização de todos os materiais MOF do sistema,2026-06-11,Patrick Nascimento,Dúvidas,Alta,Resolvido,TEM ALUMINIO,Caio,Empresa,Quinta,2026-06,24
55817,Público,Erro de acesso ao EGCLOUD via remoteApp (atualizado o remoteApp),2026-06-12,Patrick Nascimento,Nuvem Cloud,Alta,Resolvido,ALOX ALUMINIUM,GRAZIELE,Empresa,Sexta,2026-06,24
55685,Público,duvida referente ao cadastro de vidros dentro da obra,2026-06-10,Patrick Nascimento,Dúvidas,Alta,Resolvido,ALLUPRO PROJETO ALUMINIO,Ronan Bonfante,Empresa,Quarta,2026-06,24
55744,Público,duvida referente a como alterar o logotipo da proposta comercial,2026-06-11,Patrick Nascimento,Dúvidas,Alta,Resolvido,CIA DO ALUMINIO,Gilberto Gabriel Tadielo Pruni,Empresa,Quinta,2026-06,24
55767,Público,Atualização de material MOF (PERFIL ALUMINIO/ROTO FERMAX),2026-06-11,Patrick Nascimento,Dúvidas,Alta,Resolvido,EUNIX ALUMINIO,Maurício Berto,Empresa,Quinta,2026-06,24
55816,Público,Erro de acesso ao EGCLOUD via remoteApp (atualizado o remoteApp),2026-06-12,Patrick Nascimento,Nuvem Cloud,Alta,Resolvido,ALOX ALUMINIUM,Dilma Abreu,Empresa,Sexta,2026-06,24
55841,Público,solicitação de criação de regra,2026-06-12,Patrick Nascimento,Dúvidas,Alta,Resolvido,LINE ESQUADRIAS(ANTIGO 10952),Diretoria Line Esquadrias,Empresa,Sexta,2026-06,24
55891,Público,Atualização da versão 3.6.0213 > 3.6.0322,2026-06-12,Davi Barros,Atualização Versão e Build,Média,Resolvido,Preference Mercosur,Daniel Silva - Técnico Preference,Empresa,Sexta,2026-06,24
56202,Público,Duvidas referente a cadastrar cliente,2026-06-18,Davi Barros,Dúvidas,Baixa,Resolvido,SIRAL,F C,Empresa,Quinta,2026-06,25
55929,Público,Offline message,2026-06-13,Giulia Castanho,Tickets Offline,Média,Resolvido,ESQUADRICENTER,Esquadricenter,Empresa,Sábado,2026-06,24
56070,Público,Instabilidade no sistema,2026-06-16,Giulia Castanho,Erros,Alta,Resolvido,VAL AÇO PWJ,Matheus,Atendimento CEM EXCLUSIVE,Terça,2026-06,25
56041,Público,Transferência de departamento- faktory,2026-06-16,Giulia Castanho,Transferência de Departamento,Alta,Resolvido,VAL AÇO PWJ,Matheus,Atendimento CEM EXCLUSIVE,Terça,2026-06,25
55854,Público,Acesso via REMOTE APP,2026-06-12,Giulia Castanho,Nuvem Cloud,Alta,Resolvido,3G ALUMINIO,Carlos Eduardo de Souza,Empresa,Sexta,2026-06,24
55876,Público,Offline message,2026-06-12,Giulia Castanho,Tickets Offline,Média,Resolvido,CIA DO VIDRO,Mickael,Empresa,Sexta,2026-06,24
55964,Público,Offline message,2026-06-15,Giulia Castanho,Tickets Offline,Média,Resolvido,OLI ESQUADRIAS,Rafa Cris,Não classificado,Segunda,2026-06,25
55890,Público,Dúvida referente a custo de orçamento,2026-06-12,Giulia Castanho,Dúvidas,Alta,Finalizado,M T ALUMINIOS,"Luiz Claudio,Alumisoft Sistemas » Suporte Técnico » Giulia Castanho",Empresa,Sexta,2026-06,24
55965,Público,Offline message,2026-06-15,Giulia Castanho,Tickets Offline,Média,Resolvido,FUTURAL ALUMINIO,Futura Esquadrias de Alumínio,Empresa,Segunda,2026-06,25
55974,Público,Envio de documento para criação de tipologia,2026-06-15,Giulia Castanho,Dúvidas,Alta,Resolvido,FUTURAL ALUMINIO,Futura Esquadrias de Alumínio,Empresa,Segunda,2026-06,25
55933,Público,Atualização de build 0414,2026-06-15,Giulia Castanho,Atualização Versão e Build,Alta,Resolvido,UNIBOX,Marcos,Empresa,Segunda,2026-06,25
55907,Público,Acesso via REMOTE APP,2026-06-12,Giulia Castanho,Nuvem Cloud,Alta,Resolvido,ESQUADRIUM - ESQUADRIAS E VIDROS,Bruno - Esquadrium,Empresa,Sexta,2026-06,24
56013,Público,Offline message,2026-06-16,Giulia Castanho,Tickets Offline,Média,Resolvido,LOUGUESS,Louguess Projetos,Empresa,Terça,2026-06,25
56186,Público,Dúvida referente a cadastro de usuário + chat inativo,2026-06-17,Giulia Castanho,Dúvidas,Alta,Resolvido,AMAZON TEMPER,Dyogo Victor,Empresa,Quarta,2026-06,25
55939,Público,Instalação de atalho em rede,2026-06-15,Giulia Castanho,Instalação,Alta,Resolvido,DURANT FACHADAS E ESQUADRIAS,Marceli,Empresa,Segunda,2026-06,25
56189,Público,Dúvida referente a banco ,2026-06-17,Giulia Castanho,Instalação,Alta,Resolvido,KP ENGENHARIA (ANTIGO 8386),,Empresa,Quarta,2026-06,25
55986,Público,Dúvida referente a precificação de componente,2026-06-15,Giulia Castanho,Dúvidas,Alta,Resolvido,COSIBA SERVICOS INDUSTRIAIS,Ariane,Empresa,Segunda,2026-06,25
56131,Público,Dúvida referente a cadastro de acabamento,2026-06-17,Giulia Castanho,Dúvidas,Alta,Resolvido,ESQUADRIUM - ESQUADRIAS E VIDROS,Matheus Alves - Consultor Esquadrium,Empresa,Quarta,2026-06,25
55967,Público,Offline message,2026-06-15,Giulia Castanho,Tickets Offline,Média,Resolvido,ESQUADRITEMPER,Marcos,Empresa,Segunda,2026-06,25
56007,Público,Erro de tela sobreposta,2026-06-15,Giulia Castanho,Erros,Alta,Resolvido,PERFIL,PERFIL - ES | Adson,Empresa,Segunda,2026-06,25
56110,Público,Offline message,2026-06-17,Giulia Castanho,Tickets Offline,Média,Resolvido,UNIQUE,Andressa Lima - Projetos e Orçamentos,Empresa,Quarta,2026-06,25
56111,Público,Dúvida referente a habilitar estoque ,2026-06-17,Giulia Castanho,Dúvidas,Alta,Resolvido,FUTURAL ALUMINIO,Sistema Cem,Empresa,Quarta,2026-06,25
55979,Público,Hugo Gabriel - Atendimento CEM,2026-06-15,Giulia Castanho,Transferência de Departamento,Alta,Resolvido,AMAZON TEMPER,Hugo Gabriel,Não classificado,Segunda,2026-06,25
56014,Público,Instalação de atalho em rede,2026-06-16,Giulia Castanho,Instalação,Alta,Resolvido,ESQUADSYSTEM ESQUADRIAS DE ALUMINIO (ANTIGO 9845),Estevan EsquadSystem,Não classificado,Terça,2026-06,25
56090,Público,Envio de documento para criação de tipologia,2026-06-16,Giulia Castanho,Dúvidas,Alta,Resolvido,JEL (ANTIGA SEJAL 9926),Michele Morais,Empresa,Terça,2026-06,25
56159,Público,Offline message,2026-06-17,Giulia Castanho,Tickets Offline,Média,Resolvido,AMAZON TEMPER,Rayan,Não classificado,Quarta,2026-06,25
56107,Público,Offline message,2026-06-16,Giulia Castanho,Tickets Offline,Média,Resolvido,REVISAR,André Luiz,Empresa,Terça,2026-06,25
56104,Público,Agendamento de atendimento para amanhã ,2026-06-16,Giulia Castanho,Dúvidas,Alta,Resolvido,REVISAR,André Luiz,Empresa,Terça,2026-06,25
56115,Público,Dúvida referente a linha desativada,2026-06-17,Giulia Castanho,Dúvidas,Alta,Resolvido,REVISAR,André Luiz,Empresa,Quarta,2026-06,25
56010,Público,Offline message,2026-06-15,Giulia Castanho,Tickets Offline,Média,Resolvido,VIDEVIDROS,Sara Trindade,Empresa,Segunda,2026-06,25
55923,Público,Agendamento pra atualização de material + versão para segunda,2026-06-12,Giulia Castanho,Dúvidas,Alta,Resolvido,ALUMICOM,Drayton,Empresa,Sexta,2026-06,24
56152,Público,transferência de departamento - relatórios personalizados,2026-06-17,Giulia Castanho,Transferência de Departamento,Alta,Resolvido,FORTGLASS SOLUCOES EM VIDROS E ESQUADRIAS (ANTIGA 9445),Cláudio José,Atendimento CEM EXCLUSIVE,Quarta,2026-06,25
55966,Público,Offline message,2026-06-15,Giulia Castanho,Tickets Offline,Média,Resolvido,VIDROMAX,Jenifer,Empresa,Segunda,2026-06,25
56030,Público,Dúvida referente a precificação em massa,2026-06-16,Giulia Castanho,Dúvidas,Alta,Resolvido,UMUVIDROS,Alexandre UmuVidros,Empresa,Terça,2026-06,25
56024,Público,Dúvida referente a substituição global + chat inativo,2026-06-16,Giulia Castanho,Dúvidas,Alta,Resolvido,HIPERVIDRO,Guilherme,Empresa,Terça,2026-06,25
55956,Público,Reinstalação de sistema,2026-06-15,Giulia Castanho,Instalação,Alta,Resolvido,ESFERAS ESQUADRIAS LTDA (ANTIGO 11111),Bruno,Empresa,Segunda,2026-06,25
56084,Público,Dúvida referente a esquadria pré-filtrada,2026-06-16,Giulia Castanho,Dúvidas,Alta,Resolvido,DOMINIC ESQUADRIAS,Clodoaldo Oliveira,Empresa,Terça,2026-06,25
56160,Público,Offline message,2026-06-17,Giulia Castanho,Tickets Offline,Média,Resolvido,ALUMITEX ESQUADRIAS,Dayane de Carvalho,Empresa,Quarta,2026-06,25
56036,Público,Dúvida referente a perfis especiais,2026-06-16,Giulia Castanho,Dúvidas,Alta,Resolvido,UNITY COMERCIO ESQUADRIAS DE ALUMINIO,Aline,Empresa,Terça,2026-06,25
55941,Público,Atualização de material da HYDRO,2026-06-15,Giulia Castanho,Dúvidas,Alta,Resolvido,MMC ESQUADRIAS DE ALUMINIO,MMC Esquadrias - Merlym,Empresa,Segunda,2026-06,25
56124,Público,Dúvida referente a salva arquivos no CLOUD,2026-06-17,Giulia Castanho,Nuvem Cloud,Alta,Resolvido,RAPIDAO VIDROS (ANTIGO 7255),,Empresa,Quarta,2026-06,25
56012,Público,Offline message,2026-06-16,Giulia Castanho,Tickets Offline,Média,Resolvido,ESQUAD GOLD,Giovani,Empresa,Terça,2026-06,25
55845,Público,Bruno Munhoz Soares - BRUBOX ALUMINIO E VIDRO (ANTIGO 896),2026-06-12,Giulia Castanho,Chat Inativo,Baixa,Resolvido,BRUBOX ALUMINIO E VIDRO (ANTIGO 896),Bruno Munhoz Soares,Empresa,Sexta,2026-06,24
56049,Público,Solicitação de material MOF,2026-06-16,Giulia Castanho,Dúvidas,Alta,Resolvido,FOPPA ESQUADRIAS,Bruna - Foppa Esquadrias De Alumínio,Empresa,Terça,2026-06,25
56039,Público,Dúvida referente a salvar arquivos no  servidor,2026-06-16,Giulia Castanho,Nuvem Cloud,Alta,Resolvido,WANIA LIDIANE PEREIRA,Wania,Não classificado,Terça,2026-06,25
55880,Público,Instalação de atalho em rede,2026-06-12,Giulia Castanho,Instalação,Alta,Resolvido,VIDRO LAR ITAUNA,Ana Vitoria Leroy,Empresa,Sexta,2026-06,24
55878,Público,Offline message,2026-06-12,Giulia Castanho,Tickets Offline,Média,Resolvido,VIDRO LAR ITAUNA,Ana Vitoria Leroy,Empresa,Sexta,2026-06,24
56120,Público,Instalação de atalho em rede,2026-06-17,Giulia Castanho,Instalação,Alta,Resolvido,ANA ESQUADRIAS,Start Link - Técnicos,Empresa,Quarta,2026-06,25
56086,Público,Dúvida referente a observação do relatório,2026-06-16,Giulia Castanho,Dúvidas,Alta,Resolvido,VIDROS & DECORACOES VITRINE(DELPHI & CEMMOBI),Guilherme,Empresa,Terça,2026-06,25
56075,Público,Dúvida referente a observação no relatório,2026-06-16,Giulia Castanho,Dúvidas,Alta,Resolvido,VIDROS & DECORACOES VITRINE(DELPHI & CEMMOBI),Guilherme,Empresa,Terça,2026-06,25
56133,Público,Dúvida referente a ordem de medição,2026-06-17,Giulia Castanho,Dúvidas,Alta,Resolvido,SCHWANCK ESQUADRIAS DE PVC,Sinara Santos,Empresa,Quarta,2026-06,25
56031,Público,Dúvida referente a precificação em massa dos vidros,2026-06-16,Giulia Castanho,Dúvidas,Alta,Resolvido,RV ALUMINIUM,Kauã,Empresa,Terça,2026-06,25
55869,Público,Vai chamar a tarde,2026-06-12,Giulia Castanho,Dúvidas,Alta,Resolvido,FRITZEN ESQUADRIAS,Fritzen Esquadrias,Empresa,Sexta,2026-06,24
56054,Público,Atualização de versão + material ,2026-06-16,Giulia Castanho,Atualização Versão e Build,Alta,Resolvido,MOREIRA ESQUADRIAS,Lucas,Empresa,Terça,2026-06,25
56061,Público,Transferência de departamento- faktory,2026-06-16,Giulia Castanho,Transferência de Departamento,Alta,Resolvido,VIDRAÇARIA ABATE,LETICIA,Empresa,Terça,2026-06,25
56171,Público,Dúvida referente a precificação de perfis,2026-06-17,Giulia Castanho,Dúvidas,Alta,Resolvido,VIDRO SERVICE,Luciene,Empresa,Quarta,2026-06,25
56201,Público,Offline message - Aluvetro Esquadrias,2026-06-18,Giulia Castanho,Tickets Offline,Alta,Resolvido,ALUVETRO ESQUADRIAS,Aluvetro Esquadrias,Empresa,Quinta,2026-06,25
56109,Público,Offline message,2026-06-17,Giulia Castanho,Tickets Offline,Média,Resolvido,ALUVETRO ESQUADRIAS,Aluvetro Esquadrias,Empresa,Quarta,2026-06,25
56158,Público,Offline message,2026-06-17,Giulia Castanho,Tickets Offline,Média,Resolvido,V VILAR,Victor Vilar,Não classificado,Quarta,2026-06,25
55942,Público,Dúvida referente a backup,2026-06-15,Giulia Castanho,Instalação,Alta,Resolvido,NOVA GERAÇÃO ESQUADRIAS,João Paulo,Empresa,Segunda,2026-06,25
56163,Público,Dúvida referente a cadastrar linha no SYNC,2026-06-17,Giulia Castanho,Dúvidas,Alta,Resolvido,MARCO TOFFOLI,Maria Eduarda,Empresa,Quarta,2026-06,25
56141,Público,Instabilidade TSPLUS,2026-06-17,Giulia Castanho,Nuvem Cloud,Alta,Resolvido,MARCO TOFFOLI,Maria Eduarda,Empresa,Quarta,2026-06,25
55989,Público,Erro ao tentar emitir XYZ geral,2026-06-15,Giulia Castanho,Melhorias,Alta,Resolvido,KP ENGENHARIA (ANTIGO 8386),edsongalv,Empresa,Segunda,2026-06,25
55918,Público,Dúvida referente a integração com o faktory,2026-06-12,Giulia Castanho,Dúvidas,Alta,Resolvido,KP ENGENHARIA (ANTIGO 8386),edsongalv,Empresa,Sexta,2026-06,24
55883,Público,Dúvida referente a estoque técnico,2026-06-12,Giulia Castanho,Dúvidas,Alta,Resolvido,KP ENGENHARIA (ANTIGO 8386),edsongalv,Empresa,Sexta,2026-06,24
56071,Público,Dúvida referente a integração com o faktory,2026-06-16,Giulia Castanho,Dúvidas,Alta,Resolvido,KP ENGENHARIA (ANTIGO 8386),edsongalv,Empresa,Terça,2026-06,25
56192,Público,Cadastro de kit,2026-06-17,Yasmin Oliveira,Dúvidas,Alta,Resolvido,DALUMINIO ESQUADRIAS E VIDRACARIA,Evny Sendeski,Empresa (Onboarding),Quarta,2026-06,25
56207,Público,Chat inativo,2026-06-18,Diogo Rodrigues,Chat Inativo,Baixa,Resolvido,VAL AÇO PWJ,Rafaela Martins,Atendimento CEM EXCLUSIVE,Quinta,2026-06,25
55976,Público,Chat inativo,2026-06-15,Diogo Rodrigues,Chat Inativo,Baixa,Resolvido,TOP GLASS(CEMMOBI),Larissa,Empresa (CEMMOBI),Segunda,2026-06,25
56172,Público,CEM MOBI - Upgrade - 62.818.347 LUCAS BATISTA DE SOUSA (13759),2026-06-17,Diogo Rodrigues,Transferência de Departamento,Baixa,Resolvido,Alumisoft Sistemas,Implantacao,Empresa,Quarta,2026-06,25
55973,Público,Downgrade -  FIRMATO (6735),2026-06-15,Diogo Rodrigues,Implantação,Alta,Resolvido,Alumisoft Sistemas,Implantacao,Empresa,Segunda,2026-06,25
56203,Público,Atualização de versão para 3.6.25.0322,2026-06-18,Diogo Rodrigues,Atualização Versão e Build,Alta,Resolvido,ALUVETRO ESQUADRIAS,Aluvetro Esquadrias,Empresa,Quinta,2026-06,25
56210,Público,Erro de conexão com o servidor,2026-06-18,Diogo Rodrigues,Erros,Alta,Resolvido,TADANO ESQUADRIAS,Gustavo Tadano,Empresa,Quinta,2026-06,25
55887,Público,Auto solução ,2026-06-12,Gabriel Campos,Chat Inativo,Baixa,Resolvido,PRODAL,Prodal Esquadrias,Empresa,Sexta,2026-06,24
55924,Público,Dúvida referente a importar cadastro,2026-06-12,Gabriel Campos,Dúvidas,Alta,Resolvido,JONAS DE SOUZA COSTA,Jonas,Empresa,Sexta,2026-06,24
55925,Público,Dúvida referente a importar cadastro,2026-06-12,Gabriel Campos,Dúvidas,Alta,Resolvido,ESQUADRITEMPER,Samuel Lima,Empresa,Sexta,2026-06,24
55848,Público,Chat inativo,2026-06-12,Gabriel Campos,Chat Inativo,Baixa,Resolvido,INSTALAR VIDROS (CARVALHO VIDROS(7150)),Carlos Eduardo de Souza Vieira,Empresa,Sexta,2026-06,24
55915,Público,Dúvida referente a emissão de relatório,2026-06-12,Gabriel Campos,Dúvidas,Alta,Resolvido,ALUVIN,Julio Cesar Gomes,Empresa,Sexta,2026-06,24
55849,Público,Erro de comunicação com o servidor + dúvida referente a troca de servidor,2026-06-12,Gabriel Campos,Erros,Alta,Resolvido,PERSONALIZZA ESQUADRIAS,Djalma C Vaz,Empresa,Sexta,2026-06,24
55888,Público,Dúvida referente a cadastra tipologia + etapas não aparecendo na aba de perfis especiais + solicitação de personalização de relatório,2026-06-12,Gabriel Campos,Dúvidas,Alta,Resolvido,HENRIQUE PEREIRA RODRIGUES BENTO,HENRIQUE BENTO,Empresa,Sexta,2026-06,24
55892,Público,Dúvida referente a cadastrar variáveis ,2026-06-12,Gabriel Campos,Dúvidas,Alta,Resolvido,EMBRAED,Daniel,Empresa,Sexta,2026-06,24
55889,Público,Dúvida referente a acessa o EGCLOUD (travamento) ,2026-06-12,Gabriel Campos,Dúvidas,Alta,Resolvido,3G ALUMINIO,Carlos Eduardo de Souza,Empresa,Sexta,2026-06,24
55863,Interno,Dúvida referente a integrar com o Faktory,2026-06-12,Gabriel Campos,Dúvidas,Alta,Resolvido,VIDRO BOX (MS - TRÊS LAGOAS),THAYNARA VITORIA MALHEIROS,Empresa,Sexta,2026-06,24
56105,Público,Dúvida referente à altear logotipo,2026-06-16,Giovana de Miranda,Dúvidas,Alta,Resolvido,CIA DO VIDRO,Gabriel Silva,Empresa,Terça,2026-06,25
56080,Público,Configuração de impressora universal,2026-06-16,Giovana de Miranda,Nuvem Cloud,Alta,Resolvido,ALUMIVIDROS (ATUAL 591),Humberto,Empresa,Terça,2026-06,25
55909,Público,Acesso via remote app,2026-06-12,Giovana de Miranda,Nuvem Cloud,Alta,Resolvido,ESQUADRIUM - ESQUADRIAS E VIDROS,Junior,Empresa,Sexta,2026-06,24
56057,Público,Atualização de versão,2026-06-16,Giovana de Miranda,Atualização Versão e Build,Alta,Resolvido,ESQUADRIUM - ESQUADRIAS E VIDROS,Junior,Empresa,Terça,2026-06,25
56101,Público,Dúvida referente a configuração do windows,2026-06-16,Giovana de Miranda,Instalação,Alta,Resolvido,WALLGLASS,Sérgio Gregório,Empresa,Terça,2026-06,25
56001,Público,Atalho do sistema em rede,2026-06-15,Giovana de Miranda,Instalação,Alta,Resolvido,PRISCILA MENDES MORAIS,Priscila,Empresa,Segunda,2026-06,25
55931,Público,Dúvida referente a calculo de itens,2026-06-15,Giovana de Miranda,Dúvidas,Alta,Resolvido,INOVAR,Orçamento Inovar - Eliane,Empresa,Segunda,2026-06,25
56118,Público,Auto resolução,2026-06-17,Giovana de Miranda,Chat Inativo,Baixa,Resolvido,LOJA DO VIDRO PIRACICABA,Flávio Projetos,Empresa,Quarta,2026-06,25
55904,Público,Transferencia de departamento - Produtos + chat inativo,2026-06-12,Giovana de Miranda,Transferência de Departamento,Alta,Resolvido,SUPREMA ESQUADRIAS,Eduardo Sobral,Não classificado,Sexta,2026-06,24
56015,Público,Atalho do sistema em rede,2026-06-16,Giovana de Miranda,Instalação,Alta,Resolvido,DURANT FACHADAS E ESQUADRIAS,Marceli,Empresa,Terça,2026-06,25
56026,Público,Atualização de build da 0120 para 0322 + editar elementos construtivos ,2026-06-16,Giovana de Miranda,Atualização Versão e Build,Alta,Resolvido,LOUGUESS,Louguess Projetos,Empresa,Terça,2026-06,25
56018,Público,Atalho do sistema em rede,2026-06-16,Giovana de Miranda,Instalação,Alta,Resolvido,LOUGUESS,Louguess Projetos,Empresa,Terça,2026-06,25
56048,Interno,Melhoria - Listar e salvar os croquis do desenhador dentro da tipologia especial,2026-06-16,Giovana de Miranda,Melhorias,Alta,Novo,LOUGUESS,Louguess Projetos,Empresa,Terça,2026-06,25
56205,Público,Dúvida referente a cadastrar croqui,2026-06-18,Giovana de Miranda,Dúvidas,Alta,Resolvido,TEMPERCAMPOS,Jessica,Empresa,Quinta,2026-06,25
55859,Público,Dúvida referente a atalho para carregar modificação de projetista (MOF),2026-06-12,Giovana de Miranda,Dúvidas,Alta,Resolvido,DELLO ESQUADRIAS DE ALUMINIO,ALUMINORTE » Jonathan Meira,Empresa,Sexta,2026-06,24
56136,Público,Transferencia de departamento - Faktory,2026-06-17,Giovana de Miranda,Transferência de Departamento,Alta,Resolvido,CRJ ESQUADRIAS DE ALUMINIO (ANTIGO 1215),Isabella,Empresa,Quarta,2026-06,25
55945,Público,Dúvida referente a data de verificação de liberação de sistema,2026-06-15,Giovana de Miranda,Dúvidas,Alta,Resolvido,EASB (ALFRAME),Rodrigo,Empresa,Segunda,2026-06,25
56099,Público,Agendamento de atualização de build,2026-06-16,Giovana de Miranda,Dúvidas,Alta,Resolvido,ALUVETRO ESQUADRIAS,Aluvetro Esquadrias,Empresa,Terça,2026-06,25
56113,Público,Agendamento de atualização de build,2026-06-17,Giovana de Miranda,Dúvidas,Alta,Resolvido,ALUVETRO ESQUADRIAS,Aluvetro Esquadrias,Empresa,Quarta,2026-06,25
56056,Público,Atalho do sistema em rede,2026-06-16,Giovana de Miranda,Instalação,Alta,Resolvido,WALLGLASS,Maurício - Esquadrilife,Empresa,Terça,2026-06,25
56128,Público,Reiniciar banco,2026-06-17,Giovana de Miranda,Instalação,Alta,Resolvido,WALLGLASS,Maurício - Esquadrilife,Empresa,Quarta,2026-06,25
55852,Público,Atualização de build da 0213 para 0322,2026-06-12,Giovana de Miranda,Atualização Versão e Build,Alta,Resolvido,E-TEC  INDUSTRIA E C,Arthur,Empresa,Sexta,2026-06,24
56042,Público,Dúvida referente a existência de material MOF,2026-06-16,Giovana de Miranda,Dúvidas,Alta,Resolvido,ALUMFER ALUMINIOS E FERRAGENS,Alexandre,Empresa,Terça,2026-06,25
55898,Público,Acesso via Remote app,2026-06-12,Giovana de Miranda,Nuvem Cloud,Alta,Resolvido,ESQUADRIUM - ESQUADRIAS E VIDROS,Robson Oliveira,Empresa,Sexta,2026-06,24
55900,Público,Acesso via remote app,2026-06-12,Giovana de Miranda,Nuvem Cloud,Alta,Resolvido,ESQUADRIUM - ESQUADRIAS E VIDROS,Alex,Empresa,Sexta,2026-06,24
56096,Público,Limpeza de banco para liberar espaço no CLOUD,2026-06-16,Giovana de Miranda,Nuvem Cloud,Alta,Resolvido,ANGELO S SOLUCOES EM ALUMINIO E VIDROS,José Geraldo,Empresa,Terça,2026-06,25
56125,Público,Dúvida referente a Backup,2026-06-17,Giovana de Miranda,Instalação,Alta,Resolvido,PERSONALIZZA ESQUADRIAS,Djalma C Vaz,Empresa,Quarta,2026-06,25
55962,Público,Dúvida referente a cadastro de acabamento + atualização de build da 0120 para 0322 + chat inativo,2026-06-15,Giovana de Miranda,Dúvidas,Alta,Resolvido,BSA ESQUADRIAS,Thalita Moraes,Empresa,Segunda,2026-06,25
56094,Público,Dúvida referente a formula TAMPEDACO + chat inativo,2026-06-16,Giovana de Miranda,Dúvidas,Alta,Resolvido,URBAN ESQUADRIAS,Edinei Carloto,Empresa,Terça,2026-06,25
55862,Público,Atualização de build da 0213 para 0322,2026-06-12,Giovana de Miranda,Atualização Versão e Build,Alta,Resolvido,FERMAX,Anderson Mota,Empresa,Sexta,2026-06,24
55937,Público,Dúvida referente a emissão de relatorio + chat inativo,2026-06-15,Giovana de Miranda,Dúvidas,Alta,Resolvido,FORTGLASS SOLUCOES EM VIDROS E ESQUADRIAS (ANTIGA 9445),Cláudio José,Atendimento CEM EXCLUSIVE,Segunda,2026-06,25
55975,Público,Transferência de departamento - relatórios personalizados,2026-06-15,Giovana de Miranda,Transferência de Departamento,Alta,Resolvido,FORTGLASS SOLUCOES EM VIDROS E ESQUADRIAS (ANTIGA 9445),Cláudio José,Atendimento CEM EXCLUSIVE,Segunda,2026-06,25
55995,Público,Dúvida referente a emissão de relatorios,2026-06-15,Giovana de Miranda,Dúvidas,Alta,Resolvido,FORTGLASS SOLUCOES EM VIDROS E ESQUADRIAS (ANTIGA 9445),Cláudio José,Atendimento CEM EXCLUSIVE,Segunda,2026-06,25
56132,Público,Adicionar atalhos do sistema no egcloud ,2026-06-17,Giovana de Miranda,Nuvem Cloud,Alta,Resolvido,MAGOSIL ESQUADRIAS METALICAS,Homero Gouveia,Empresa,Quarta,2026-06,25
56144,Público,Personalização de proposta Rorcam14,2026-06-17,Giovana de Miranda,Dúvidas,Alta,Resolvido,ESQUADRIAS ROMA,Thalita,Empresa,Quarta,2026-06,25
56151,Público,Dúvida referente a edição de elementos construtivos,2026-06-17,Giovana de Miranda,Dúvidas,Alta,Resolvido,WANIA LIDIANE PEREIRA,Wania,Não classificado,Quarta,2026-06,25
55910,Público,Transferencia de departamento - PI (criação de tipologias ROTO FERMAX),2026-06-12,Giovana de Miranda,Transferência de Departamento,Alta,Resolvido,EUNIX ALUMINIO,Maurício Berto,Empresa,Sexta,2026-06,24
55894,Público,Erro de registro de sistema,2026-06-12,Giovana de Miranda,Erros,Alta,Resolvido,LINEA PRIME ESQUADRIAS DE ALUMINIO,CRISTINA MAGALHAES FREIRE BRITO,Empresa,Sexta,2026-06,24
56063,Público,Dúvida na emissão de relatórios,2026-06-16,Daniel Joaquim ,Dúvidas,Alta,Resolvido,RTT ESQUADRIAS DE ALUMINIO,Renata,Empresa,Terça,2026-06,25
55860,Público,Dúvida referente a reinstalação do CEM + chat inativo,2026-06-12,Daniel Joaquim ,Dúvidas,Alta,Resolvido,METRICA ESQUADRIAS (Antiga 610 METRICA),Kleber Carvalho,Empresa,Sexta,2026-06,24
56089,Público,Instalação de um novo serial ,2026-06-16,Daniel Joaquim ,Instalação,Alta,Resolvido,METRICA ESQUADRIAS (Antiga 610 METRICA),Kleber Carvalho,Empresa,Terça,2026-06,25
55886,Público,Dúvidas no uso do Desenhador + dúvida referente a criação de tipologia (condição e opção de montagem),2026-06-12,Daniel Joaquim ,Dúvidas,Alta,Resolvido,RADEFE ESQUADRIAS DE ALUMINIO,Osni Souza,Empresa,Sexta,2026-06,24
56208,Público,Reinstalação do MSTSC para uso do RemoteApp,2026-06-18,Daniel Joaquim ,Nuvem Cloud,Alta,Resolvido,RAPIDAO VIDROS (ANTIGO 7255),José Cláudio,Empresa,Quinta,2026-06,25
55851,Público,Chat inativo,2026-06-12,Daniel Joaquim ,Chat Inativo,Baixa,Resolvido,PROVIDRO INDUSTRIA E COMERCIO DE VIDROS,Wagner,Empresa,Sexta,2026-06,24
55893,Público,Dúvida referente a troca de software e upgrade de licenças,2026-06-12,Daniel Joaquim ,Dúvidas,Baixa,Resolvido,VM ESQUADRIAS EM ALUMINIO,Evelyne Martins,Empresa,Sexta,2026-06,24
55935,Público,Dúvida no cadastro de acabamento/cor,2026-06-15,Daniel Joaquim ,Dúvidas,Alta,Resolvido,ALUMITEK ESQUADRIAS,Vitória,Empresa,Segunda,2026-06,25
56069,Público,Erro de verificação de licença - Atualização do extranet,2026-06-16,Daniel Joaquim ,Erros,Alta,Resolvido,ALOX ALUMINIUM,GRAZIELE,Empresa,Terça,2026-06,25
56083,Público,Atualização de material MOF (aluminorte),2026-06-16,Daniel Joaquim ,Dúvidas,Alta,Resolvido,ALTO PADRAO (ANTIGO 10177),Orçamentos - Alto Padrão Fachadas e Esquadrias,Empresa,Terça,2026-06,25
55857,Público,Problemas ao acessar o CEM,2026-06-12,Daniel Joaquim ,Nuvem Cloud,Alta,Resolvido,ANGELO S SOLUCOES EM ALUMINIO E VIDROS,José Geraldo,Empresa,Sexta,2026-06,24
55991,Público,Agendamento para migração do CEM + dúvida referente a migração do sistema para a nuvem,2026-06-15,Daniel Joaquim ,Dúvidas,Alta,Resolvido,EXTRA GLASS,Eduardo Benini,Empresa,Segunda,2026-06,25
56025,Público,Migração do local para o cloud,2026-06-16,Daniel Joaquim ,Instalação,Alta,Resolvido,EXTRA GLASS,Eduardo Benini,Empresa,Terça,2026-06,25
56178,Público,Chat inativo,2026-06-17,Daniel Joaquim ,Chat Inativo,Baixa,Resolvido,ATENUA SOM,Marcos Projeto,Empresa,Quarta,2026-06,25
56206,Público,Atalho do sistema em rede - dúvida no aviso de segurança ,2026-06-18,Daniel Joaquim ,Instalação,Alta,Resolvido,IRMAOS CRUZ ALUMINIO,J-aluminio Cruz,Empresa,Quinta,2026-06,25
55870,Público,Lic automático,2026-06-12,Daniel Joaquim ,Erros,Alta,Resolvido,ALUSILVA,Evaldo Soares,Empresa,Sexta,2026-06,24
56195,Público,Dúvida em como ativar perfis,2026-06-17,Daniel Joaquim ,Dúvidas,Alta,Resolvido,EM VIDROS,Setor de compras Em Vidros,Empresa,Quarta,2026-06,25
56135,Público,Agendamento de migração do CEM da nuvem para o local + chat inativo,2026-06-17,Daniel Joaquim ,Dúvidas,Alta,Resolvido,SUPER VETRO - QUALIDADE SUPERIOR EM VIDROS,Samuel Thomas,Empresa,Quarta,2026-06,25
56038,Público,Dúvida em como copiar de uma obra para outra,2026-06-16,Daniel Joaquim ,Dúvidas,Alta,Resolvido,DURANT FACHADAS E ESQUADRIAS,Marceli,Empresa,Terça,2026-06,25
56114,Público,Atalho do sistema em rede,2026-06-17,Daniel Joaquim ,Instalação,Alta,Resolvido,DURANT FACHADAS E ESQUADRIAS,Marceli,Empresa,Quarta,2026-06,25
56035,Público,Upgrade -  METRICA ESQUADRIAS (9636),2026-06-16,Daniel Joaquim ,Implantação,Alta,Resolvido,Alumisoft Sistemas,Implantacao,Empresa,Terça,2026-06,25
56008,Público,Implantação + treinamento -  JLC CONSTRUTORA (13766),2026-06-15,Daniel Joaquim ,Implantação,Alta,Resolvido,Alumisoft Sistemas,Implantacao,Empresa,Segunda,2026-06,25
55908,Público,Downgrade -  VM ESQUADRIAS EM ALUMINIO (10116),2026-06-12,Daniel Joaquim ,Implantação,Alta,Resolvido,Alumisoft Sistemas,Implantacao,Empresa,Sexta,2026-06,24
56197,Público,Migração -  CDE INDUSTRIA DE VIDROS (13710),2026-06-17,Daniel Joaquim ,Implantação,Alta,Resolvido,Alumisoft Sistemas,Implantacao,Empresa,Quarta,2026-06,25
56199,Público,Migração -  JLC CONSTRUTORA (13766),2026-06-17,Daniel Joaquim ,Implantação,Alta,Resolvido,Alumisoft Sistemas,Implantacao,Empresa,Quarta,2026-06,25
56087,Público,Migração -  SUPER VETRO (10769),2026-06-16,Daniel Joaquim ,Implantação,Alta,Resolvido,Alumisoft Sistemas,Implantacao,Empresa,Terça,2026-06,25
56138,Público,Problemas com a publicação das pastas ,2026-06-17,Daniel Joaquim ,Nuvem Cloud,Alta,Resolvido,3G ALUMINIO,Carlos Eduardo de Souza,Empresa,Quarta,2026-06,25
56193,Público,Dúvida diversas referente a instalação do CEM,2026-06-17,Daniel Joaquim ,Dúvidas,Alta,Resolvido,JOIA ALUMINIO E VIDRO,Evandro Pena,Empresa,Quarta,2026-06,25
55957,Público,Chat inativo,2026-06-15,Daniel Joaquim ,Chat Inativo,Baixa,Resolvido,M T ALUMINIOS,Luiz Claudio,Empresa,Segunda,2026-06,25
56175,Público,Atualização de material MOF (todos) - falta alguns ,2026-06-17,Daniel Joaquim ,Dúvidas,Alta,Resolvido,P.A ESQUADRIAS DE ALUMINIO,GUSTAVO,Não classificado,Quarta,2026-06,25
56190,Público,Dúvida em como gerar orçamento + dúvida sobre como alterar as observações gerais,2026-06-17,Daniel Joaquim ,Dúvidas,Alta,Resolvido,SIRAL,F C,Empresa,Quarta,2026-06,25
56100,Público,Agendamento de instalação para 17/06/2026 às 10h,2026-06-16,Daniel Joaquim ,Dúvidas,Alta,Resolvido,Jeovani Lindenmayr Couto,,Não classificado,Terça,2026-06,25
56130,Público,Transferência de departamento - Comercial ,2026-06-17,Daniel Joaquim ,Transferência de Departamento,Alta,Resolvido,JLC CONSTRUTORA,Jeovani Lindenmayr Couto,Empresa (Onboarding),Quarta,2026-06,25
55994,Público,Reinstalação do sistema,2026-06-15,Daniel Joaquim ,Instalação,Alta,Resolvido,VIDRO & CIA,"Gilberto Alves,VIDRO & CIA » Vidro & Cia Esquadrias de Alumínio",Empresa,Segunda,2026-06,25
55879,Público,Chat inativo,2026-06-12,Daniel Joaquim ,Chat Inativo,Baixa,Resolvido,INOVAR,Orçamento Inovar - Eliane,Empresa,Sexta,2026-06,24
56006,Público,Chat inativo,2026-06-15,Daniel Joaquim ,Chat Inativo,Baixa,Resolvido,SUPLEMA,Setor Técnico Suplema,Empresa,Segunda,2026-06,25
55993,Público,Chat inativo,2026-06-15,Daniel Joaquim ,Chat Inativo,Baixa,Resolvido,SUPLEMA,Setor Técnico Suplema,Empresa,Segunda,2026-06,25
56091,Público,Ativação do estoque técnico do CEM,2026-06-16,Daniel Joaquim ,Dúvidas,Alta,Resolvido,METRU ESQUADRIAS EM ALUMINIO E VIDROS,Yago,Empresa,Terça,2026-06,25
55901,Público,Atalho do sistema em rede,2026-06-12,Daniel Joaquim ,Instalação,Alta,Resolvido,METRU ESQUADRIAS EM ALUMINIO E VIDROS,"Yago,METRU ESQUADRIAS EM ALUMINIO E VIDROS » Vivian Nunes",Empresa,Sexta,2026-06,24
56067,Público,Erro de verificação de licença - Atualização do extranet,2026-06-16,Daniel Joaquim ,Erros,Alta,Resolvido,INOVE ESQUADRIAS E VIDROS LTDA,Inove Esquadrias,Empresa,Terça,2026-06,25
55919,Interno,duvida referente a emissão de relatório de listagem dos itens do orçamentos,2026-06-12,Patrick Nascimento,Dúvidas,Alta,Resolvido,CNN INOX,Felipe Ribeiro,Empresa,Sexta,2026-06,24
56027,Interno,duvida referente a como realizar o backup do banco de dados,2026-06-16,Patrick Nascimento,Dúvidas,Alta,Resolvido,ESQUADRIMAXXI ESQUADRIAS DE ALUMINIO,Ariana,Empresa,Terça,2026-06,25
56116,Público,duvida referente a atualização da tabela orientativa de componentes,2026-06-17,Patrick Nascimento,Dúvidas,Alta,Resolvido,ESQUADRIMAXXI ESQUADRIAS DE ALUMINIO,Ariana,Empresa,Quarta,2026-06,25
56077,Público,duvida referente a atualização da tabela orientativa de componentes,2026-06-16,Patrick Nascimento,Dúvidas,Alta,Resolvido,ESQUADRIMAXXI ESQUADRIAS DE ALUMINIO,Ariana,Empresa,Terça,2026-06,25
56161,Público,duvida referente a atualização da tabela orientativa de componentes,2026-06-17,Patrick Nascimento,Dúvidas,Alta,Resolvido,ESQUADRIMAXXI ESQUADRIAS DE ALUMINIO,Ariana,Empresa,Quarta,2026-06,25
56209,Público,Duvida referente a personalização de relatórios,2026-06-18,Patrick Nascimento,Dúvidas,Alta,Resolvido,UNICA ESQUADRIAS DE ALUMINIO,Fagner,Empresa,Quinta,2026-06,25
56180,Público,duvida referente aos filtros no relatório de proposta comercial ,2026-06-17,Patrick Nascimento,Dúvidas,Alta,Resolvido,A. M. GLASS ESQUADRIAS E FACHADAS (ANTIGO 10474),Mateus Siqueira,Empresa,Quarta,2026-06,25
55970,Público,duvida referente ao preço de um item no orçamento,2026-06-15,Patrick Nascimento,Dúvidas,Alta,Resolvido,M T ALUMINIOS,Luiz Claudio,Empresa,Segunda,2026-06,25
56058,Público,chat inativo,2026-06-16,Patrick Nascimento,Chat Inativo,Baixa,Resolvido,JCM PORTAS E ESQUADRIAS EM ALUMINIO,JCM PORTAS,Não classificado,Terça,2026-06,25
56078,Público,duvida referente a como modificar as opções de montagem + chat inativo,2026-06-16,Patrick Nascimento,Dúvidas,Alta,Resolvido,JCM PORTAS E ESQUADRIAS EM ALUMINIO,JCM PORTAS,Não classificado,Terça,2026-06,25
56073,Público,chat inativo,2026-06-16,Patrick Nascimento,Chat Inativo,Baixa,Resolvido,VIDRACARIA IPIRANGA,Ipiranga Vidros e Esquadrias Ltda,Empresa,Terça,2026-06,25
56062,Público,duvida referente a formula de tampedaco,2026-06-16,Patrick Nascimento,Dúvidas,Alta,Resolvido,VIDRACARIA IPIRANGA,Ipiranga Vidros e Esquadrias Ltda,Empresa,Terça,2026-06,25
56032,Público,duvida referente a alterar o preço unitário de um item simplificado,2026-06-16,Patrick Nascimento,Dúvidas,Alta,Resolvido,NOVO ALUMINIO,Projetos Sevven,Empresa,Terça,2026-06,25
56102,Público,TROCA DA MAQUINA,2026-06-16,Patrick Nascimento,Instalação,Alta,Resolvido,LIDER DA ALTEROSA INDUSTRIAL,Thaina Carolina,Empresa,Terça,2026-06,25
56098,Público,chat inativo,2026-06-16,Patrick Nascimento,Chat Inativo,Baixa,Resolvido,LIDER DA ALTEROSA INDUSTRIAL,Thaina Carolina,Empresa,Terça,2026-06,25
56196,Público,chat inativo,2026-06-17,Patrick Nascimento,Chat Inativo,Baixa,Resolvido,ESQUADRITEMPER,Marcos,Empresa,Quarta,2026-06,25
55934,Público,duvida referente a como copiar uma esquadria de uma obra para a outra,2026-06-15,Patrick Nascimento,Dúvidas,Alta,Resolvido,JEL (ANTIGA SEJAL 9926),Washington,Empresa,Segunda,2026-06,25
55850,Público,Erro de acesso ao EGCLOUD via remoteApp (atualizado o remoteApp),2026-06-12,Patrick Nascimento,Nuvem Cloud,Alta,Resolvido,SUPREMA ESQUADRIAS,Eduardo Sobral,Não classificado,Sexta,2026-06,24
56194,Público,duvida referente a como alterar o croqui ,2026-06-17,Patrick Nascimento,Dúvidas,Alta,Resolvido,TEMPERCAMPOS,Jessica,Empresa,Quarta,2026-06,25
55960,Público,agendamento de atualização de material MOF (perfil),2026-06-15,Patrick Nascimento,Dúvidas,Alta,Resolvido,EMBRAED,Daniel,Empresa,Segunda,2026-06,25
56191,Público,Instalação de atalho em rede (mapeamento),2026-06-17,Patrick Nascimento,Instalação,Alta,Resolvido,IRMAOS CRUZ ALUMINIO,J-aluminio Cruz,Empresa,Quarta,2026-06,25
56072,Público,duvida referente a cadastro de croqui,2026-06-16,Patrick Nascimento,Dúvidas,Alta,Resolvido,ALUMFER ALUMINIOS E FERRAGENS,Alexandre,Empresa,Terça,2026-06,25
56047,Público,duvida referente a como utilizar similaridade entre perfis,2026-06-16,Patrick Nascimento,Dúvidas,Alta,Resolvido,ESTRUTURAL ALUMINIOS,Luan Machado Silveira,Empresa,Terça,2026-06,25
55847,Público,duvida referente a criação de usuário,2026-06-12,Patrick Nascimento,Dúvidas,Alta,Resolvido,VIDRO BOX (MS - TRÊS LAGOAS),CLAUDIO CESAR VERONEZE,Empresa,Sexta,2026-06,24
56204,Público,Atualização de material MOF (Aluminorte),2026-06-18,Patrick Nascimento,Dúvidas,Alta,Resolvido,MALTA INDUSTRIA DE ESQUADRIAS (antiga Perfil),Erika,Empresa,Quinta,2026-06,25
56127,Público,Atualização de material MOF (ALUMINORTE) + atualização de build (0322),2026-06-17,Patrick Nascimento,Dúvidas,Alta,Resolvido,MALTA INDUSTRIA DE ESQUADRIAS (antiga Perfil),Erika,Empresa,Quarta,2026-06,25
56093,Público,Agendamento de atualização de material MOF (ALUMINORTE),2026-06-16,Patrick Nascimento,Dúvidas,Alta,Resolvido,MALTA INDUSTRIA DE ESQUADRIAS (antiga Perfil),Erika,Empresa,Terça,2026-06,25
56095,Público,agendamento de reinstalação do sistema ,2026-06-16,Patrick Nascimento,Dúvidas,Alta,Resolvido,LIDER DA ALTEROSA INDUSTRIAL,Thainá - Dp Técnico,Empresa,Terça,2026-06,25
56117,Público,Reinstalação do sistema (troca de servidor) + chat inativo,2026-06-17,Patrick Nascimento,Instalação,Alta,Resolvido,LIDER DA ALTEROSA INDUSTRIAL,Thainá - Dp Técnico,Empresa,Quarta,2026-06,25
56068,Público,duvida referente ao backup para reinstalação do sistema,2026-06-16,Patrick Nascimento,Dúvidas,Alta,Resolvido,NOVA GERAÇÃO ESQUADRIAS,João,Empresa,Terça,2026-06,25
55882,Público,duvida referente a erro de calculo,2026-06-12,Patrick Nascimento,Dúvidas,Alta,Resolvido,FERMAX,Anderson Mota,Empresa,Sexta,2026-06,24
56016,Público,usuário com o contrato cancelado,2026-06-16,Patrick Nascimento,Transferência de Departamento,Alta,Resolvido,VIDEVIDROS,Sara Trindade,Empresa,Terça,2026-06,25
55853,Público,Agendamento de atualização de versão ,2026-06-12,Patrick Nascimento,Dúvidas,Alta,Resolvido,S NALDI,Vitor Serafim,Empresa,Sexta,2026-06,24
55874,Público,Atualização de versão (3.6.26.0322) + atualização de material MOF (Hydro),2026-06-12,Patrick Nascimento,Atualização Versão e Build,Alta,Resolvido,S NALDI,Vitor Serafim,Empresa,Sexta,2026-06,24
55912,Público,duvida referente aos croquis do sistema que foram excluidos,2026-06-12,Patrick Nascimento,Dúvidas,Alta,Resolvido,PRODAL,Prodal Esquadrias,Empresa,Sexta,2026-06,24
55943,Público,Duvida referente a personalização de relatórios + chat inativo,2026-06-15,Patrick Nascimento,Dúvidas,Alta,Resolvido,PRODAL,Prodal Esquadrias,Empresa,Segunda,2026-06,25
55899,Público,duvida referente a erro de calculo,2026-06-12,Patrick Nascimento,Dúvidas,Alta,Resolvido,SAVIV INCORPORADORA,Anderson,Empresa,Sexta,2026-06,24
55861,Público,duvida referente a erro de calculo,2026-06-12,Patrick Nascimento,Dúvidas,Alta,Resolvido,SAVIV INCORPORADORA,Anderson,Empresa,Sexta,2026-06,24
55996,Público,erro de travamento ao recalcular a obra + atualização de build (0322) + autenticar esquadrias,2026-06-15,Patrick Nascimento,Erros,Alta,Resolvido,G4 ESQUADRIAS E FACHADAS,Bruno Lima,Empresa,Segunda,2026-06,25
55972,Público,duvida referente a erro de calculo,2026-06-15,Patrick Nascimento,Dúvidas,Alta,Resolvido,ALLUMINIUM PREMIUM,Dimas de Oliveira,Empresa,Segunda,2026-06,25
55950,Público,Atualização de versão (3.6.26.0322),2026-06-15,Patrick Nascimento,Atualização Versão e Build,Alta,Resolvido,ALLUMINIUM PREMIUM,Dimas de Oliveira,Empresa,Segunda,2026-06,25
56140,Público,duvida referente a como cadastrar o estoque técnico + chat inativo,2026-06-17,Patrick Nascimento,Dúvidas,Alta,Resolvido,SHOPPING DAS ESQUADRIAS,Jackson,Empresa,Quarta,2026-06,25
56177,Público,duvida referente a como utilizar o estoque técnico,2026-06-17,Patrick Nascimento,Dúvidas,Alta,Resolvido,SHOPPING DAS ESQUADRIAS,Jackson,Empresa,Quarta,2026-06,25
56169,Público,Agendamento de atualização de versão ,2026-06-17,Patrick Nascimento,Dúvidas,Alta,Resolvido,ALUMITEX ESQUADRIAS,Dayane de Carvalho,Empresa,Quarta,2026-06,25
56020,Público,duvida referente ao uso de perfis especiais dentro da obra,2026-06-16,Patrick Nascimento,Dúvidas,Alta,Resolvido,DOMINIC ESQUADRIAS,Clodoaldo Oliveira,Empresa,Terça,2026-06,25
56019,Público,Duvida em como salvar relatório pelo html 5 + ajuste de relatório pelo suporte,2026-06-16,Pedro Cavalciuk,Nuvem Cloud,Alta,Resolvido,ALLUMINIUM PREMIUM,Dimas de Oliveira,Empresa,Terça,2026-06,25
56023,Público,Atualização de versão de 3.5 >3 .6 + atualização de material MOF,2026-06-16,Pedro Cavalciuk,Atualização Versão e Build,Alta,Resolvido,ALUMICOM,Drayton,Empresa,Terça,2026-06,25
56134,Público,Duvida sobre como colocar observação no orçamento ,2026-06-17,Pedro Cavalciuk,Dúvidas,Alta,Resolvido,ALUMAX,Everton Alumax Alumínios,Empresa,Quarta,2026-06,25
55949,Público,Duvida em como alterar variável da tipologia base empresa,2026-06-15,Pedro Cavalciuk,Dúvidas,Alta,Resolvido,ESQUADRIUM - ESQUADRIAS E VIDROS,Matheus Alves,Empresa,Segunda,2026-06,25
55968,Público,Auto resolução ,2026-06-15,Pedro Cavalciuk,Chat Inativo,Baixa,Resolvido,VIDROMAX,Jenifer,Empresa,Segunda,2026-06,25
55940,Público,Dúvida em como reativar um usuário dentro do CEM,2026-06-15,Pedro Cavalciuk,Dúvidas,Alta,Resolvido,CENTER VIDROS,Jamille Bahia C.V,Empresa,Segunda,2026-06,25
55980,Público,Reinstalação do plugin + duvida referente a perfis especiais ,2026-06-15,Pedro Cavalciuk,Nuvem Cloud,Alta,Resolvido,VIDROMAX,Jenifer,Empresa,Segunda,2026-06,25
56059,Público,Duvida no tampedaco,2026-06-16,Pedro Cavalciuk,Dúvidas,Alta,Resolvido,ESQUADRIAS HIPER,Daniela Hiper Box,Empresa,Terça,2026-06,25
56126,Público,Duvida em copiar e colar um item de uma obra para outra ,2026-06-17,Pedro Cavalciuk,Dúvidas,Alta,Resolvido,IMPERIAL ALUMINIO,Nathan,Empresa,Quarta,2026-06,25
56146,Público,Duvida no cadastro de acabamento,2026-06-17,Pedro Cavalciuk,Dúvidas,Alta,Resolvido,GRUPO VAX (ANTIGO 6687),NR ESQUADRIAS,Não classificado,Quarta,2026-06,25
56155,Público,duvida sobre adicionar relatórios dentro do CEM,2026-06-17,Pedro Cavalciuk,Dúvidas,Alta,Resolvido,ESQUAD SOLUÇÕES EM ESQUADRIAS,Esquad Soluções em Esquadrias,Empresa,Quarta,2026-06,25
56164,Público,erro de verificação de licença ,2026-06-17,Pedro Cavalciuk,Erros,Alta,Resolvido,SCHWANCK ESQUADRIAS DE PVC,Sinara Santos,Empresa,Quarta,2026-06,25
56119,Público,Analise técnica do base empresa,2026-06-17,Pedro Cavalciuk,Dúvidas,Alta,Resolvido,ESQUADRITEMPER,Marcos,Empresa,Quarta,2026-06,25
55961,Público,Atualização de build 0718 > 0322 ,2026-06-15,Pedro Cavalciuk,Atualização Versão e Build,Alta,Resolvido,NOVO ALUMINIO,Projetos Sevven,Empresa,Segunda,2026-06,25
55953,Público,Atualização de material MOF,2026-06-15,Pedro Cavalciuk,Dúvidas,Alta,Resolvido,FUTURAL ALUMINIO,Futura Esquadrias de Alumínio,Empresa,Segunda,2026-06,25
56166,Público,Chat inativo ,2026-06-17,Pedro Cavalciuk,Chat Inativo,Baixa,Resolvido,JOIA ALUMINIO E VIDRO,Evandro Pena,Empresa,Quarta,2026-06,25
55983,Público,Duvida referente a ocultar valor unitário no orçamento,2026-06-15,Pedro Cavalciuk,Dúvidas,Alta,Resolvido,DURANT FACHADAS E ESQUADRIAS,GUSTAVO DURANT,Empresa,Segunda,2026-06,25
56046,Público,Duvida em como colocar uma variável dinâmica na descrição,2026-06-16,Pedro Cavalciuk,Dúvidas,Alta,Resolvido,UNICA ESQUADRIAS DE ALUMINIO,Fagner,Empresa,Terça,2026-06,25
56211,Público,Atualização de material MOF (Todos),2026-06-18,Pedro Cavalciuk,Dúvidas,Alta,Resolvido,P.A ESQUADRIAS DE ALUMINIO,GUSTAVO,Não classificado,Quinta,2026-06,25
55969,Público,Agendamento de reinstalação do sisitema,2026-06-15,Pedro Cavalciuk,Dúvidas,Alta,Resolvido,VIDRO & CIA,Gilberto Alves,Empresa,Segunda,2026-06,25
56112,Público,Problemas ao acessar o servidor interno devido a falta de armazenamento ,2026-06-17,Pedro Cavalciuk,Nuvem Cloud,Alta,Resolvido,UNIQUE,Andressa Lima - Projetos e Orçamentos,Empresa,Quarta,2026-06,25
56179,Público,Duvida referente ao codigo de obra,2026-06-17,Matheus Pulcinelli,Dúvidas,Alta,Resolvido,ESTILO ENGENHARIA DO ALUMINIO,jacyr freitas,Não classificado,Quarta,2026-06,25
56129,Público,Duvida referente a reativar vidro,2026-06-17,Matheus Pulcinelli,Dúvidas,Alta,Resolvido,PRISSMA VIDROS,Prissma Esquadria,Empresa,Quarta,2026-06,25
55985,Público,Agendamento de atualização de build,2026-06-15,Matheus Pulcinelli,Dúvidas,Alta,Resolvido,"ALUVETRO ESQUADRIAS,Paulo Cesar Leonardi",,Empresa,Segunda,2026-06,25
55992,Interno,Instalação de atalho em rede,2026-06-15,Matheus Pulcinelli,Instalação,Alta,Resolvido,ESFERAS ESQUADRIAS LTDA (ANTIGO 11111),Bruno,Empresa,Segunda,2026-06,25
56097,Público,Duvida referente a salvar arquivo no Cloud,2026-06-16,Matheus Pulcinelli,Nuvem Cloud,Alta,Resolvido,UNIQUE,Andressa Lima - Projetos e Orçamentos,Empresa,Terça,2026-06,25
55977,Público,Duvida referente a erro de calculo,2026-06-15,Matheus Pulcinelli,Dúvidas,Alta,Resolvido,ESQUADRITEMPER,Marcos,Empresa,Segunda,2026-06,25
56085,Público,Criação de opção de montagem ,2026-06-16,Matheus Pulcinelli,Dúvidas,Alta,Resolvido,UNICA ESQUADRIAS DE ALUMINIO,Fagner,Empresa,Terça,2026-06,25
56037,Público,Reinstalação do sistema ,2026-06-16,Matheus Pulcinelli,Instalação,Alta,Resolvido,PREMIUM METAL (ANTIGO 9996),Ronne,Empresa,Terça,2026-06,25
56183,Público,Atalho do sistema em Rede,2026-06-17,Matheus Pulcinelli,Instalação,Alta,Resolvido,AMAZON TEMPER,Dyogo Victor,Empresa,Quarta,2026-06,25
56174,Público,Atualização de build ,2026-06-17,Matheus Pulcinelli,Atualização Versão e Build,Alta,Resolvido,VANDERLEI ALVES BATISTA,VANDERLEI,Empresa,Quarta,2026-06,25
55885,Público,Aumento de 15% no custo dos vidros,2026-06-12,Matheus Pulcinelli,Dúvidas,Alta,Resolvido,FRITZEN ESQUADRIAS,Fritzen Esquadrias,Empresa,Sexta,2026-06,24
55997,Público,Instalação - de troca de máquinas,2026-06-15,Matheus Pulcinelli,Dúvidas,Alta,Resolvido,PLANETA VIDROS E ESQUADRIAS,Carolina,Empresa,Segunda,2026-06,25
55895,Público,Envio de documento para construção de esquadrias ,2026-06-12,Matheus Pulcinelli,Dúvidas,Alta,Resolvido,TEMPERCAMPOS,Jessica,Empresa,Sexta,2026-06,24
56079,Público,Duvida referente a reativar material ,2026-06-16,Matheus Pulcinelli,Dúvidas,Alta,Resolvido,VIDRACARIA ATUAL,Ruan Vidracaria Atual,Empresa,Terça,2026-06,25
55954,Público,Envio de documento para construção de esquadrias + chat inativo,2026-06-15,Matheus Pulcinelli,Dúvidas,Alta,Resolvido,SANTANA ESQUADRIAS M,Fernanda,Empresa,Segunda,2026-06,25
56184,Público,Erro de calculo ,2026-06-17,Matheus Pulcinelli,Dúvidas,Alta,Resolvido,SANTANA ESQUADRIAS M,Fernanda,Empresa,Quarta,2026-06,25
56051,Público,Tranferencia para o departamento de relatorios ,2026-06-16,Matheus Pulcinelli,Transferência de Departamento,Alta,Resolvido,ATENUA SOM,Marcos Projeto,Empresa,Terça,2026-06,25
55958,Público,Envio de documento para construção de esquadrias + precificação + chat inativo,2026-06-15,Matheus Pulcinelli,Dúvidas,Alta,Resolvido,MATRIZ SOLUCOES EM VIDROS,Gabi,Empresa,Segunda,2026-06,25
56040,Público,Transferência de departamento - relatório ,2026-06-16,Matheus Pulcinelli,Transferência de Departamento,Alta,Resolvido,GRUPO VAX (ANTIGO 6687),Marcelle | Federal Esquadrias,Não classificado,Terça,2026-06,25
55999,Público,Transferência de departamento - relatório + chat inativo,2026-06-15,Matheus Pulcinelli,Transferência de Departamento,Alta,Resolvido,JOIA ALUMINIO E VIDRO,INGRID,Empresa,Segunda,2026-06,25
55896,Público,Resolvido em outro atendimento ,2026-06-12,Matheus Pulcinelli,Chat Inativo,Baixa,Resolvido,ANGELO S SOLUCOES EM ALUMINIO E VIDROS,José Geraldo,Empresa,Sexta,2026-06,24
56162,Público,Erro de registro ,2026-06-17,Matheus Pulcinelli,Erros,Alta,Resolvido,V VILAR,Victor Vilar,Não classificado,Quarta,2026-06,25
55946,Público,Correção de relatório,2026-06-15,Matheus Pulcinelli,Dúvidas,Alta,Resolvido,ALUVIN,Gabriel Angelin(ALUVIN  Terceirizado),Empresa,Segunda,2026-06,25
55902,Público,Erro de tela sobreposta ,2026-06-12,Matheus Pulcinelli,Erros,Alta,Resolvido,ALUMAB ESQUADRIAS DE ALUMINIO,Marcio Nunes,Não classificado,Sexta,2026-06,24
56074,Público,Duvida referente a troca de servidor + chat intativo,2026-06-16,Matheus Pulcinelli,Dúvidas,Alta,Resolvido,VIDRACARIA PINHAL BOX,Luciana,Empresa,Terça,2026-06,25
55971,Público,Dúvida referente a uso do antivírus ,2026-06-15,Matheus Pulcinelli,Dúvidas,Alta,Resolvido,INSTALAR VIDROS (CARVALHO VIDROS(7150)),Carlos Eduardo de Souza Vieira,Empresa,Segunda,2026-06,25
56139,Público,Atalho do sistema em Rede,2026-06-17,Matheus Pulcinelli,Instalação,Alta,Resolvido,REVISAR,André Luiz,Empresa,Quarta,2026-06,25
55947,Público,duvida referente a precificação do kilo do aluminio na obra ,2026-06-15,Matheus Pulcinelli,Dúvidas,Alta,Resolvido,ALUMISHOW,LUCAS,Empresa,Segunda,2026-06,25
56422,Público,Cláudio José - FORTGLASS SOLUCOES EM VIDROS E ESQUADRIAS (ANTIGA 9445),2026-06-22,Italo Gomes ,,Alta,Novo,FORTGLASS SOLUCOES EM VIDROS E ESQUADRIAS (ANTIGA 9445),Cláudio José,Atendimento CEM EXCLUSIVE,Segunda,2026-06,26
56259,Público,Alexandre - ALUMINOW ESQUADRIAS,2026-06-18,Italo Gomes ,,Alta,Novo,ALUMINOW ESQUADRIAS,Alexandre,Empresa,Quinta,2026-06,25
56454,Público,Offline message ,2026-06-22,Davi Barros,Tickets Offline,Média,Resolvido,METAL LAR,Carollyne Brogliato,Empresa,Segunda,2026-06,26
56486,Público,"Duvidas referente a """"inconsistencia"""" no calculo",2026-06-22,Davi Barros,Chat Inativo,Baixa,Resolvido,TOP GLASS(CEMMOBI),Larissa,Empresa (CEMMOBI),Segunda,2026-06,26
56585,Público,Offline message,2026-06-24,Giulia Castanho,Tickets Offline,Média,Resolvido,TOP GLASS(CEMMOBI),Larissa,Empresa (CEMMOBI),Quarta,2026-06,26
56297,Público,Mensagem offline,2026-06-19,Giulia Castanho,Tickets Offline,Média,Resolvido,UNIT ESQUADRIAS,Virgiinia,Empresa,Sexta,2026-06,25
56403,Público,Offline message,2026-06-19,Giulia Castanho,Tickets Offline,Média,Resolvido,ALLPRIME,Geralld Felipe,Empresa,Sexta,2026-06,25
56514,Público,Dúvida referente a precificação de componentes + chat inativo,2026-06-23,Giulia Castanho,Dúvidas,Alta,Resolvido,CIA DO VIDRO,Mickael,Empresa,Terça,2026-06,26
56736,Público,Transferencia de departamento - financeiro + chat inativo,2026-06-25,Giulia Castanho,Transferência de Departamento,Alta,Resolvido,OLI ESQUADRIAS,Rafa Cris,Não classificado,Quinta,2026-06,26
56295,Público,Offline message,2026-06-19,Giulia Castanho,Tickets Offline,Média,Resolvido,SCHAEFFER GLASS(CEMMOBI),Renilson,Empresa (CEMMOBI),Sexta,2026-06,25
56244,Público,Offline message,2026-06-18,Giulia Castanho,Tickets Offline,Média,Resolvido,MOLDURENSE VIDROS,Yuta,Empresa,Quinta,2026-06,25
56548,Público,Offline message,2026-06-23,Giulia Castanho,Tickets Offline,Média,Resolvido,MARCOS CIMADON(CEMMOBI),Marcos Cimadon,Empresa (CEMMOBI),Terça,2026-06,26
56696,Público,Dúvida referente a tabela de preço + salvar como + painel,2026-06-25,Giulia Castanho,Dúvidas,Alta,Resolvido,UNIQUE,Andressa Lima - Projetos e Orçamentos,Empresa,Quinta,2026-06,26
56722,Público,Offline message,2026-06-25,Giulia Castanho,Tickets Offline,Média,Resolvido,FUTURAL ALUMINIO,Sistema Cem,Empresa,Quinta,2026-06,26
56774,Público,Transferencia de departamento - financeiro ,2026-06-26,Giulia Castanho,Transferência de Departamento,Alta,Resolvido,PRISSMA VIDROS,Prissma Esquadria,Empresa,Sexta,2026-06,26
56491,Público,Offline message,2026-06-22,Giulia Castanho,Tickets Offline,Média,Resolvido,ALQUALI,William T.I Alquali,Empresa,Segunda,2026-06,26
56721,Público,Offline message,2026-06-25,Giulia Castanho,Tickets Offline,Média,Resolvido,METRU ESQUADRIAS EM ALUMINIO E VIDROS,Vivian Nunes,Empresa,Quinta,2026-06,26
56581,Público,Offline message,2026-06-23,Giulia Castanho,Tickets Offline,Média,Resolvido,IMPERIAL GLASS(CEMMOBI),Renné Fabian,Empresa (CEMMOBI),Terça,2026-06,26
56716,Público,Dúvida referente a colocar logotipo,2026-06-25,Giulia Castanho,Dúvidas,Alta,Resolvido,CIA DO VIDRO,Gabriel Silva,Empresa,Quinta,2026-06,26
56406,Público,Offline message ,2026-06-20,Giulia Castanho,Tickets Offline,Média,Resolvido,CIA DO VIDRO,Gabriel Silva,Empresa,Sábado,2026-06,25
56583,Público,Offline message,2026-06-24,Giulia Castanho,Tickets Offline,Média,Resolvido,AMAZON TEMPER,Hugo Gabriel,Não classificado,Quarta,2026-06,26
56291,Público,Offline message,2026-06-18,Giulia Castanho,Tickets Offline,Média,Resolvido,DALUMINIO ESQUADRIAS E VIDRACARIA,Ranilson Vidal,Empresa (Onboarding),Quinta,2026-06,25
56408,Público,Atualização de todos os materiais MOF,2026-06-22,Giulia Castanho,Dúvidas,Alta,Resolvido,AGM ESQUADRIAS,MOISES - AGM ESQUADRIAS,Empresa,Segunda,2026-06,26
56498,Público,Erro de firebird,2026-06-23,Giulia Castanho,Erros,Alta,Resolvido,SELTA,Nathalia,Não classificado,Terça,2026-06,26
56494,Público,Offline message,2026-06-23,Giulia Castanho,Tickets Offline,Média,Resolvido,SELTA,Nathalia,Não classificado,Terça,2026-06,26
56854,Público,Dúvida referente a precificação de componentes + chat inativo,2026-06-26,Giulia Castanho,Dúvidas,Alta,Resolvido,IRMAOS CRUZ ALUMINIO,Irmãos Cruz Alumínio,Empresa,Sexta,2026-06,26
56925,Público,Offline message,2026-06-30,Giulia Castanho,Tickets Offline,Média,Resolvido,LOJA DO VIDRO PIRACICABA,Flávio Projetos,Empresa,Terça,2026-06,27
56287,Público,Transferencia de departamento - relatórios personalizados,2026-06-18,Giulia Castanho,Transferência de Departamento,Alta,Resolvido,SMART METAL,LUIZ QUADROS,Empresa,Quinta,2026-06,25
56895,Público,Desbloqueio de espessura,2026-06-29,Giulia Castanho,Dúvidas,Alta,Resolvido,FINESTRA & CIA,Finestra Esquadrias de Alumínio,Não classificado,Segunda,2026-06,27
56261,Público,Dúvida referente a configuração de impressora,2026-06-18,Giulia Castanho,Nuvem Cloud,Alta,Resolvido,MAGOSIL ESQUADRIAS METALICAS,Diego,Empresa,Quinta,2026-06,25
56245,Público,Offline message,2026-06-18,Giulia Castanho,Tickets Offline,Média,Resolvido,MAGOSIL ESQUADRIAS METALICAS,Diego,Empresa,Quinta,2026-06,25
56246,Público,Configuração de microsoft print to pdf,2026-06-18,Giulia Castanho,Nuvem Cloud,Alta,Resolvido,MAGOSIL ESQUADRIAS METALICAS,Diego,Empresa,Quinta,2026-06,25
56699,Público,dúvida referente a cadastro de vidro/ espessura na tipologia,2026-06-25,Giulia Castanho,Dúvidas,Alta,Resolvido,GUILES ESQUADRIAS,Joyce Gomes,Empresa,Quinta,2026-06,26
56489,Público,Offline message,2026-06-22,Giulia Castanho,Tickets Offline,Média,Resolvido,FENSTER SERVICOS PARA JANELAS,Rafael Reali,Empresa,Segunda,2026-06,26
56506,Público,Instalação de atalho em rede,2026-06-23,Giulia Castanho,Instalação,Alta,Resolvido,FENSTER SERVICOS PARA JANELAS,Rafael Reali,Empresa,Terça,2026-06,26
56361,Público,Offline message,2026-06-19,Giulia Castanho,Tickets Offline,Média,Resolvido,SERRALHERIA PORTO SEGURO(CEMMOBI),Serralheria Porto Seguro,Empresa (CEMMOBI),Sexta,2026-06,25
56311,Público,Transferencia de departamento - financeiro ,2026-06-19,Giulia Castanho,Transferência de Departamento,Alta,Resolvido,LAF SOROCABA,Giovanna Rocha,Empresa,Sexta,2026-06,25
56710,Público,Dúvida referente a calculo de itens,2026-06-25,Giulia Castanho,Dúvidas,Alta,Resolvido,BR ALUMINIUM FRAME (ANTIGO 10501),Leticia,Empresa,Quinta,2026-06,26
56271,Público,Dúvida referente a impressora de etiqueta,2026-06-18,Giulia Castanho,Dúvidas,Alta,Resolvido,COSBIEM,Eliel,Empresa,Quinta,2026-06,25
56922,Público,Offline message,2026-06-29,Giulia Castanho,Tickets Offline,Média,Resolvido,INOVAR,Orçamento Inovar - Eliane,Empresa,Segunda,2026-06,27
56447,Público,Dúvida referente a status de orçamento,2026-06-22,Giulia Castanho,Dúvidas,Alta,Resolvido,ESQUADRIMAXXI ESQUADRIAS DE ALUMINIO,Ariana,Empresa,Segunda,2026-06,26
56490,Público,Mensagem offline,2026-06-22,Giulia Castanho,Tickets Offline,Média,Resolvido,AMAZON TEMPER,Raphael Martins,Não classificado,Segunda,2026-06,26
56493,Público,Mensagem offline,2026-06-22,Giulia Castanho,Tickets Offline,Média,Resolvido,AMAZON TEMPER,André,Não classificado,Segunda,2026-06,26
56768,Público,Offline message,2026-06-25,Giulia Castanho,Tickets Offline,Média,Resolvido,VCD INSTALACOES E SERVICOS,Vinicius,Empresa,Quinta,2026-06,26
56720,Público,Offline message,2026-06-25,Giulia Castanho,Tickets Offline,Média,Resolvido,VCD INSTALACOES E SERVICOS,Vinicius,Empresa,Quinta,2026-06,26
56574,Público,Duvida referente a criação de usuário,2026-06-23,Giulia Castanho,Dúvidas,Alta,Resolvido,DURANT FACHADAS E ESQUADRIAS,Caio,Empresa,Terça,2026-06,26
56537,Público,Dúvida referente a conexão remota,2026-06-23,Giulia Castanho,Dúvidas,Alta,Resolvido,DURANT FACHADAS E ESQUADRIAS,Caio,Empresa,Terça,2026-06,26
56902,Público,Agendamento de atualização de material CDA,2026-06-29,Giulia Castanho,Dúvidas,Alta,Resolvido,PAULO OCTAVIANO INVESTIMENTOS IMOBILIARIOS,Khevin,Empresa,Segunda,2026-06,27
56744,Público,Dúvida referente a calculo de itens + autenticar esquadrias,2026-06-25,Giulia Castanho,Dúvidas,Alta,Resolvido,COSBIEM,Emerson,Empresa,Quinta,2026-06,26
56781,Público,Dúvida referente a calculo gerado em relatório,2026-06-26,Giulia Castanho,Dúvidas,Alta,Resolvido,COSBIEM,Emerson,Empresa,Sexta,2026-06,26
56831,Público,Mensagem offline,2026-06-26,Giulia Castanho,Tickets Offline,Média,Resolvido,AMAZON TEMPER,Valéria Medina,Não classificado,Sexta,2026-06,26
56914,Público,Offline message,2026-06-29,Giulia Castanho,Tickets Offline,Média,Resolvido,AMAZON TEMPER,Emerson,Não classificado,Segunda,2026-06,27
56573,Público,Dúvida referente a precificaçãoi de perfis,2026-06-23,Giulia Castanho,Dúvidas,Alta,Resolvido,CLEMENTE ACM &amp  DESIGN,Dyool,Empresa,Terça,2026-06,26
56495,Público,Offline message,2026-06-23,Giulia Castanho,Tickets Offline,Média,Resolvido,ALUCENTRO CENTRAL DE ALUMINIO,Daniel/ Lourenço Esquadrias,Empresa,Terça,2026-06,26
56492,Público,Offline message,2026-06-22,Giulia Castanho,Tickets Offline,Média,Resolvido,EXTRA GLASS,Eduardo Benini,Empresa,Segunda,2026-06,26
56542,Público,Nuvem Skyone,2026-06-23,Giulia Castanho,Nuvem Cloud,Alta,Resolvido,SCF ESQUADRIAS (ANTIGO 7033),Leonardo Ota (Shigue),Empresa,Terça,2026-06,26
56516,Público,Dúvida referente a skyone,2026-06-23,Giulia Castanho,Nuvem Cloud,Alta,Resolvido,SCF ESQUADRIAS (ANTIGO 7033),Leonardo Ota (Shigue),Empresa,Terça,2026-06,26
56771,Público,Offline message,2026-06-26,Giulia Castanho,Tickets Offline,Média,Resolvido,CONCEPT ALUMINIUM,Vini L.,Empresa,Sexta,2026-06,26
56924,Público,Offline message,2026-06-30,Giulia Castanho,Tickets Offline,Média,Resolvido,MM ESQUADRIAS,Manoel,Empresa,Terça,2026-06,27
56305,Público,Transferencia de departamento - financeiro,2026-06-19,Giulia Castanho,Transferência de Departamento,Alta,Resolvido,ALUMINOW ESQUADRIAS,Alexandre,Empresa,Sexta,2026-06,25
56386,Público,Dúvida referente a cadastro de kit,2026-06-19,Giulia Castanho,Dúvidas,Alta,Resolvido,ELOGLASS,Eloglass - COMERCIAL,Empresa,Sexta,2026-06,25
56584,Público,Offline message,2026-06-24,Giulia Castanho,Tickets Offline,Média,Resolvido,ELOGLASS,Eloglass - COMERCIAL,Empresa,Quarta,2026-06,26
56659,Público,Transferencia de departamento - financeiro,2026-06-25,Giulia Castanho,Transferência de Departamento,Alta,Resolvido,SYSBUILDING,Engenharia Sysbuilding,Empresa,Quinta,2026-06,26
56657,Público,Offline message,2026-06-25,Giulia Castanho,Tickets Offline,Média,Resolvido,SYSBUILDING,Engenharia Sysbuilding,Empresa,Quinta,2026-06,26
56478,Público,Duvidas referente a erro de calculo,2026-06-22,Giulia Castanho,Dúvidas,Média,Resolvido,DURANT FACHADAS E ESQUADRIAS,Marceli,Empresa,Segunda,2026-06,26
56884,Público,Dúvida referente a precificação + chat inativo,2026-06-29,Giulia Castanho,Dúvidas,Alta,Resolvido,AMPLA INCORPORADORA LTDA,Fabianna - Ampla Incorporadora,Empresa,Segunda,2026-06,27
56864,Público,Erro de registro,2026-06-26,Giulia Castanho,Erros,Alta,Resolvido,NOVA METAIS,Jean Fabris,Não classificado,Sexta,2026-06,26
56718,Público,Offline message,2026-06-25,Giulia Castanho,Tickets Offline,Média,Resolvido,VIDRO FORTE,Lara Eduarda,Empresa,Quinta,2026-06,26
56355,Público,Offline message,2026-06-19,Giulia Castanho,Tickets Offline,Média,Resolvido,DECCOR INDUSTRIA E COMERCIO DE ESQUADRIAS EM ALUMINIO,Luiza De Oliveira,Empresa,Sexta,2026-06,25
56708,Público,Transferencia de departamento - comercial,2026-06-25,Giulia Castanho,Transferência de Departamento,Alta,Resolvido,MARCO TOFFOLI,Michele,Empresa,Quinta,2026-06,26
56830,Público,Offline message,2026-06-26,Giulia Castanho,Tickets Offline,Alta,Resolvido,TEMPERCAMPOS,Jessica,Empresa,Sexta,2026-06,26
56496,Público,Offline message,2026-06-23,Giulia Castanho,Tickets Offline,Média,Resolvido,VIDRACARIA VITORIA,Roger M Brown,Empresa,Terça,2026-06,26
56833,Público,Dúvida referente a acesso ao sistema,2026-06-26,Giulia Castanho,Dúvidas,Alta,Resolvido,GOIS ESQUADRIAS,Arthur,Empresa,Sexta,2026-06,26
56869,Público,Offline message,2026-06-27,Giulia Castanho,Tickets Offline,Média,Resolvido,KCG ALUMINIO,Kcg Esquadrias De Aluminio,Empresa,Sábado,2026-06,26
56731,Público,Dúvida referente a obras desativadas,2026-06-25,Giulia Castanho,Dúvidas,Alta,Resolvido,PORTS ALUMINIO,Breno,Empresa,Quinta,2026-06,26
56307,Público,Transferencia de departamento - financeiro ,2026-06-19,Giulia Castanho,Transferência de Departamento,Alta,Resolvido,UNIT ESQUADRIAS,Jônatas,Empresa,Sexta,2026-06,25
56289,Público,Offline message,2026-06-18,Giulia Castanho,Tickets Offline,Média,Resolvido,UNIT ESQUADRIAS,Jônatas,Empresa,Quinta,2026-06,25
56243,Público,Offline message,2026-06-18,Giulia Castanho,Tickets Offline,Média,Resolvido,JC DESIGN,Douglas Iaquinto,Empresa,Quinta,2026-06,25
56424,Público,Transferencia de departamento - comercial,2026-06-22,Giulia Castanho,Transferência de Departamento,Alta,Resolvido,ALUMINIOBR,Lucas Petzold,Empresa,Segunda,2026-06,26
56916,Público,Offline message,2026-06-29,Giulia Castanho,Tickets Offline,Média,Resolvido,ALUMINIOBR,Lucas Petzold,Empresa,Segunda,2026-06,27
56260,Público,Dúvida referente a integração com o faktory + orçamento + chat inativo,2026-06-18,Giulia Castanho,Dúvidas,Alta,Resolvido,ALUMISANTOS ALUMINIOS,Giliane,Empresa,Quinta,2026-06,25
56497,Público,Offline message,2026-06-23,Giulia Castanho,Tickets Offline,Média,Resolvido,BETA BOX,Beta Box Esquadrias,Empresa,Terça,2026-06,26
56407,Público,Offline messag,2026-06-22,Giulia Castanho,Tickets Offline,Média,Resolvido,BETA BOX,Beta Box Esquadrias,Empresa,Segunda,2026-06,26
56674,Público,Dúvida referente a salvar relatórios em PDF,2026-06-25,Giulia Castanho,Dúvidas,Alta,Resolvido,VAL AÇO PWJ,Vinicius Rocha,Atendimento CEM EXCLUSIVE,Quinta,2026-06,26
56416,Público,Dúvida referente a acesso REMOTE APP,2026-06-22,Giulia Castanho,Nuvem Cloud,Alta,Resolvido,A.F.P CONSTRUTORA E ESQUADRIAS,Gabriella Ponte (Usuário MAC),Não classificado,Segunda,2026-06,26
56380,Público,Dúvida referente a cadastro de usuário + tela sobreposta,2026-06-19,Giulia Castanho,Dúvidas,Alta,Resolvido,TEM ALUMINIO,Cosme Lisboa,Empresa,Sexta,2026-06,25
56294,Público,Offline message,2026-06-19,Giulia Castanho,Tickets Offline,Média,Resolvido,ALUMITEK ESQUADRIAS,Vitória,Empresa,Sexta,2026-06,25
56918,Público,Offline message,2026-06-29,Giulia Castanho,Tickets Offline,Média,Resolvido,VIDROMAX,Jenifer,Empresa,Segunda,2026-06,27
56843,Público,Instalação de backup antigo + atualização de sistema,2026-06-26,Giulia Castanho,Instalação,Alta,Resolvido,ENGESQ ENGENHARIA E CONSULTORIA (ANTIGO 12544),Orestes Lingearde Selvino,Empresa,Sexta,2026-06,26
56937,Público,Erro de firebird,2026-06-30,Giulia Castanho,Erros,Alta,Resolvido,2 IRMAOS,karen,Empresa,Terça,2026-06,27
56701,Público,Dúvida referente a calculo de itens,2026-06-25,Giulia Castanho,Dúvidas,Alta,Resolvido,ETEC,Jaqueline Costa,Empresa,Quinta,2026-06,26
56821,Público,Transferencia de departamento - financeiro ,2026-06-26,Giulia Castanho,Transferência de Departamento,Alta,Resolvido,MSE ESQUADRIAS,Maeell,Empresa,Sexta,2026-06,26
56343,Público,Erro de registro,2026-06-19,Giulia Castanho,Erros,Alta,Resolvido,ESQUADRIMAR,EDMAR,Empresa,Sexta,2026-06,25
56591,Público,Transferencia de departamento - financeiro ,2026-06-24,Giulia Castanho,Transferência de Departamento,Alta,Resolvido,EXALUM ALUMINIO,IVO GONÇALVES,Empresa,Quarta,2026-06,26
56667,Público,Dúvida referente a opções de montagem,2026-06-25,Giulia Castanho,Dúvidas,Alta,Resolvido,VIDRARE - SOLUCOES EM VIDROS,Cleber Silva,Empresa,Quinta,2026-06,26
56926,Público,Offline message,2026-06-30,Giulia Castanho,Tickets Offline,Média,Resolvido,ALUMISANTOS ALUMINIOS,THIAGO,Empresa,Terça,2026-06,27
56517,Público,Transferencia de departamento - comercial,2026-06-23,Giulia Castanho,Transferência de Departamento,Alta,Resolvido,PROVIDRO INDUSTRIA E COMERCIO DE VIDROS,Cleiton Lima,Empresa,Terça,2026-06,26
56828,Público,Dúvida referente a erro de tipologia ( marcação ),2026-06-26,Giulia Castanho,Dúvidas,Alta,Resolvido,UNIQUE,Pedro,Empresa,Sexta,2026-06,26
56467,Público,Dúvida referente a item simplificado ,2026-06-22,Giulia Castanho,Dúvidas,Alta,Resolvido,WR VIDROS,Stefany,Empresa,Segunda,2026-06,26
56296,Público,Atualização de material BASE,2026-06-19,Giulia Castanho,Dúvidas,Alta,Resolvido,BAREZI,Barezi Vidros e Esquadrias,Empresa,Sexta,2026-06,25
56813,Público,Dúvida referente a existencia de material mof,2026-06-26,Giulia Castanho,Dúvidas,Alta,Resolvido,METRICA ESQUADRIAS (Antiga 610 METRICA),Kleber Carvalho,Empresa,Sexta,2026-06,26
56269,Público,Acesso via HTML 5,2026-06-18,Giulia Castanho,Nuvem Cloud,Alta,Resolvido,FINNEZE ALUMINIO,Tone Filho,Empresa,Quinta,2026-06,25
56923,Público,Offline message,2026-06-29,Giulia Castanho,Tickets Offline,Média,Resolvido,RAPIDAO VIDROS (ANTIGO 7255),José Cláudio,Empresa,Segunda,2026-06,27
56404,Público,Offline message,2026-06-20,Giulia Castanho,Tickets Offline,Média,Resolvido,ATIMAKY ESQUADRIAS M,Ricardo_mf,Empresa,Sábado,2026-06,25
56835,Público,Erro de registro ,2026-06-26,Giulia Castanho,Erros,Alta,Resolvido,ALUMIGOLD ESQUADRIAS,AlumiGold,Empresa,Sexta,2026-06,26
56578,Público,Dúvida referente a reativar vidro,2026-06-23,Giulia Castanho,Dúvidas,Alta,Resolvido,PAULO OCTAVIANO INVESTIMENTOS IMOBILIARIOS,,Empresa,Terça,2026-06,26
56582,Público,Offline message ,2026-06-23,Giulia Castanho,Tickets Offline,Média,Resolvido,CARLOS HENRIQUE GOMES JUNIOR,Jane,Empresa,Terça,2026-06,26
56316,Público,Erro de firewall na estação,2026-06-19,Giulia Castanho,Erros,Alta,Resolvido,ESQUADRIMAXXI ESQUADRIAS DE ALUMINIO,TIAGO,Empresa,Sexta,2026-06,25
56277,Público,Agendamento de atualização de material ,2026-06-18,Giulia Castanho,Dúvidas,Alta,Resolvido,ESQUADRIMAXXI ESQUADRIAS DE ALUMINIO,TIAGO,Empresa,Quinta,2026-06,25
56770,Público,Offline message,2026-06-25,Giulia Castanho,Tickets Offline,Média,Resolvido,BRUBOX ALUMINIO E VIDRO (ANTIGO 896),Bruno Munhoz Soares,Empresa,Quinta,2026-06,26
56753,Público,Agendamento de atualização de build + GBAK,2026-06-25,Giulia Castanho,Dúvidas,Alta,Resolvido,A FUNCIONAL VIDROS,Bárbara,Empresa,Quinta,2026-06,26
56807,Público,Erro de croqui em relatório,2026-06-26,Giulia Castanho,Dúvidas,Alta,Resolvido,ESQUADRIAS ROMA,Thalita,Empresa,Sexta,2026-06,26
56746,Público,Atalho do cem,2026-06-25,Yasmin Oliveira,Instalação,Alta,Resolvido,CAMPOS ALTOS ESQUADRIAS,Camila Wykret,Empresa,Quinta,2026-06,26
56238,Interno,Dúvida referente a criação de projetos,2026-06-18,Yasmin Oliveira,Dúvidas,Alta,Resolvido,Lucas,,Não classificado,Quinta,2026-06,25
56576,Público,Mapeamento de atalho,2026-06-23,Yasmin Oliveira,Instalação,Alta,Resolvido,PRISCILA MENDES MORAIS,priscila m morais,Empresa,Terça,2026-06,26
56241,Público,Duvida referente a cadastro de usuarios,2026-06-18,Diogo Rodrigues,Dúvidas,Alta,Resolvido,AMAZON TEMPER,Rayan,Não classificado,Quinta,2026-06,25
56418,Público,Chat inativo,2026-06-22,Diogo Rodrigues,Chat Inativo,Baixa,Resolvido,AMAZON TEMPER,Italo,Não classificado,Segunda,2026-06,26
56934,Público,Duvida referente a mapeamento de sistema (Estrutura de cliente) + Correção de emissão de relatorio,2026-06-30,Diogo Rodrigues,Dúvidas,Alta,Resolvido,ALUMISANTOS ALUMINIOS,THIAGO,Empresa,Terça,2026-06,27
56220,Público,Duvida referente a acesso/Modificação de usuarios,2026-06-18,Diogo Rodrigues,Dúvidas,Alta,Resolvido,FORTGLASS SOLUCOES EM VIDROS E ESQUADRIAS (ANTIGA 9445),Cláudio José,Atendimento CEM EXCLUSIVE,Quinta,2026-06,25
56338,Interno,ATUALIZAÇÃO DE MATERIAL MOF - HYDRO,2026-06-19,Pazzis Gamboa,Dúvidas,Baixa,Resolvido,SYNEREX,Alejandro,Empresa (Mercosul),Sexta,2026-06,25
56629,Público,Mapeamento em rede + chat inativo,2026-06-24,Gabriel Campos,Instalação,Alta,Resolvido,VIDRACARIA CAVASSIN LTDA,Katson,Empresa,Quarta,2026-06,26
56660,Público,Agendamento de atualização de material (TI vai chamar),2026-06-25,Gabriel Campos,Dúvidas,Alta,Resolvido,ATIMAKY ESQUADRIAS M,Engenharia Atimaky,Empresa,Quinta,2026-06,26
56682,Público,Personalização de relatórios (Suporte) + chat inativo ,2026-06-25,Gabriel Campos,Dúvidas,Alta,Resolvido,VM ESQUADRIAS EM ALUMINIO,Bárbara Agda - VM Esquadrias,Empresa,Quinta,2026-06,26
56475,Público,Atualização de versão ,2026-06-22,Gabriel Campos,Atualização Versão e Build,Alta,Resolvido,JANELAO PORTAS E JAN,Juliana Tomazini,Empresa,Segunda,2026-06,26
56459,Público,Verificação de licença + atualização de versão 3.6.0618,2026-06-22,Gabriel Campos,Erros,Alta,Resolvido,JANELAO PORTAS E JAN,Juliana Tomazini,Empresa,Segunda,2026-06,26
56500,Público,Erro ao entrar no sistema (Skyone),2026-06-23,Gabriel Campos,Nuvem Cloud,Alta,Resolvido,QUALITY VIDROS E ESQUADRIAS DE ALUMINIO,Denilson Grana Junior,Empresa,Terça,2026-06,26
56645,Público,Agendamento de atendimento ao cliente ,2026-06-24,Gabriel Campos,Dúvidas,Alta,Resolvido,DECORFLEX ESQUADRIAS,Sara,Empresa,Quarta,2026-06,26
56512,Público,Transferência de departamento - Relatório ,2026-06-23,Gabriel Campos,Transferência de Departamento,Alta,Resolvido,ART ESQUADRIAS,Thiago,Não classificado,Terça,2026-06,26
56541,Público,Agendamento de atualização de material ,2026-06-23,Gabriel Campos,Dúvidas,Alta,Resolvido,METAL LAR,Carollyne Brogliato,Empresa,Terça,2026-06,26
56888,Público,Ativação de estoque técnico ,2026-06-29,Gabriel Campos,Dúvidas,Alta,Resolvido,GRUPO VAX (Antiga 6687),João,Empresa,Segunda,2026-06,27
56544,Público,Dúvida referente a adicionar opções de montagem ,2026-06-23,Gabriel Campos,Dúvidas,Alta,Resolvido,MM ESQUADRIAS,Manoel,Empresa,Terça,2026-06,26
56786,Público,Dúvida referente a integração com o Faktory,2026-06-26,Gabriel Campos,Dúvidas,Alta,Resolvido,ATENUA SOM,Marcos Projeto,Empresa,Sexta,2026-06,26
56587,Público,Dúvida referente a uso do painel + criação de regra,2026-06-24,Gabriel Campos,Dúvidas,Alta,Resolvido,ELOGLASS,Eloglass - COMERCIAL,Empresa,Quarta,2026-06,26
56569,Público,Agendamento de atendimento ao cliente ,2026-06-23,Gabriel Campos,Dúvidas,Alta,Resolvido,ELOGLASS,Eloglass - COMERCIAL,Empresa,Terça,2026-06,26
56665,Público,Erro de autenticar esquadria + muda valor campo,2026-06-25,Gabriel Campos,Dúvidas,Alta,Resolvido,DOMINIC ESQUADRIAS,Clodoaldo Oliveira,Empresa,Quinta,2026-06,26
56822,Público,Agendamento de atendimento ao cliente ,2026-06-26,Gabriel Campos,Dúvidas,Alta,Resolvido,DOMINIC ESQUADRIAS,Clodoaldo Oliveira,Empresa,Sexta,2026-06,26
56554,Público,Atualização de versão 0414 + agendamento de atendimento ao cliente ,2026-06-23,Gabriel Campos,Atualização Versão e Build,Alta,Em atendimento,DOMINIC ESQUADRIAS,Clodoaldo Oliveira,Empresa,Terça,2026-06,26
56844,Público,Mapeamento em rede,2026-06-26,Gabriel Campos,Instalação,Alta,Resolvido,ALUMISANTOS ALUMINIOS,Diego,Empresa,Sexta,2026-06,26
56848,Público,Dúvida referente a erro de calculo (Altura de peitoril),2026-06-26,Gabriel Campos,Dúvidas,Alta,Resolvido,VIDRACARIA BRITO,Deise,Empresa,Sexta,2026-06,26
56912,Público,Agendamento de atendimento ao cliente ,2026-06-29,Gabriel Campos,Dúvidas,Alta,Resolvido,INSTALAR VIDROS (CARVALHO VIDROS(7150)),Carlos Eduardo de Souza Vieira,Empresa,Segunda,2026-06,27
56790,Público,Transferência de departamento - Relatório ,2026-06-26,Gabriel Campos,Transferência de Departamento,Alta,Resolvido,ATENUA SOM,Marcos,Empresa,Sexta,2026-06,26
56697,Público,Dúvida referente a envio de solicitação de projeto + chat inativo ,2026-06-25,Gabriel Campos,Dúvidas,Alta,Resolvido,CLERBEL,Isabel Basting,Empresa,Quinta,2026-06,26
56871,Público,Mapeamento em rede,2026-06-29,Gabriel Campos,Instalação,Alta,Resolvido,ALUMISANTOS ALUMINIOS,THIAGO,Empresa,Segunda,2026-06,27
56474,Público,Dúvida referente a fazer backup do sistema ,2026-06-22,Gabriel Campos,Dúvidas,Alta,Resolvido,TAVITRUM,Felipe Vasconcelos,Empresa,Segunda,2026-06,26
56646,Público,Dúvida referente a cadastrar empresa  + importar para faktory,2026-06-24,Gabriel Campos,Dúvidas,Alta,Resolvido,TAVITRUM,Felipe Vasconcelos,Empresa,Quarta,2026-06,26
56680,Público,Personalização de relatório + troca de sistema ,2026-06-25,Gabriel Campos,Dúvidas,Alta,Resolvido,HENRIQUE PEREIRA RODRIGUES BENTO,BENTO,Empresa,Quinta,2026-06,26
56413,Público,Dúvida referente ao entrar no sistema (CLOUD - Pasta Vazia),2026-06-22,Gabriel Campos,Dúvidas,Alta,Resolvido,GRUPO AL INDUSTRIA E COMERCIO DE ALUMINIOS (ANTIGO 10073),Luésio Lima,Empresa,Segunda,2026-06,26
56620,Público,Dúvida referente a salvar perfis especiais geral,2026-06-24,Gabriel Campos,Dúvidas,Alta,Resolvido,TALENTUS ESQUADRIAS (Antiga 674),Ismael Lucas,Empresa,Quarta,2026-06,26
56651,Público,Agendamento de atendimento ao cliente ,2026-06-24,Gabriel Campos,Dúvidas,Alta,Resolvido,DOMINIC ESQUADRIAS,Daiane,Empresa,Quarta,2026-06,26
56739,Público,Personalização de relatórios (Suporte) + autenticar esquadrias ,2026-06-25,Gabriel Campos,Dúvidas,Alta,Resolvido,COSBIEM,Eliel Lacerda,Empresa,Quinta,2026-06,26
56817,Público,Agendamento de atendimento ao cliente (Mapeamento),2026-06-26,Gabriel Campos,Dúvidas,Alta,Resolvido,PRIME VIDROS E ALUMINIO (CEMWEB-IMPLANTAÇÃO),Prime Vidros e Alumínio,Empresa (Onboarding),Sexta,2026-06,26
56870,Público,Dúvida referente a mapeamento em rede + chat inativo,2026-06-29,Gabriel Campos,Dúvidas,Alta,Resolvido,PRIME VIDROS E ALUMINIO (CEMWEB-IMPLANTAÇÃO),Prime Vidros e Alumínio,Empresa (Onboarding),Segunda,2026-06,27
56562,Público,Dúvida referente a cadastrar vidros e logotipo,2026-06-23,Gabriel Campos,Dúvidas,Alta,Resolvido,METRU ESQUADRIAS EM ALUMINIO E VIDROS,Vivian Nunes,Empresa,Terça,2026-06,26
56626,Público,Erro de código de caracteres invalido + solicitação de relatórios (ADD ONS),2026-06-24,Gabriel Campos,Dúvidas,Alta,Resolvido,VM ESQUADRIAS EM ALUMINIO,Nardelio,Empresa,Quarta,2026-06,26
56599,Público,Dúvida referente a excluir tipologia + chat inativo,2026-06-24,Gabriel Campos,Dúvidas,Alta,Resolvido,MOLDURENSE VIDROS,Yuta,Empresa,Quarta,2026-06,26
56763,Público,Agendamento de atualização de material ,2026-06-25,Gabriel Campos,Dúvidas,Alta,Resolvido,UNIT ESQUADRIAS,Virgiinia,Empresa,Quinta,2026-06,26
56764,Público,Agendamento de atendimento ao cliente ,2026-06-25,Gabriel Campos,Dúvidas,Alta,Resolvido,INOVAR,Orçamento Inovar - Eliane,Empresa,Quinta,2026-06,26
56519,Público,Personalização de relatórios (Suporte) + dúvida sobre melhoria ,2026-06-23,Gabriel Campos,Dúvidas,Alta,Resolvido,UNIKA VIDROS E ALUMINIO,Marcio Ricardo,Empresa,Terça,2026-06,26
56819,Público,Envio de levantamento de esquadria + transferência de departamento - relatórios  ,2026-06-26,Gabriel Campos,Dúvidas,Alta,Resolvido,FINESTRA & CIA,Finestra Esquadrias de Alumínio,Não classificado,Sexta,2026-06,26
56417,Público,Transferência de departamento - Financeiro + chat inativo ,2026-06-22,Gabriel Campos,Transferência de Departamento,Alta,Resolvido,NOBRE ALUMINIO,Orçamentos Nobre Alumínio,Empresa,Segunda,2026-06,26
56811,Público,Envio do tutorial do DEFCOTAS,2026-06-26,Gabriel Campos,Dúvidas,Alta,Resolvido,INVICTA INSTALACOES DE VIDROS (ANTIGO 436),William Pereira,Empresa,Sexta,2026-06,26
56760,Público,Dúvida referente a criação de regra ,2026-06-25,Gabriel Campos,Dúvidas,Alta,Resolvido,ELOGLASS,Eloglass - COMERCIAL,Empresa,Quinta,2026-06,26
56806,Público,Dúvida referente a existência de material MOF,2026-06-26,Gabriel Campos,Dúvidas,Alta,Resolvido,QUATTUOR ENGENHARIA E SOLUCOES (ANTIGO 9436),Taís,Não classificado,Sexta,2026-06,26
56931,Interno,Reset de senha do EGCLOUD + chat inativo,2026-06-30,Gabriel Campos,Dúvidas,Baixa,Resolvido,RM ALUMINIO (ANTIGO 1251),emerson,Empresa,Terça,2026-06,27
56849,Público,Chat inativo,2026-06-26,Gabriel Campos,Chat Inativo,Baixa,Resolvido,ALUC,Gerência e Rh Aluc Aberturas,Empresa,Sexta,2026-06,26
56852,Público,Agendamento de atendimento ao cliente (Relatórios),2026-06-26,Gabriel Campos,Dúvidas,Alta,Resolvido,ZAKA ALUMINIOS,Midian Coimbra,Empresa,Sexta,2026-06,26
56777,Público,Dúvida referente a criação de obra (Hydro - Citta Due),2026-06-26,Gabriel Campos,Dúvidas,Alta,Resolvido,INOVAR ESQUADRIAS E VIDROS LTDA,Inovar Esquadrias Comercial,Atendimento CEM EXCLUSIVE,Sexta,2026-06,26
56555,Público,Dúvida referente a cadastrar croqui,2026-06-23,Gabriel Campos,Dúvidas,Alta,Resolvido,DURANT FACHADAS E ESQUADRIAS,Caio,Empresa,Terça,2026-06,26
56670,Público,Chat inativo,2026-06-25,Gabriel Campos,Chat Inativo,Baixa,Resolvido,AMAZON TEMPER,Paulo Gentile,Não classificado,Quinta,2026-06,26
56535,Público,Chat inativo,2026-06-23,Gabriel Campos,Chat Inativo,Baixa,Resolvido,AMAZON TEMPER,Paulo Gentile,Não classificado,Terça,2026-06,26
56577,Público,Agendamento de atendimento ao cliente ,2026-06-23,Gabriel Campos,Dúvidas,Alta,Resolvido,AMAZON TEMPER,Paulo Gentile,Não classificado,Terça,2026-06,26
56558,Público,Chat inativo,2026-06-23,Gabriel Campos,Chat Inativo,Baixa,Resolvido,AMAZON TEMPER,Paulo Gentile,Não classificado,Terça,2026-06,26
56452,Público,Agendamento de atendimento ao cliente ,2026-06-22,Gabriel Campos,Dúvidas,Alta,Resolvido,LUMISYSTEM,Vinicius,Empresa,Segunda,2026-06,26
56482,Público,Agendamento de atualização de versão ,2026-06-22,Gabriel Campos,Dúvidas,Alta,Resolvido,NICOLI & DELEVATI LTDA - ME,NICOLI & DELEVATI LTDA - ME,Empresa,Segunda,2026-06,26
56429,Público,Dúvida referente a reinstalação de sistema e atualização de sistema ,2026-06-22,Gabriel Campos,Dúvidas,Alta,Resolvido,NICOLI & DELEVATI LTDA - ME,NICOLI & DELEVATI LTDA - ME,Empresa,Segunda,2026-06,26
56613,Público,Dúvida referente a mapeamento no disco K Faktory,2026-06-24,Giovana de Miranda,Dúvidas,Alta,Resolvido,ATENUA SOM,Leonardo Zangelmi,Empresa,Quarta,2026-06,26
56346,Público,Auto resolução,2026-06-19,Giovana de Miranda,Chat Inativo,Baixa,Resolvido,LOJA DO VIDRO PIRACICABA,Flávio Projetos,Empresa,Sexta,2026-06,25
56212,Público,Salvar arquivos no servidor,2026-06-18,Giovana de Miranda,Nuvem Cloud,Alta,Resolvido,RAJA SOCIEDADE UNIPESSOAL LTDA,Carlos Carvalho,Não classificado,Quinta,2026-06,25
56846,Público,Dúvida referente a salvar arquivos no cloud,2026-06-26,Giovana de Miranda,Nuvem Cloud,Alta,Resolvido,SMART METAL,LUIZ QUADROS,Empresa,Sexta,2026-06,26
56572,Público,Dúvida referente a margem de calculo de orçamento,2026-06-23,Giovana de Miranda,Dúvidas,Alta,Resolvido,ESQUADRITEMPER,Marcos,Empresa,Terça,2026-06,26
56457,Público,Transferencia de depto - financeiro,2026-06-22,Giovana de Miranda,Transferência de Departamento,Alta,Resolvido,NOBRE ALUMINIO,Orçamentos Nobre Alumínio,Empresa,Segunda,2026-06,26
56616,Público,Atualização de build da 0414 para 0618 + muda valor campo + atualização de materiais base,2026-06-24,Giovana de Miranda,Atualização Versão e Build,Alta,Resolvido,UNIKA VIDROS E ALUMINIO,Marcio Ricardo,Empresa,Quarta,2026-06,26
56484,Público,Dúvida referente a cadastro de vidros + manutenção de vidros,2026-06-22,Giovana de Miranda,Dúvidas,Alta,Resolvido,INVICTA INSTALACOES DE VIDROS (ANTIGO 436),William Pereira,Empresa,Segunda,2026-06,26
56792,Público,Dúvida referente a variável em condição de verificação,2026-06-26,Giovana de Miranda,Dúvidas,Alta,Resolvido,ESQUADRIUM - ESQUADRIAS E VIDROS,Junior,Empresa,Sexta,2026-06,26
56425,Público,Atalho do sistema em rede,2026-06-22,Giovana de Miranda,Instalação,Alta,Resolvido,RJ ESQUADRIAS,RJ Produção,Empresa,Segunda,2026-06,26
56349,Público,Dúvida referente a cadastro de linha Elegance Mirror no sistema ,2026-06-19,Giovana de Miranda,Dúvidas,Alta,Resolvido,USIMINAS SERRALHERIA,Vinícius Santos Arquitetura,Não classificado,Sexta,2026-06,25
56384,Público,Dúvida referente a emissão de relatorios,2026-06-19,Giovana de Miranda,Dúvidas,Alta,Resolvido,SIRAL,F C,Empresa,Sexta,2026-06,25
56451,Público,Dúvida referente a atualização de tabela de preços da SCHUCO,2026-06-22,Giovana de Miranda,Dúvidas,Alta,Resolvido,ALUBAUEN,Leandro Patcxyk,Empresa,Segunda,2026-06,26
56234,Público,Dúvida referente a opções de montagem em tipologia,2026-06-18,Giovana de Miranda,Dúvidas,Alta,Resolvido,UNIT ESQUADRIAS,Virgiinia,Empresa,Quinta,2026-06,25
56340,Público,Falha na comunicação com a rede,2026-06-19,Giovana de Miranda,Erros,Alta,Resolvido,PRISSMA VIDROS,Prissma Esquadria,Empresa,Sexta,2026-06,25
56313,Público,Envio de documento para construção de esquadrias + chat inativo,2026-06-19,Giovana de Miranda,Dúvidas,Alta,Resolvido,FUTURAL ALUMINIO,Sistema Cem,Empresa,Sexta,2026-06,25
56479,Interno,Melhoria -  Flag de salvar opções de montagem e vidro como padrão,2026-06-22,Giovana de Miranda,Melhorias,Alta,Produtos,ALUMIVAR ESQUADRIAS,Francisco,Empresa,Segunda,2026-06,26
56772,Interno,Falha de Cálculo no Módulo XYZ,2026-06-26,Giovana de Miranda,Dúvidas,Alta,Aguardando resposta da CT,UNIQUE,Pedro,Empresa,Sexta,2026-06,26
56251,Público,Erro de tela sobreposta no CLOUD + chat inativo,2026-06-18,Giovana de Miranda,Erros,Alta,Resolvido,NOVELTY ESQUADRIAS,Nelson,Empresa,Quinta,2026-06,25
56462,Público,Personalização de relatórios feito pelo suporte,2026-06-22,Giovana de Miranda,Dúvidas,Alta,Resolvido,ESQUADRIMAR,Vinicius,Empresa,Segunda,2026-06,26
56518,Público,Personalização de relatorios,2026-06-23,Giovana de Miranda,Dúvidas,Alta,Resolvido,ESQUADRIMAR,Vinicius,Empresa,Terça,2026-06,26
56750,Público,Atualização de versão da 3.5.24.0804 para 0618,2026-06-25,Giovana de Miranda,Atualização Versão e Build,Alta,Resolvido,TAJ VIDROS,Tatiana Pavan,Empresa,Quinta,2026-06,26
56389,Público,Dúvida referente a criação de elemento construtivo,2026-06-19,Giovana de Miranda,Dúvidas,Alta,Resolvido,ALUIM METAIS,Giovana,Empresa,Sexta,2026-06,25
56658,Interno,Melhoria CEM,2026-06-25,Giovana de Miranda,Melhorias,Alta,Em atendimento,INSTALAR VIDROS (CARVALHO VIDROS(7150)),Carlos Eduardo Souza Vieira,Empresa,Quinta,2026-06,26
56306,Público,Transferencia de departamento - financeiro,2026-06-19,Giovana de Miranda,Transferência de Departamento,Alta,Resolvido,ALUMITEK ESQUADRIAS,Larisse,Empresa,Sexta,2026-06,25
56263,Público,Dúvida referente a edição de elementos construtivos,2026-06-18,Giovana de Miranda,Dúvidas,Alta,Resolvido,VIDRO VIVO,Danielle,Empresa,Quinta,2026-06,25
56216,Público,Transferencia de departamento - relatórios personalizados,2026-06-18,Giovana de Miranda,Transferência de Departamento,Alta,Resolvido,ALUMACRO TECNOLOGIA EM ESQUADRIAS (ANTIGO 5578),Ricarty,Empresa,Quinta,2026-06,25
56880,Público,Dúvida referente a calculo gerado em relatório,2026-06-29,Giovana de Miranda,Dúvidas,Alta,Resolvido,DMETAL ESQUADRIAS DE ALUMINIO (ANTIGO 10257),Fernando,Empresa,Segunda,2026-06,27
56779,Público,Dúvida referente à cadastrar modelos 3D,2026-06-26,Giovana de Miranda,Dúvidas,Alta,Resolvido,INSTALAR VIDROS (CARVALHO VIDROS(7150)),Carlos Eduardo de Souza Vieira,Empresa,Sexta,2026-06,26
56419,Público,Chat inativo,2026-06-22,Giovana de Miranda,Chat Inativo,Baixa,Resolvido,ALUTEC DF,Tiago - Gerente Técnico,Empresa,Segunda,2026-06,26
56610,Público,Chat inativo,2026-06-24,Giovana de Miranda,Chat Inativo,Baixa,Resolvido,ALUTEC DF,Tiago - Gerente Técnico,Empresa,Quarta,2026-06,26
56661,Público,Erro de registro de sistema,2026-06-25,Giovana de Miranda,Erros,Alta,Resolvido,ALUMINIA PVC (ANTIGO 867),Jean,Empresa,Quinta,2026-06,26
56628,Público,Dúvida referente a colocar arquivo de relatorio personalizado,2026-06-24,Giovana de Miranda,Dúvidas,Alta,Resolvido,FEDERAL BOX & VIDROS,Suellen,Empresa,Quarta,2026-06,26
56668,Público,Dúvida referente a  cálculos gerados em orçamento e na obra,2026-06-25,Giovana de Miranda,Dúvidas,Alta,Resolvido,INSTALAR VIDROS (CARVALHO VIDROS(7150)),Katiane,Empresa,Quinta,2026-06,26
56693,Público,Personalização de relatórios feito pelo suporte + chat inativo,2026-06-25,Giovana de Miranda,Dúvidas,Alta,Resolvido,FORTGLASS SOLUCOES EM VIDROS E ESQUADRIAS (ANTIGA 9445),Cláudio José,Atendimento CEM EXCLUSIVE,Quinta,2026-06,26
56801,Público,Personalização de relatório,2026-06-26,Giovana de Miranda,Dúvidas,Alta,Resolvido,FORTGLASS SOLUCOES EM VIDROS E ESQUADRIAS (ANTIGA 9445),Cláudio José,Atendimento CEM EXCLUSIVE,Sexta,2026-06,26
56371,Público,Dúvida referente a substituir perfil extra,2026-06-19,Giovana de Miranda,Dúvidas,Alta,Resolvido,ALTEC ESQUADRIAS,Ewerton,Empresa,Sexta,2026-06,25
56253,Público,Dúvida referente à  emissão de relatorios,2026-06-18,Giovana de Miranda,Dúvidas,Alta,Resolvido,ALUVIN,Julio Cesar Gomes,Empresa,Quinta,2026-06,25
56300,Público,Transferencia de departamento - financeiro + chat inativo,2026-06-19,Giovana de Miranda,Transferência de Departamento,Alta,Resolvido,ALUMITEK ESQUADRIAS,Vitória,Empresa,Sexta,2026-06,25
56276,Público,Atualização de build da 0213 para 0414 + importar obra,2026-06-18,Giovana de Miranda,Atualização Versão e Build,Alta,Resolvido,VIDRACARIA AGUA BRANCA,Vanessa,Empresa,Quinta,2026-06,25
56635,Público,Atualização de build da 0414 para 0618,2026-06-24,Giovana de Miranda,Atualização Versão e Build,Alta,Resolvido,SÃO PAULO ESQUADRIAS,Renata,Empresa,Quarta,2026-06,26
56303,Público,Dúvida referente a ocultar itens do orçamento,2026-06-19,Giovana de Miranda,Dúvidas,Alta,Resolvido,DURANT FACHADAS E ESQUADRIAS,Marceli,Empresa,Sexta,2026-06,25
56411,Público,Atualização de build da  0322 para 0618 + atualização de material HYDRO e OLGA COLOR + transferncia de depto - relatorios + atalho em rede,2026-06-22,Giovana de Miranda,Atualização Versão e Build,Alta,Resolvido,DURANT FACHADAS E ESQUADRIAS,Marceli,Empresa,Segunda,2026-06,26
56221,Público,Acesso via remote app,2026-06-18,Giovana de Miranda,Nuvem Cloud,Alta,Resolvido,Esquadrias Piovesana,,Empresa,Quinta,2026-06,25
56288,Interno,Erro de reserva técnica ,2026-06-18,Giovana de Miranda,Erros,Alta,Produtos,VAL AÇO PWJ,Socorro Satyro,Atendimento CEM EXCLUSIVE,Quinta,2026-06,25
56395,Interno,Solicitação de melhoria para inclusão do lambri duplo GS-034 + chat inativo,2026-06-19,Giovana de Miranda,Melhorias,Alta,Resolvido,BRUBOX ALUMINIO E VIDRO (ANTIGO 896),Bruno Munhoz Soares,Empresa,Sexta,2026-06,25
56320,Público,Transferencia de departamento  - relatórios personalizados,2026-06-19,Giovana de Miranda,Transferência de Departamento,Alta,Resolvido,ALUBRASA,José Henrique,Empresa,Sexta,2026-06,25
56524,Público,Dúvida referente a substituição de componente na obra + chat inativo,2026-06-23,Giovana de Miranda,Dúvidas,Alta,Resolvido,SUPORTE VIDROS,Mateus Leite,Empresa,Terça,2026-06,26
56432,Público,Personalização de relatorios feito pelo suporte,2026-06-22,Giovana de Miranda,Dúvidas,Alta,Resolvido,EXTRA GLASS,Eduardo Benini,Empresa,Segunda,2026-06,26
56530,Público,Personalização de relatorio,2026-06-23,Giovana de Miranda,Dúvidas,Alta,Resolvido,EXTRA GLASS,Eduardo Benini,Empresa,Terça,2026-06,26
56324,Público,Personalização feito pelo suporte,2026-06-19,Giovana de Miranda,Dúvidas,Alta,Resolvido,EXTRA GLASS,Eduardo Benini,Empresa,Sexta,2026-06,25
56334,Público,Dúvida referente a excluir perfis especiais ,2026-06-19,Giovana de Miranda,Dúvidas,Alta,Resolvido,GRUPO VAX (ANTIGO 6687),NR ESQUADRIAS,Não classificado,Sexta,2026-06,25
56215,Público,Dúvida referente a existência de relatorio,2026-06-18,Giovana de Miranda,Dúvidas,Alta,Resolvido,PAGOTTO ALUMINIO,Robert,Empresa,Quinta,2026-06,25
56928,Público,Atualização build da 1208 para 0628 + atualização de material BASE + chat inativo,2026-06-30,Giovana de Miranda,Atualização Versão e Build,Alta,Resolvido,MM ESQUADRIAS,Manoel,Empresa,Terça,2026-06,27
56460,Público,Dúvida referente a cadastro de vidros,2026-06-22,Giovana de Miranda,Dúvidas,Alta,Resolvido,METAL LAR,Carollyne Brogliato,Empresa,Segunda,2026-06,26
56851,Público,Dúvida referente a perfis especiais,2026-06-26,Giovana de Miranda,Dúvidas,Alta,Resolvido,ALUBAUEN,Gustavo Rossa,Empresa,Sexta,2026-06,26
56808,Público,Personalização de relatorios + chat inativo,2026-06-26,Giovana de Miranda,Dúvidas,Alta,Resolvido,JB VIDROS E ESQUADRIAS (ANTIGO 9267),JB Vidros Esquadrias,Empresa,Sexta,2026-06,26
56339,Público,Dúvida referente a adicionar serviço extra + chat inativo,2026-06-19,Giovana de Miranda,Dúvidas,Alta,Resolvido,VIDRAÇARIA UNIÃO,Moizeis Souza,Empresa,Sexta,2026-06,25
56652,Público,Dúvida referente a cadastro de mao de obra para tipologias,2026-06-24,Giovana de Miranda,Dúvidas,Alta,Resolvido,EASB (ALFRAME),Rodrigo,Empresa,Quarta,2026-06,26
56525,Público,Atualização de build + atualização de material base,2026-06-23,Giovana de Miranda,Atualização Versão e Build,Alta,Resolvido,DNC ESQUADRIAS,Dino Komaba ??,Empresa,Terça,2026-06,26
56511,Público,Erro ao abrir aplicativos no Auto Sky Platform,2026-06-23,Giovana de Miranda,Nuvem Cloud,Alta,Resolvido,LUXES,Sérgio,Empresa,Terça,2026-06,26
56907,Público,Dúvida referente a operadores lógicos no CEM,2026-06-29,Giovana de Miranda,Dúvidas,Alta,Resolvido,RV ALUMINIUM,Kauã,Empresa,Segunda,2026-06,27
56502,Público,Erro ao abrir aplicativos no Auto Sky Platform,2026-06-23,Giovana de Miranda,Nuvem Cloud,Alta,Resolvido,LUXES,JARLIN-DEP. PROJ. LUXES,Empresa,Terça,2026-06,26
56286,Público,Dúvida referente a integração de preços da SCHUCO com o FAKTORY,2026-06-18,Giovana de Miranda,Dúvidas,Alta,Resolvido,ALUMISANTOS ALUMINIOS,Ricardo,Empresa,Quinta,2026-06,25
56409,Público,Atalho do sistema em rede,2026-06-22,Giovana de Miranda,Instalação,Alta,Resolvido,BETA BOX,Beta Box Esquadrias,Empresa,Segunda,2026-06,26
56586,Público,Dúvida referente a contato ao fornecedor MOF +  cadastro de acabamento,2026-06-24,Giovana de Miranda,Dúvidas,Alta,Resolvido,ALUVETRO ESQUADRIAS,Aluvetro Esquadrias,Empresa,Quarta,2026-06,26
56248,Público,Chat inativo,2026-06-18,Giovana de Miranda,Chat Inativo,Baixa,Resolvido,JC DESIGN,Douglas Iaquinto,Empresa,Quinta,2026-06,25
56653,Público,Atalho do sistema em rede,2026-06-24,Giovana de Miranda,Instalação,Alta,Resolvido,CIA DO VIDRO,Companhia Do Vidro,Empresa,Quarta,2026-06,26
56312,Público,Atualização de build da 0213 para 0322,2026-06-19,Giovana de Miranda,Atualização Versão e Build,Alta,Resolvido,VIDRO SERVICE,Luciene,Empresa,Sexta,2026-06,25
56319,Público,Chat inativo,2026-06-19,Giovana de Miranda,Chat Inativo,Baixa,Resolvido,VIDRO SERVICE,Luciene,Empresa,Sexta,2026-06,25
56614,Público,Dúvida em como filtrar somente os CM na obra,2026-06-24,Daniel Joaquim ,Dúvidas,Alta,Resolvido,ESQUADRIAS HIPER,Adilson,Empresa,Quarta,2026-06,26
56836,Público,Instalação de base zerada,2026-06-26,Daniel Joaquim ,Instalação,Alta,Resolvido,ALUMINIOBR,Lucas Petzold,Empresa,Sexta,2026-06,26
56268,Público,Atalho do sistema em rede,2026-06-18,Daniel Joaquim ,Instalação,Alta,Resolvido,BETA BOX,Beta Box Esquadrias,Empresa,Quinta,2026-06,25
56430,Público,Instalação de estrutura separada + dúvida na precificação de itens e por obra + valores negociados,2026-06-22,Daniel Joaquim ,Instalação,Alta,Resolvido,CONCEITO ESQUADRIAS E VIDROS,Fernando,Empresa,Segunda,2026-06,26
56627,Público,Erro de cálculo na SUP-MAXN02 por falta de altura de peitoril (90mm),2026-06-24,Daniel Joaquim ,Dúvidas,Alta,Resolvido,DEVTEC SOLUCOES PARA SUA OBRA,Rodrigo,Não classificado,Quarta,2026-06,26
56857,Público,Atualização de material MOF (base vidros),2026-06-26,Daniel Joaquim ,Dúvidas,Alta,Resolvido,NELSON VIDROS,Nelsinho,Empresa,Sexta,2026-06,26
56526,Público,Problemas ao acessar o servidor - foi excluído o usuário,2026-06-23,Daniel Joaquim ,Nuvem Cloud,Alta,Resolvido,JOIA ALUMINIO E VIDRO,"Wagner,JOIA ALUMINIO E VIDRO » Wesley do Vale - Dep. Técnico",Empresa,Terça,2026-06,26
56217,Público,Problemas ao acessar o link do EGCLOUD,2026-06-18,Daniel Joaquim ,Nuvem Cloud,Alta,Resolvido,TJ ESQUADRIAS DE ALUMINIO E VIDRAÇARIA,TJ Esquadrias Marketing,Empresa (Cliente VIP),Quinta,2026-06,25
56738,Público,Transferência de departamento - Financeiro + chat inativo,2026-06-25,Daniel Joaquim ,Transferência de Departamento,Alta,Resolvido,FRITZEN ESQUADRIAS,Fritzen Esquadrias,Empresa,Quinta,2026-06,26
56758,Público,Erro ao emitir relatório ,2026-06-25,Daniel Joaquim ,Dúvidas,Alta,Resolvido,ALLPRIME,Emilly,Atendimento CEM EXCLUSIVE,Quinta,2026-06,26
56449,Público,Troca de software de CEM PRO para CEM PLUS ,2026-06-22,Daniel Joaquim ,Instalação,Alta,Resolvido,VM ESQUADRIAS EM ALUMINIO,Lucas,Empresa,Segunda,2026-06,26
56322,Público,Dúvida me como excluir um item da proposta,2026-06-19,Daniel Joaquim ,Dúvidas,Alta,Resolvido,SUPER VETRO - QUALIDADE SUPERIOR EM VIDROS,Samuel Thomas,Empresa,Sexta,2026-06,25
56230,Público,Migração do Cloud para o local + chat inativo,2026-06-18,Daniel Joaquim ,Instalação,Alta,Resolvido,SUPER VETRO - QUALIDADE SUPERIOR EM VIDROS,Samuel Thomas,Empresa,Quinta,2026-06,25
56523,Público,Dúvidas referente ao CEMSync ,2026-06-23,Daniel Joaquim ,Dúvidas,Alta,Resolvido,MARCO TOFFOLI,Maria Eduarda,Empresa,Terça,2026-06,26
56726,Público,Dúvida no cadastro de croqui,2026-06-25,Daniel Joaquim ,Dúvidas,Alta,Resolvido,MARCO TOFFOLI,Maria Eduarda,Empresa,Quinta,2026-06,26
56730,Público,Dúvidas em como salvar croquis no servidor,2026-06-25,Daniel Joaquim ,Nuvem Cloud,Alta,Resolvido,MARCO TOFFOLI,Maria Eduarda,Empresa,Quinta,2026-06,26
56897,Público,"Erro """"falta de preencher etapas na obra""""  - será atualizado às 18h para resolver",2026-06-29,Daniel Joaquim ,Erros,Alta,Resolvido,TECNOFEAL,Thaíse,Empresa,Segunda,2026-06,27
56501,Público,Dúvida no cadastro de componente (silicone),2026-06-23,Daniel Joaquim ,Dúvidas,Alta,Resolvido,SUPORTE VIDROS,Mateus Leite,Empresa,Terça,2026-06,26
56705,Público,Agendamento para fazer atalho do sistema - problema de conexão com o servidor,2026-06-25,Daniel Joaquim ,Dúvidas,Alta,Resolvido,AMAZON TEMPER,Dyogo Victor,Empresa,Quinta,2026-06,26
56468,Público,Dúvida em como condicionar o croqui ,2026-06-22,Daniel Joaquim ,Dúvidas,Alta,Resolvido,BR ALUMINIUM FRAME (ANTIGO 10501),João Vitor Martins,Empresa,Segunda,2026-06,26
56595,Público,Dúvida na precificação de perfis pré-nativo,2026-06-24,Daniel Joaquim ,Dúvidas,Alta,Resolvido,DURANT FACHADAS E ESQUADRIAS,Marceli,Empresa,Quarta,2026-06,26
56365,Público,Chat inativo - atendido no ticket 56364,2026-06-19,Daniel Joaquim ,Chat Inativo,Baixa,Resolvido,BRUBOX ALUMINIO E VIDRO (ANTIGO 896),Bruno,Empresa,Sexta,2026-06,25
56737,Público,Dúvida sobre etapas de obras,2026-06-25,Daniel Joaquim ,Dúvidas,Alta,Resolvido,REVISAR,André Luiz,Empresa,Quinta,2026-06,26
56644,Público,Atalho do sistema em rede,2026-06-24,Daniel Joaquim ,Instalação,Alta,Resolvido,VIDROMIX,Leonardo/Bruno/Caio,Empresa,Quarta,2026-06,26
56689,Público,Transferência de departamento - Relatórios ,2026-06-25,Daniel Joaquim ,Transferência de Departamento,Alta,Resolvido,VIDRAÇARIA ABATE,Letícia/guilherme,Empresa,Quinta,2026-06,26
56390,Público,Atualização de material MOF (ALUMASA),2026-06-19,Daniel Joaquim ,Dúvidas,Alta,Resolvido,ALUMAX ESQUADRIAS,Airton Almeida,Empresa,Sexta,2026-06,25
56592,Público,Transferência de departamento - Faktory,2026-06-24,Daniel Joaquim ,Transferência de Departamento,Alta,Resolvido,SHOPPING DAS ESQUADRIAS,Jackson,Empresa,Quarta,2026-06,26
56265,Público,Erro de reserva técnica ,2026-06-18,Daniel Joaquim ,Erros,Alta,Produtos,VAL AÇO PWJ,Socorro Satyro,Atendimento CEM EXCLUSIVE,Quinta,2026-06,25
56715,Público,Atualização de build 0618,2026-06-25,Daniel Joaquim ,Atualização Versão e Build,Alta,Resolvido,GUARACAL VIDROS,JOSE AUGUSTO ALMEIDA,Empresa,Quinta,2026-06,26
56567,Público,INSTALAÇÃO CEM e BANCO DE DADOS ALUMINORTE - RW ASSESSORIA TÉCNICA,2026-06-23,Daniel Joaquim ,Implantação,Alta,Cancelado,DELLO ESQUADRIAS DE ALUMINIO,ALUMINORTE » Wilker - Aluminorte,Empresa,Terça,2026-06,26
56461,Público,Atualização de versão 3.5.24.1017 > 3.6.26.0618,2026-06-22,Daniel Joaquim ,Atualização Versão e Build,Alta,Resolvido,ATIMAKY ESQUADRIAS M,Ricardo_mf,Empresa,Segunda,2026-06,26
56800,Público,Dúvida no requisitos do sistema,2026-06-26,Daniel Joaquim ,Dúvidas,Alta,Resolvido,ATIMAKY ESQUADRIAS M,Ricardo_mf,Empresa,Sexta,2026-06,26
56789,Público,Dúvida de como funciona a reinstalação,2026-06-26,Daniel Joaquim ,Dúvidas,Alta,Resolvido,ATIMAKY ESQUADRIAS M,Ricardo_mf,Empresa,Sexta,2026-06,26
56557,Público,Erro de cursor not open,2026-06-23,Daniel Joaquim ,Erros,Alta,Resolvido,RJ ESQUADRIAS,Enzo Bosnic,Empresa,Terça,2026-06,26
56257,Público,Personalização de relatórios feito pelo suporte + chat inativo,2026-06-18,Daniel Joaquim ,Dúvidas,Alta,Resolvido,RAPIDAO VIDROS (ANTIGO 7255),José Cláudio,Empresa,Quinta,2026-06,25
56487,Público,Dúvida na emissão de relatórios,2026-06-22,Daniel Joaquim ,Dúvidas,Alta,Resolvido,ESQUADRITEMPER,Samuel Lima,Empresa,Segunda,2026-06,26
56623,Público,Offline message - Camila,2026-06-24,Daniel Joaquim ,Tickets Offline,Alta,Resolvido,CASA NOVA FACHADAS E ESQUADRIAS,Camila,Empresa,Quarta,2026-06,26
56633,Público,Dúvida na exportação de obra para o Faktory - Status errado e componente sem descrição,2026-06-24,Daniel Joaquim ,Dúvidas,Alta,Resolvido,CASA NOVA FACHADAS E ESQUADRIAS,Camila,Empresa,Quarta,2026-06,26
56650,Público,Análise técnica na esquadria do cliente para entender o erro de cálculo,2026-06-24,Daniel Joaquim ,Dúvidas,Alta,Resolvido,ALUIM METAIS,Giovana,Empresa,Quarta,2026-06,26
56728,Público,Erro de registro de sistema,2026-06-25,Daniel Joaquim ,Erros,Alta,Resolvido,V VILAR,Josué Freitas,Não classificado,Quinta,2026-06,26
56860,Público,Agendamento de atualização de material MOF (base),2026-06-26,Daniel Joaquim ,Dúvidas,Alta,Resolvido,BRUBOX ALUMINIO E VIDRO (ANTIGO 896),Bruno Munhoz Soares,Empresa,Sexta,2026-06,26
56858,Público,Dúvida no cadastro de cor/acabamento - Faltou a referência,2026-06-26,Daniel Joaquim ,Dúvidas,Alta,Resolvido,METALUMINIO,Felipe Belucci,Empresa,Sexta,2026-06,26
56364,Público,Solicitação de melhoria para inclusão do lambri duplo GS-034 + chat inativo,2026-06-19,Daniel Joaquim ,Melhorias,Alta,Resolvido,BRUBOX ALUMINIO E VIDRO (ANTIGO 896),Bruno Munhoz Soares,Empresa,Sexta,2026-06,25
56335,Público,Instalação de base zerada,2026-06-19,Daniel Joaquim ,Instalação,Alta,Resolvido,PRIME VIDROS E ALUMINIO (CEMWEB-IMPLANTAÇÃO),Prime Vidros e Alumínio,Empresa (Onboarding),Sexta,2026-06,25
56249,Público,Agendamento de atendimento para realizar atalho do sistema,2026-06-18,Daniel Joaquim ,Dúvidas,Alta,Resolvido,PRISCILA MENDES MORAIS,priscila m morais,Empresa,Quinta,2026-06,25
56441,Público,Duvida de reinstalação do CEM + chat inativo ,2026-06-22,Daniel Joaquim ,Dúvidas,Baixa,Resolvido,AMAZON TEMPER,Mirian Camargos Advogada,Não classificado,Segunda,2026-06,26
56252,Público,Erro ao imprimir relatório - somente em 1 máquina,2026-06-18,Daniel Joaquim ,Erros,Alta,Resolvido,LUMINE VIDROS,"Lumine Vidros,LUMINE VIDROS » andre",Empresa,Quinta,2026-06,25
56267,Público,Chat inativo - atendido no ticket 56268,2026-06-18,Daniel Joaquim ,Chat Inativo,Baixa,Resolvido,BETA BOX,Pedro,Empresa,Quinta,2026-06,25
56561,Público,Chat inativo - vai chamar para atualizar o material base,2026-06-23,Daniel Joaquim ,Chat Inativo,Baixa,Resolvido,AMAZON TEMPER,Hugo Gabriel,Não classificado,Terça,2026-06,26
56218,Público,Dúvida em relação ao acesso do EGCLOUD,2026-06-18,Daniel Joaquim ,Nuvem Cloud,Alta,Resolvido,CASA LEO,Atendimento,Empresa,Quinta,2026-06,25
56847,Público,Dúvida sobre a existência da linha SP20 da Aluminorte,2026-06-26,Daniel Joaquim ,Dúvidas,Alta,Resolvido,UNIQUE,Andressa Lima - Projetos e Orçamentos,Empresa,Sexta,2026-06,26
56622,Público,Offline message - Williams T.I ,2026-06-24,Daniel Joaquim ,Tickets Offline,Alta,Resolvido,CDE INDUSTRIA DE VIDROS,Williams T.I,Empresa,Quarta,2026-06,26
56624,Público,Dúvida em como alterar o peso de perfil,2026-06-24,Daniel Joaquim ,Dúvidas,Alta,Resolvido,FUTURAL ALUMINIO,Compras Futural Alumínio,Empresa,Quarta,2026-06,26
56214,Público,Dúvida na emissão de relatórios,2026-06-18,Daniel Joaquim ,Dúvidas,Alta,Resolvido,SIRAL,F C,Empresa,Quinta,2026-06,25
56755,Público,Atalho do sistema em rede,2026-06-25,Daniel Joaquim ,Instalação,Alta,Resolvido,RD FABRICACOES,Sá - RD,Empresa,Quinta,2026-06,26
56575,Público,Chat inativo,2026-06-23,Daniel Joaquim ,Chat Inativo,Baixa,Resolvido,VIDROS E ESQUADRIAS CAMPOS LTDA,Rafaelle Souza,Empresa,Terça,2026-06,26
56927,Público,Agendamento de atendimento - Realizado a alteração cadastral,2026-06-30,Daniel Joaquim ,Dúvidas,Alta,Resolvido,LOJA DO VIDRO PIRACICABA,Flávio Projetos,Empresa,Terça,2026-06,27
56829,Público,Implantação + treinamento -  ALLCATECH (13776),2026-06-26,Daniel Joaquim ,Implantação,Alta,Resolvido,Alumisoft Sistemas,Implantacao,Empresa,Sexta,2026-06,26
56810,Público,Implantação + treinamento -  LP2 ENGENHARIA (13774),2026-06-26,Daniel Joaquim ,Implantação,Alta,Resolvido,Alumisoft Sistemas,Implantacao,Empresa,Sexta,2026-06,26
56752,Público,Implantação + treinamento -  PERFECT LINE CONSTRUÇOES (13744),2026-06-25,Daniel Joaquim ,Implantação,Alta,Resolvido,Alumisoft Sistemas,Implantacao,Empresa,Quinta,2026-06,26
56734,Público,Upgrade -  ESQUADRIPRO (12162),2026-06-25,Daniel Joaquim ,Implantação,Alta,Resolvido,Alumisoft Sistemas,Implantacao,Empresa,Quinta,2026-06,26
56640,Público,Implantação + treinamento -  SARON ESQUADRIAS  (13763),2026-06-24,Daniel Joaquim ,Implantação,Alta,Resolvido,Alumisoft Sistemas,Implantacao,Empresa,Quarta,2026-06,26
56717,Público,Implantação + treinamento -  VIDRACARIA SAO JUDAS TADEU LTDA (13781),2026-06-25,Daniel Joaquim ,Implantação,Alta,Resolvido,Alumisoft Sistemas,Implantacao,Empresa,Quinta,2026-06,26
56695,Público,Implantação + treinamento -  OPEN TECH ESQUADRIAS LTDA (10514),2026-06-25,Daniel Joaquim ,Implantação,Alta,Resolvido,Alumisoft Sistemas,Implantacao,Empresa,Quinta,2026-06,26
56878,Público,Upgrade -  FENOR PLANEJAMENTO (13592),2026-06-29,Daniel Joaquim ,Implantação,Alta,Resolvido,Alumisoft Sistemas,Implantacao,Empresa,Segunda,2026-06,27
56882,Público,Downgrade -  ALLUCK INDUSTRIA (10255),2026-06-29,Daniel Joaquim ,Implantação,Alta,Resolvido,Alumisoft Sistemas,Implantacao,Empresa,Segunda,2026-06,27
56883,Público,Downgrade -  VISION DESIGN (9868),2026-06-29,Daniel Joaquim ,Implantação,Alta,Resolvido,Alumisoft Sistemas,Implantacao,Empresa,Segunda,2026-06,27
56827,Público,Upgrade -  BIMARK CONSULTOR (13586),2026-06-26,Daniel Joaquim ,Implantação,Alta,Resolvido,Alumisoft Sistemas,Implantacao,Empresa,Sexta,2026-06,26
56919,Público,Migração -  NOVA FER (12733),2026-06-29,Daniel Joaquim ,Implantação,Alta,Resolvido,Alumisoft Sistemas,Implantacao,Empresa,Segunda,2026-06,27
56906,Público,Downgrade -  LIBRIAN  (7132),2026-06-29,Daniel Joaquim ,Implantação,Alta,Resolvido,Alumisoft Sistemas,Implantacao,Empresa,Segunda,2026-06,27
56917,Público,Implantação + treinamento -  VETROFRAN  (8262),2026-06-29,Daniel Joaquim ,Implantação,Alta,Resolvido,Alumisoft Sistemas,Implantacao,Empresa,Segunda,2026-06,27
56913,Público,Licença adicional cortesia -  MEDIANEIRA VIDROS E ESQUADRIAS (10689),2026-06-29,Daniel Joaquim ,Implantação,Alta,Resolvido,Alumisoft Sistemas,Implantacao,Empresa,Segunda,2026-06,27
56887,Público,Downgrade -  MARABA ESQUADRIAS (553),2026-06-29,Daniel Joaquim ,Implantação,Alta,Resolvido,Alumisoft Sistemas,Implantacao,Empresa,Segunda,2026-06,27
56890,Público,Downgrade -  VCA ENGENHARIA (10040),2026-06-29,Daniel Joaquim ,Implantação,Alta,Resolvido,Alumisoft Sistemas,Implantacao,Empresa,Segunda,2026-06,27
56443,Público,Implantação + treinamento -  VCD INSTALAÇÕES (13773),2026-06-22,Daniel Joaquim ,Implantação,Alta,Resolvido,Alumisoft Sistemas,Implantacao,Empresa,Segunda,2026-06,26
56570,Público,Migração -  ALUMINOW ESQUADRIAS (8172),2026-06-23,Daniel Joaquim ,Implantação,Alta,Resolvido,Alumisoft Sistemas,Implantacao,Empresa,Terça,2026-06,26
56601,Público,Implantação + treinamento -  A&M ESQUADRIA DE ALUMINIO (13780),2026-06-24,Daniel Joaquim ,Implantação,Alta,Resolvido,Alumisoft Sistemas,Implantacao,Empresa,Quarta,2026-06,26
56606,Público,Licença adicional cortesia -  Metal Glass (13141),2026-06-24,Daniel Joaquim ,Implantação,Alta,Resolvido,Alumisoft Sistemas,Implantacao,Empresa,Quarta,2026-06,26
56223,Público,Implantação + treinamento -  PRIME VIDROS E ALUMINIO (10902),2026-06-18,Daniel Joaquim ,Implantação,Alta,Resolvido,Alumisoft Sistemas,Implantacao,Empresa,Quinta,2026-06,25
56426,Público,Upgrade -  JOIA ALUMINIO (WT ESQUADRIAS) (10651),2026-06-22,Daniel Joaquim ,Implantação,Alta,Resolvido,Alumisoft Sistemas,Implantacao,Empresa,Segunda,2026-06,26
56698,Público,Agendamento de instalação do sistema + chat inativo,2026-06-25,Daniel Joaquim ,Dúvidas,Alta,Resolvido,OPEN TECH SOLUCOES EM ESQUADRIAS,Orçamento Open Tech,Empresa,Quinta,2026-06,26
56815,Público,Chat inativo - fiquei aguardando acesso ao servidor,2026-06-26,Daniel Joaquim ,Chat Inativo,Baixa,Resolvido,OPEN TECH SOLUCOES EM ESQUADRIAS,Orçamento Open Tech,Empresa,Sexta,2026-06,26
56935,Público,Instalação de base zerada,2026-06-30,Daniel Joaquim ,Instalação,Alta,Resolvido,OPEN TECH SOLUCOES EM ESQUADRIAS,Orçamento Open Tech,Empresa,Terça,2026-06,27
56794,Público,Instalação de base zerada,2026-06-26,Daniel Joaquim ,Instalação,Alta,Resolvido,A & M ESQUADRIA DE ALUMINIO LTDA,Will,Empresa (Onboarding),Sexta,2026-06,26
56642,Público,Agendamento de instalação do sistema + chat inativo,2026-06-24,Daniel Joaquim ,Dúvidas,Alta,Resolvido,Will,,Não classificado,Quarta,2026-06,26
56814,Público,Dúvida nos requisitos recomendados do CEM,2026-06-26,Daniel Joaquim ,Dúvidas,Alta,Resolvido,VIDRACARIA E ALUMINIO SAO JUDAS,Vidraçaria São Judas,Empresa,Sexta,2026-06,26
56735,Público,Agendamento de instalação do sistema,2026-06-25,Daniel Joaquim ,Dúvidas,Alta,Resolvido,VIDRACARIA E ALUMINIO SAO JUDAS,Vidraçaria São Judas,Empresa,Quinta,2026-06,26
56528,Público,Agendamento de instalação do sistema,2026-06-23,Daniel Joaquim ,Dúvidas,Alta,Resolvido,VCD INSTALACOES E SERVICOS,Vinicius,Empresa,Terça,2026-06,26
56551,Público,Instalação de base zerada,2026-06-23,Daniel Joaquim ,Instalação,Alta,Resolvido,VCD INSTALACOES E SERVICOS,Vinicius,Empresa,Terça,2026-06,26
56596,Público,Migração do local para o cloud,2026-06-24,Daniel Joaquim ,Instalação,Alta,Resolvido,CDE INDUSTRIA DE VIDROS,"Williams T.I ,CDE INDUSTRIA DE VIDROS » COMPRAS CDE",Empresa,Quarta,2026-06,26
56439,Público,Atalho do sistema em rede,2026-06-22,Daniel Joaquim ,Instalação,Alta,Resolvido,CAMPOS ALTOS ESQUADRIAS,Pedroh Costa,Empresa,Segunda,2026-06,26
56756,Público,Troca o sistema CEM de máquina,2026-06-25,Patrick Nascimento,Instalação,Alta,Resolvido,JOSE CARLOS DOS SANTOS DE OLIVEIRA,José Carlos,Empresa,Quinta,2026-06,26
56804,Interno,Atualização de build (3.6.26.0618),2026-06-26,Patrick Nascimento,Atualização Versão e Build,Alta,Resolvido,A FUNCIONAL VIDROS,Kelvin Mendes - Meet Tecnologia,Empresa,Sexta,2026-06,26
56809,Interno,chat inativo,2026-06-26,Patrick Nascimento,Chat Inativo,Baixa,Resolvido,AMAZON TEMPER,Glenda,Não classificado,Sexta,2026-06,26
56647,Interno,Instalação de atalho em rede (mapeamento),2026-06-24,Patrick Nascimento,Instalação,Alta,Resolvido,CAMPOS ALTOS ESQUADRIAS,Wanderson Araujo,Empresa,Quarta,2026-06,26
56664,Público,duvida referente a condições de verificação ,2026-06-25,Patrick Nascimento,Dúvidas,Alta,Resolvido,ELOGLASS,Eloglass - COMERCIAL,Empresa,Quinta,2026-06,26
56816,Público,erro ao abrir uma nova obra,2026-06-26,Patrick Nascimento,Erros,Alta,Resolvido,VITRINE & ARTE,Financeiro Vitrine,Empresa,Sexta,2026-06,26
56598,Público,transferência de departamento (financeiro),2026-06-24,Patrick Nascimento,Transferência de Departamento,Alta,Resolvido,MONTALUMI ESQUADRIAS,Montalumi - Orçamentos,Empresa,Quarta,2026-06,26
56229,Público,chat inativo,2026-06-18,Patrick Nascimento,Chat Inativo,Baixa,Resolvido,ESQUADRIUM - ESQUADRIAS E VIDROS,Junior,Empresa,Quinta,2026-06,25
56706,Público,solicitação de criação de regra de orçamento,2026-06-25,Patrick Nascimento,Dúvidas,Alta,Resolvido,UNIKA VIDROS E ALUMINIO,Marcio Ricardo,Empresa,Quinta,2026-06,26
56929,Público,duvida referente a erro de calculo,2026-06-30,Patrick Nascimento,Dúvidas,Alta,Resolvido,INOVAR,Orçamento Inovar - Eliane,Empresa,Terça,2026-06,27
56588,Público,duvida referente a como criar um item simplificado,2026-06-24,Patrick Nascimento,Dúvidas,Alta,Resolvido,INOVAR,Orçamento Inovar - Eliane,Empresa,Quarta,2026-06,26
56579,Público,Atualização de material MOF (SCHUCO) + atualização de tabela de componentes,2026-06-23,Patrick Nascimento,Dúvidas,Alta,Resolvido,WA ESQUADRIAS DE ALU,ALINE,Empresa,Terça,2026-06,26
56621,Público,Erro de memory block ao abrir obra no CEM,2026-06-24,Patrick Nascimento,Erros,Alta,Resolvido,TADANO ESQUADRIAS,Gustavo,Empresa,Quarta,2026-06,26
56826,Público,transferência de departamento (financeiro),2026-06-26,Patrick Nascimento,Transferência de Departamento,Alta,Resolvido,CENTRO NORTE ESQUADRIAS,Jadson Martins,Empresa,Sexta,2026-06,26
56754,Público,duvida referente a como editar as opções de montagem,2026-06-25,Patrick Nascimento,Dúvidas,Alta,Resolvido,RJ ESQUADRIAS,Micael RJ Esquadrias,Empresa,Quinta,2026-06,26
56547,Público,duvida referente a erro memory block ao abrir uma obra,2026-06-23,Patrick Nascimento,Erros,Alta,Resolvido,TADANO ESQUADRIAS,Gustavo,Empresa,Terça,2026-06,26
56521,Público,duvida referente a erro de memory block ao abrir obras,2026-06-23,Patrick Nascimento,Erros,Alta,Resolvido,TADANO ESQUADRIAS,Gustavo,Empresa,Terça,2026-06,26
56560,Público,duvida referente a ativação do estoque técnico ,2026-06-23,Patrick Nascimento,Dúvidas,Alta,Resolvido,ALLPRIME,Iori Castro,Empresa,Terça,2026-06,26
56344,Público,chat inativo,2026-06-19,Patrick Nascimento,Chat Inativo,Baixa,Resolvido,ALUTEC DF,Anael Júnior,Empresa,Sexta,2026-06,25
56309,Público,Instalação de atalho em rede (mapeamento),2026-06-19,Patrick Nascimento,Instalação,Alta,Resolvido,LIDER DA ALTEROSA INDUSTRIAL,Cristiano,Empresa,Sexta,2026-06,25
56885,Público,duvida referente a como cadastrar componentes,2026-06-29,Patrick Nascimento,Dúvidas,Alta,Resolvido,UNIQUE,Andressa Lima - Projetos e Orçamentos,Empresa,Segunda,2026-06,27
56378,Público,duvida referente a precificação de perfis e acabamentos,2026-06-19,Patrick Nascimento,Dúvidas,Alta,Resolvido,UNIQUE,Andressa Lima - Projetos e Orçamentos,Empresa,Sexta,2026-06,25
56213,Público,duvida referente a atualização da tabela orientativa de componentes + chat inativo,2026-06-18,Patrick Nascimento,Dúvidas,Alta,Resolvido,ESQUADRIMAXXI ESQUADRIAS DE ALUMINIO,Ariana,Empresa,Quinta,2026-06,25
56258,Público,duvida referente a como alterar a logo da proposta comercial,2026-06-18,Patrick Nascimento,Dúvidas,Alta,Resolvido,CIA DO VIDRO,Gabriel Silva,Empresa,Quinta,2026-06,25
56471,Público,Reinstalação do sistema (troca de servidor) + atualização de build (0618),2026-06-22,Patrick Nascimento,Instalação,Alta,Resolvido,AMAZON TEMPER,Mirian Camargos Advogada,Não classificado,Segunda,2026-06,26
56302,Público,atualização de todos os materiais MOF do sistema,2026-06-19,Patrick Nascimento,Dúvidas,Alta,Resolvido,AGM ESQUADRIAS,MOISES - AGM ESQUADRIAS,Empresa,Sexta,2026-06,25
56347,Público,Troca de máquina para o sistema - reinstalação,2026-06-19,Patrick Nascimento,Instalação,Alta,Resolvido,VIDROMIX,Vidromix,Empresa,Sexta,2026-06,25
56855,Público,duvida referente a precificação de perfil incorreto,2026-06-26,Patrick Nascimento,Dúvidas,Alta,Resolvido,EM VIDROS,Setor de compras Em Vidros,Empresa,Sexta,2026-06,26
56370,Público,Duvida referente a personalização de relatórios,2026-06-19,Patrick Nascimento,Dúvidas,Alta,Resolvido,ESQUADRIAS ROMA,Thalita,Empresa,Sexta,2026-06,25
56431,Público,Duvida referente a personalização de relatórios,2026-06-22,Patrick Nascimento,Dúvidas,Alta,Resolvido,ESQUADRIAS ROMA,Thalita,Empresa,Segunda,2026-06,26
56336,Público,Duvida referente a personalização de relatórios,2026-06-19,Patrick Nascimento,Dúvidas,Alta,Resolvido,OGB ESQUADRIAS,Vinicius Clemente,Empresa,Sexta,2026-06,25
56745,Público,agendamento de reinstalação do sistema ,2026-06-25,Patrick Nascimento,Dúvidas,Alta,Resolvido,JOSE CARLOS DOS SANTOS DE OLIVEIRA,José Carlos,Empresa,Quinta,2026-06,26
56751,Público,chat inativo,2026-06-25,Patrick Nascimento,Chat Inativo,Baixa,Resolvido,BRUBOX ALUMINIO E VIDRO (ANTIGO 896),Bruno Munhoz Soares,Empresa,Quinta,2026-06,26
56842,Público,duvida referente a erro ao abrir o relatório de corte,2026-06-26,Patrick Nascimento,Dúvidas,Alta,Resolvido,A FUNCIONAL VIDROS,Marcela - Funcional Esquadria,Empresa,Sexta,2026-06,26
56877,Público,Erro de acesso ao EGCLOUD via HTML5 + atualização de build,2026-06-29,Patrick Nascimento,Nuvem Cloud,Alta,Resolvido,DIAGONAL ESQUADRIAS,LUCAS,Empresa,Segunda,2026-06,27
56733,Público,duvida referente a solicitação de melhoria + chat inativo,2026-06-25,Patrick Nascimento,Dúvidas,Alta,Resolvido,BRUBOX ALUMINIO E VIDRO (ANTIGO 896),Bruno Munhoz Soares,Empresa,Quinta,2026-06,26
56485,Público,duvida referente a exportação do relatório em excel,2026-06-22,Patrick Nascimento,Dúvidas,Alta,Resolvido,G4 ESQUADRIAS E FACHADAS,Bruno Lima,Empresa,Segunda,2026-06,26
56655,Público,transferência de departamento (Faktory),2026-06-24,Patrick Nascimento,Transferência de Departamento,Alta,Resolvido,ESQUADRO SERRALHERIA,Cesinha,Empresa,Quarta,2026-06,26
56892,Público,duvida referente a como editar as condições de verificação da esquadria,2026-06-29,Patrick Nascimento,Dúvidas,Alta,Resolvido,ALUIM METAIS,Giovana,Empresa,Segunda,2026-06,27
56684,Público,Atualização de material MOF (DECAMP e SCHUCO),2026-06-25,Patrick Nascimento,Dúvidas,Alta,Resolvido,ALUMISANTOS ALUMINIOS,THIAGO,Empresa,Quinta,2026-06,26
56940,Público,duvida de como cadastro uma nova cor no sistema,2026-06-30,Patrick Nascimento,Dúvidas,Alta,Resolvido,PREMIUM ESQUADRIAS,Carlos Carrijo,Empresa,Terça,2026-06,27
56630,Público,duvida referente a como importar uma obra,2026-06-24,Patrick Nascimento,Dúvidas,Alta,Resolvido,IMPERIAL ESQUADRIAS DE ALUMINIO,Marcelo,Empresa,Quarta,2026-06,26
56235,Público,Duvidas referente a CROQUIS ADICIONAIS,2026-06-18,Patrick Nascimento,Dúvidas,Média,Resolvido,UNIKA VIDROS E ALUMINIO,Edmar Carvalho,Empresa,Quinta,2026-06,25
56607,Público,duvida referente a erro de relatório,2026-06-24,Patrick Nascimento,Dúvidas,Alta,Resolvido,ELLO,Gustavo Lyra,Empresa,Quarta,2026-06,26
56566,Público,duvida referente a instalação do sistema ,2026-06-23,Patrick Nascimento,Dúvidas,Alta,Resolvido,DELLO ESQUADRIAS DE ALUMINIO,ALUMINORTE » Wilker A  Gomes,Empresa,Terça,2026-06,26
56532,Público,chat inativo,2026-06-23,Patrick Nascimento,Chat Inativo,Baixa,Resolvido,DELLO ESQUADRIAS DE ALUMINIO,ALUMINORTE » Wilker A  Gomes,Empresa,Terça,2026-06,26
56266,Público,agendamento de instalação de base zerada,2026-06-18,Patrick Nascimento,Dúvidas,Alta,Resolvido,DELLO ESQUADRIAS DE ALUMINIO,ALUMINORTE » Wilker A  Gomes,Empresa,Quinta,2026-06,25
56543,Público,transferência de departamento (comercial),2026-06-23,Patrick Nascimento,Transferência de Departamento,Alta,Resolvido,ALUZAP,Eduardo Zanette,Empresa,Terça,2026-06,26
56762,Público,duvida referente a reserva técnica,2026-06-25,Patrick Nascimento,Dúvidas,Alta,Resolvido,MEGANORDESTE,Fábio Bueno,Empresa,Quinta,2026-06,26
56310,Público,Atualização de build (3.6.26.0322),2026-06-19,Patrick Nascimento,Atualização Versão e Build,Alta,Resolvido,ALUMITEX ESQUADRIAS,Dayane de Carvalho,Empresa,Sexta,2026-06,25
56333,Público,chat inativo,2026-06-19,Patrick Nascimento,Chat Inativo,Baixa,Resolvido,SAO LUIZ ESQUADRIAS DE ALUMINIO (ANTIGO 814),KATIA,Empresa,Sexta,2026-06,25
56323,Público,duvida referente ao erro de códigos iguais no cadastro,2026-06-19,Patrick Nascimento,Erros,Alta,Resolvido,SAO LUIZ ESQUADRIAS DE ALUMINIO (ANTIGO 814),KATIA,Empresa,Sexta,2026-06,25
56834,Público,Agendamento de atualização de material MOF (DECAMP),2026-06-26,Patrick Nascimento,Dúvidas,Alta,Resolvido,ESQUADRITEMPER,Luis  Simioni,Empresa,Sexta,2026-06,26
56908,Público,duvida de como usar a opção de copiar e colar uma esquadria ,2026-06-29,Patrick Nascimento,Dúvidas,Alta,Resolvido,MP ALUMINIO,FABIO,Empresa,Segunda,2026-06,27
56785,Público,duvida referente a erro de licença expirada (feito LIC automática),2026-06-26,Patrick Nascimento,Dúvidas,Alta,Resolvido,VIDRACARIA DOIS IRMÃOS,Valmir,Empresa,Sexta,2026-06,26
56232,Público,Erro de licença expirada,2026-06-18,Patrick Nascimento,Dúvidas,Alta,Resolvido,ALUMIPRATA (ANTIGO 705),ADRIELE MARTINS,Empresa,Quinta,2026-06,25
56896,Público,chat inativo,2026-06-29,Patrick Nascimento,Chat Inativo,Baixa,Resolvido,JANELAO PORTAS E JAN,JULIANA,Empresa,Segunda,2026-06,27
56688,Público,chat inativo,2026-06-25,Patrick Nascimento,Chat Inativo,Baixa,Resolvido,2 IRMAOS,Quênia,Empresa,Quinta,2026-06,26
56374,Público,agendamento de reinstalação do sistema ,2026-06-19,Patrick Nascimento,Dúvidas,Alta,Resolvido,PERSONALIZZA ESQUADRIAS,Djalma C Vaz,Empresa,Sexta,2026-06,25
56414,Público,Reinstalação do sistema (troca de servidor),2026-06-22,Patrick Nascimento,Instalação,Alta,Resolvido,PERSONALIZZA ESQUADRIAS,Djalma C Vaz,Empresa,Segunda,2026-06,26
56509,Público,duvida referente a alteração de opções de montagem,2026-06-23,Patrick Nascimento,Dúvidas,Alta,Resolvido,VIVA COMUNICAÇÃO,Roberta,Empresa,Terça,2026-06,26
56423,Público,duvida referente a erro de conexão com o servidor + chat inativo,2026-06-22,Patrick Nascimento,Instalação,Alta,Resolvido,ALMAIS ESQUADRIAS DE ALUMINIO,Douglas,Empresa,Segunda,2026-06,26
56740,Público,solicitação de personalização de relatório,2026-06-25,Patrick Nascimento,Dúvidas,Alta,Resolvido,ALUC,Alex,Empresa,Quinta,2026-06,26
56741,Público,duvida referente ao cadastro de vidro,2026-06-25,Patrick Nascimento,Dúvidas,Alta,Resolvido,ELOGLASS,Eloglass - COMERCIAL,Empresa,Quinta,2026-06,26
56603,Público,duvida referente a precificação de pré-nativos,2026-06-24,Patrick Nascimento,Dúvidas,Alta,Resolvido,DURANT FACHADAS E ESQUADRIAS,Marceli,Empresa,Quarta,2026-06,26
56456,Público,duvida referente a numeração automática da obra ,2026-06-22,Patrick Nascimento,Dúvidas,Alta,Resolvido,UNIBOX,Marcos,Empresa,Segunda,2026-06,26
56723,Público,duvida referente a emissão de relatório de relação de vidros,2026-06-25,Patrick Nascimento,Dúvidas,Alta,Resolvido,VIDRO FORTE,Lara Eduarda,Empresa,Quinta,2026-06,26
56711,Público,chat inativo,2026-06-25,Patrick Nascimento,Chat Inativo,Baixa,Resolvido,VIDRO FORTE,Lara Eduarda,Empresa,Quinta,2026-06,26
56780,Público,duvida referente a mensagem de rdp ao acessar o sistema,2026-06-26,Patrick Nascimento,Instalação,Alta,Resolvido,CONCEPT ALUMINIUM,Vini L.,Empresa,Sexta,2026-06,26
56865,Público,duvida referente a como salvar um croqui no cloud,2026-06-26,Patrick Nascimento,Dúvidas,Alta,Resolvido,MARCO TOFFOLI,Maria Eduarda,Empresa,Sexta,2026-06,26
56282,Público,chat inativo,2026-06-18,Patrick Nascimento,Chat Inativo,Baixa,Resolvido,UNIT ESQUADRIAS,UNIT Técnico,Empresa,Quinta,2026-06,25
56615,Público,duvida referente a erro de calculo,2026-06-24,Patrick Nascimento,Dúvidas,Alta,Resolvido,MARCO TOFFOLI,Maria Eduarda,Empresa,Quarta,2026-06,26
56788,Público,duvida referente a alteração no tamanho da barra,2026-06-26,Patrick Nascimento,Dúvidas,Alta,Resolvido,ALUBAUEN,Gustavo Rossa,Empresa,Sexta,2026-06,26
56254,Público,duvida referente a substituição de perfil,2026-06-18,Patrick Nascimento,Dúvidas,Alta,Resolvido,FASTDOOR PORTAS AUTOMATICAS,Thaís Freitas,Não classificado,Quinta,2026-06,25
56850,Público,duvida referente as dimensões cadastradas no kit de vidro,2026-06-26,Patrick Nascimento,Dúvidas,Alta,Resolvido,VETRO FABRICAÇÃO DE ESQUADRIAS DE METAL,Isadora,Empresa,Sexta,2026-06,26
56504,Público,Atualização de build (3.6.26.0618),2026-06-23,Patrick Nascimento,Atualização Versão e Build,Alta,Resolvido,VIDRACARIA VITORIA,Roger M Brown,Empresa,Terça,2026-06,26
56901,Público,Reinstalação do sistema (troca de servidor),2026-06-29,Patrick Nascimento,Instalação,Alta,Resolvido,WX ESQUADRIAS,Héricles Juan,Empresa,Segunda,2026-06,27
56304,Público,Agendamento de atualização de material MOF (Perfil),2026-06-19,Patrick Nascimento,Dúvidas,Alta,Resolvido,VM ESQUADRIAS EM ALUMINIO,Lucas,Empresa,Sexta,2026-06,25
56619,Público,Atualização de build (3.6.26.0618),2026-06-24,Patrick Nascimento,Atualização Versão e Build,Alta,Resolvido,ALCONT ALUMÍNIO,VOLMAR,Empresa,Quarta,2026-06,26
56515,Público,Atualização de build (3.6.26.0618),2026-06-23,Patrick Nascimento,Atualização Versão e Build,Alta,Resolvido,VIDRACARIA VITORIA,Suporte Técnico,Empresa,Terça,2026-06,26
56450,Público,chat inativo,2026-06-22,Patrick Nascimento,Chat Inativo,Baixa,Resolvido,LUMISYSTEM IND E COM,Agatha,Não classificado,Segunda,2026-06,26
56672,Público,duvida referente a erro de calculo,2026-06-25,Patrick Nascimento,Dúvidas,Alta,Resolvido,BR ALUMINIUM FRAME (ANTIGO 10501),Letícia Rufino,Empresa,Quinta,2026-06,26
56686,Público,duvida referente a cadastrar croqui em um perfil,2026-06-25,Patrick Nascimento,Dúvidas,Alta,Resolvido,2 IRMAOS,Esquadrias de Aluminio 2 Irmãos,Empresa,Quinta,2026-06,26
56839,Público,duvida referente a substituição de perfil + chat inativo,2026-06-26,Patrick Nascimento,Chat Inativo,Baixa,Resolvido,VERC ESQUADRIAS,Anderson Andrew,Empresa,Sexta,2026-06,26
56321,Público,Atualização de Build 0322 + atualização de materiais MOF,2026-06-19,Pedro Cavalciuk,Atualização Versão e Build,Alta,Resolvido,METAL LAR,Carollyne Brogliato,Empresa,Sexta,2026-06,25
56436,Público,Duvida em como alterar tipologia para liberar mais opções de espessuras de vidros,2026-06-22,Pedro Cavalciuk,Dúvidas,Alta,Resolvido,KOR ESQUADRIAS EM ALUMINIO LTDA,Ana Paula,Não classificado,Segunda,2026-06,26
56910,Público,Duvida em como  voltar para orçamentos com obra em produção + chat inativo,2026-06-29,Pedro Cavalciuk,Chat Inativo,Baixa,Resolvido,IMPERIAL ALUMINIO,Nathan,Empresa,Segunda,2026-06,27
56237,Público,Duvidas referente a erro para gerar o relatório ,2026-06-18,Pedro Cavalciuk,Dúvidas,Média,Resolvido,ALPAC (ANTIGO 866),Alpac l Geisa Soares,Empresa,Quinta,2026-06,25
56787,Público,Registro de sistema,2026-06-26,Pedro Cavalciuk,Erros,Alta,Resolvido,FRITZEN ESQUADRIAS,Fritzen Esquadrias,Empresa,Sexta,2026-06,26
56499,Público,skyone sem o disco D: + chat inativo,2026-06-23,Pedro Cavalciuk,Nuvem Cloud,Alta,Resolvido,ALUCENTRO CENTRAL DE ALUMINIO,Daniel/ Lourenço Esquadrias,Empresa,Terça,2026-06,26
56363,Público,Transferência de departamento (financeiro),2026-06-19,Pedro Cavalciuk,Transferência de Departamento,Alta,Resolvido,DECCOR INDUSTRIA E COMERCIO DE ESQUADRIAS EM ALUMINIO,Luiza De Oliveira,Empresa,Sexta,2026-06,25
56805,Público,Atualização de  material MOF (PERFIL),2026-06-26,Pedro Cavalciuk,Dúvidas,Alta,Resolvido,KADESC,Helton Santos Cordeiro,Empresa,Sexta,2026-06,26
56676,Público,Atualização de build + importar cadastros,2026-06-25,Pedro Cavalciuk,Atualização Versão e Build,Alta,Resolvido,VALIGLASS ESQUADRIAS,Vinicius Turchetti,Empresa,Quinta,2026-06,26
56704,Público,Importação de material da norte lumi ,2026-06-25,Pedro Cavalciuk,Dúvidas,Alta,Resolvido,FLAMAPH SERVICOS E INSTALACOES DE ALUMINIO,Flávio Pereira Santos,Empresa,Quinta,2026-06,26
56840,Público,Duvida em como precificar vidros da SCHUCO,2026-06-26,Pedro Cavalciuk,Dúvidas,Alta,Resolvido,S NALDI,Vitor Serafim,Empresa,Sexta,2026-06,26
56328,Público,Atualização de build  0322 > 0414 (Build Emergencial),2026-06-19,Pedro Cavalciuk,Atualização Versão e Build,Alta,Resolvido,MARTINELLI,RUI,Empresa,Sexta,2026-06,25
56590,Público,Duvidas em como colocar condição de pagamento no orçamento + chat inativo,2026-06-24,Pedro Cavalciuk,Dúvidas,Alta,Resolvido,ALUMITEK ESQUADRIAS,Vitória,Empresa,Quarta,2026-06,26
56222,Público,Duvidas para reinstalação em outra maquina + fazer atalho em rede,2026-06-18,Pedro Cavalciuk,Dúvidas,Alta,Resolvido,PERSONALIZZA ESQUADRIAS,Djalma C Vaz,Empresa,Quinta,2026-06,25
56366,Público,Transferência de departamento (financeiro),2026-06-19,Pedro Cavalciuk,Transferência de Departamento,Alta,Resolvido,REQUINTE ESQUADRIAS E VIDROS,Emerson,Empresa,Sexta,2026-06,25
56879,Público,Reset de senha o usuário ANGELO S SOLUCOES EM ALUMINIO E VIDROS,2026-06-29,Pedro Cavalciuk,Nuvem Cloud,Alta,Resolvido,ANGELO S SOLUCOES EM ALUMINIO E VIDROS,Pedro,Empresa,Segunda,2026-06,27
56795,Público,Chat inativo,2026-06-26,Pedro Cavalciuk,Chat Inativo,Baixa,Resolvido,CLERBEL,Isabel Basting,Empresa,Sexta,2026-06,26
56679,Público,Chat Inativo,2026-06-25,Pedro Cavalciuk,Chat Inativo,Baixa,Resolvido,ALUMIVAR ESQUADRIAS,Francisco,Empresa,Quinta,2026-06,26
56608,Público,Duvida de como calcular contra marco automaticamente,2026-06-24,Pedro Cavalciuk,Dúvidas,Alta,Resolvido,SHOPPING DAS ESQUADRIAS,Jackson,Empresa,Quarta,2026-06,26
56636,Público,Atualização de versão e build,2026-06-24,Pedro Cavalciuk,Atualização Versão e Build,Alta,Resolvido,ALUMIGOLD ESQUADRIAS,AlumiGold,Empresa,Quarta,2026-06,26
56369,Público,Auto resolução,2026-06-19,Pedro Cavalciuk,Chat Inativo,Baixa,Resolvido,MODUAL ESQUADRIAS E VIDRO,Modual,Empresa,Sexta,2026-06,25
56713,Público,Duvida em como colocar croqui no orçamento,2026-06-25,Pedro Cavalciuk,Dúvidas,Alta,Resolvido,ATIMAKY ESQUADRIAS M,Alessandra,Empresa,Quinta,2026-06,26
56373,Público,Duvida ao cadastrar cores no sistema,2026-06-19,Pedro Cavalciuk,Dúvidas,Alta,Resolvido,PREMIUM ESQUADRIAS,Carlos Carrijo,Empresa,Sexta,2026-06,25
56549,Público,Duvida em como construir esquadrias do zero,2026-06-23,Pedro Cavalciuk,Dúvidas,Alta,Resolvido,MAGOSIL ESQUADRIAS METALICAS,Homero Gouveia,Empresa,Terça,2026-06,26
56691,Público,Chat inativo,2026-06-25,Pedro Cavalciuk,Chat Inativo,Baixa,Resolvido,MSE ESQUADRIAS,Luiz Augusto Araujo Rolla,Empresa,Quinta,2026-06,26
56510,Público,Atualização de versão 3.3 > 3.6,2026-06-23,Pedro Cavalciuk,Atualização Versão e Build,Alta,Resolvido,NICOLI & DELEVATI LTDA - ME,NICOLI & DELEVATI LTDA - ME,Empresa,Terça,2026-06,26
56348,Público,Duvida de reinstalação do CEM,2026-06-19,Pedro Cavalciuk,Dúvidas,Alta,Resolvido,AMAZON TEMPER,Mirian Camargos Advogada,Não classificado,Sexta,2026-06,25
56318,Público,Duvida de reinstalação do CEM,2026-06-19,Pedro Cavalciuk,Dúvidas,Alta,Resolvido,AMAZON TEMPER,Mirian Camargos Advogada,Não classificado,Sexta,2026-06,25
56933,Público,Duvida com o prazo de solicitação para criação de esquadrais ,2026-06-30,Pedro Cavalciuk,Dúvidas,Alta,Resolvido,FUTURAL ALUMINIO,Sistema Cem,Empresa,Terça,2026-06,27
56724,Público,Duvida em como adicionar croquis e ícones ,2026-06-25,Pedro Cavalciuk,Dúvidas,Alta,Resolvido,FUTURAL ALUMINIO,Sistema Cem,Empresa,Quinta,2026-06,26
56662,Público,Duvidas em como colocar um croqui em um perfil,2026-06-25,Pedro Cavalciuk,Dúvidas,Alta,Resolvido,FUTURAL ALUMINIO,Sistema Cem,Empresa,Quinta,2026-06,26
56299,Público,Transferência > financeiro,2026-06-19,Pedro Cavalciuk,Transferência de Departamento,Alta,Resolvido,UNIT ESQUADRIAS,"UNIT Técnico,UNIT ESQUADRIAS » Virgiinia",Empresa,Sexta,2026-06,25
56776,Público,Atualização de material MOF (Alumasa e Aluminorte),2026-06-26,Pedro Cavalciuk,Dúvidas,Alta,Resolvido,UNIT ESQUADRIAS,Virgiinia,Empresa,Sexta,2026-06,26
56729,Público,Duvida em como cadastrar um acabamento,2026-06-25,Pedro Cavalciuk,Dúvidas,Alta,Resolvido,UNICA ESQUADRIAS DE ALUMINIO,Fagner,Empresa,Quinta,2026-06,26
56893,Público,Criação de atalho em rede,2026-06-29,Pedro Cavalciuk,Instalação,Alta,Resolvido,LIDER DA ALTEROSA INDUSTRIAL,Thaina Carolina,Empresa,Segunda,2026-06,27
56412,Público,"Falha na comunicação do servidor, devido a instabilidade na rede",2026-06-22,Pedro Cavalciuk,Erros,Alta,Resolvido,USIMINAS SERRALHERIA,Vinícius Santos Arquitetura,Não classificado,Segunda,2026-06,26
56875,Público,Duvida em como cadastrar etiqueta,2026-06-29,Pedro Cavalciuk,Transferência de Departamento,Alta,Resolvido,MONTALUMI ESQUADRIAS,Montalumi - Orçamentos,Empresa,Segunda,2026-06,27
56428,Público,Reinicialização do serviço Firebird e Atualização de material MOF,2026-06-22,Pedro Cavalciuk,Instalação,Alta,Resolvido,SELTA,Nathalia,Não classificado,Segunda,2026-06,26
56625,Público,Duvida em como regravar o orçamento,2026-06-24,Pedro Cavalciuk,Dúvidas,Alta,Resolvido,INOVAR ESQUADRIAS E VIDROS LTDA,Inovar Esquadrias Comercial,Atendimento CEM EXCLUSIVE,Quarta,2026-06,26
56818,Público,Duvida em com precificar perfil pré nativo e acabamento,2026-06-26,Pedro Cavalciuk,Dúvidas,Alta,Resolvido,AMAZON TEMPER,Mateus Seifried,Não classificado,Sexta,2026-06,26
56556,Público,Duvida de como fazer um atalho do CEM para a área de trabalho,2026-06-23,Pedro Cavalciuk,Instalação,Alta,Resolvido,NICOLI & DELEVATI LTDA - ME,NICOLI & DELEVATI LTDA - ME,Empresa,Terça,2026-06,26
56936,Público,reinstalação de sistema + atualização de versão 3.5 > 3.6,2026-06-30,Pedro Cavalciuk,Instalação,Alta,Resolvido,MG ALUMINIO E VIDRO (ANTIGO 555),M. Bueno,Empresa,Terça,2026-06,27
56899,Interno,Duvida referente a instalação do sistema ,2026-06-29,Matheus Pulcinelli,Instalação,Alta,Resolvido,MG ALUMINIO E VIDRO (ANTIGO 555),M. Bueno,Empresa,Segunda,2026-06,27
56609,Público,Duvida referente a ativação do estoque técnico ,2026-06-24,Matheus Pulcinelli,Dúvidas,Alta,Resolvido,BR VIDROS,Winicius de Medeiros,Empresa,Quarta,2026-06,26
56709,Interno,Duvida referente ao contato do fornecedor ,2026-06-25,Matheus Pulcinelli,Dúvidas,Alta,Resolvido,PAULO OCTAVIANO INVESTIMENTOS IMOBILIARIOS,Khevin,Empresa,Quinta,2026-06,26
56690,Interno,Agendamento para atualização de material ,2026-06-25,Matheus Pulcinelli,Dúvidas,Alta,Resolvido,ALPREMIUM,Schueller A. Morais,Empresa,Quinta,2026-06,26
56527,Público,Duvida referente a desativar o campo de salvamento automatico de esquadrias ,2026-06-23,Matheus Pulcinelli,Dúvidas,Alta,Resolvido,SMART METAL,LUIZ QUADROS,Empresa,Terça,2026-06,26
56812,Público,Agendamento de atualização de material,2026-06-26,Matheus Pulcinelli,Dúvidas,Alta,Resolvido,ESQUADRIUM - ESQUADRIAS E VIDROS,Junior,Empresa,Sexta,2026-06,26
56539,Público,Duvida referente a campo em orçamento,2026-06-23,Matheus Pulcinelli,Dúvidas,Alta,Resolvido,INOVAR,Orçamento Inovar - Eliane,Empresa,Terça,2026-06,26
56453,Público,Duvida referente a existencia de tipologia ,2026-06-22,Matheus Pulcinelli,Dúvidas,Alta,Resolvido,USIMINAS SERRALHERIA,Vinícius Santos Arquitetura,Não classificado,Segunda,2026-06,26
56270,Público,Duvida referente a aplicabilidade automatica ,2026-06-18,Matheus Pulcinelli,Dúvidas,Alta,Resolvido,UNIQUE,Andressa Lima - Projetos e Orçamentos,Empresa,Quinta,2026-06,25
56250,Público,Duvida referente a existencia de material MOF + chat inativo ,2026-06-18,Matheus Pulcinelli,Dúvidas,Baixa,Resolvido,MOLDURENSE VIDROS,Yuta,Empresa,Quinta,2026-06,25
56905,Público,Duvida referente a cadastrar empresa ,2026-06-29,Matheus Pulcinelli,Dúvidas,Alta,Resolvido,WS ESQUADRIAS,Jaqueline Verissimo,Empresa,Segunda,2026-06,27
56565,Público,Duvida referente a criação de tipologia + chat inativo,2026-06-23,Matheus Pulcinelli,Dúvidas,Alta,Resolvido,TOP PLACAS,Grupo top serviço técnico em esquadria e vidros,Não classificado,Terça,2026-06,26
56368,Público,Atualização de build + atualização de material ,2026-06-19,Matheus Pulcinelli,Atualização Versão e Build,Alta,Resolvido,JJ COMERCIO DE GALVANIZADOS (antigo 1375),,Empresa,Sexta,2026-06,25
56889,Público,Personalização de relatório feita por suporte + transferencia para comercial ,2026-06-29,Matheus Pulcinelli,Dúvidas,Alta,Resolvido,MSE ESQUADRIAS,Luiz Augusto Araujo Rolla,Empresa,Segunda,2026-06,27
56275,Público,Duvida referente a obra nao aparecer no cadastro,2026-06-18,Matheus Pulcinelli,Dúvidas,Alta,Resolvido,QUATTRO VETRO,NIVEA,Empresa,Quinta,2026-06,25
56617,Público,Atualização de build ,2026-06-24,Matheus Pulcinelli,Atualização Versão e Build,Alta,Resolvido,ALCONT ALUMÍNIO,Christian Freda,Empresa,Quarta,2026-06,26
56687,Público,Agendamento de atualização de material,2026-06-25,Matheus Pulcinelli,Dúvidas,Alta,Resolvido,UNIQUE,Pedro,Empresa,Quinta,2026-06,26
56714,Público,Pedro - UNIQUE,2026-06-25,Matheus Pulcinelli,Dúvidas,Alta,Em atendimento,UNIQUE,Pedro,Empresa,Quinta,2026-06,26
56911,Público,Agendamento de atualização,2026-06-29,Matheus Pulcinelli,Dúvidas,Alta,Resolvido,BH ESQUADRIAS,thais silva,Empresa,Segunda,2026-06,27
56702,Público,Duvida referente a filtro na obra ,2026-06-25,Matheus Pulcinelli,Dúvidas,Alta,Resolvido,OKNO ALUMINIO (ANTIGO 11087 ),Cléofas,Empresa,Quinta,2026-06,26
56742,Público,Transferência de departamento - relatório,2026-06-25,Matheus Pulcinelli,Transferência de Departamento,Alta,Resolvido,FEDERAL BOX & VIDROS,Suellen,Empresa,Quinta,2026-06,26
56233,Público,Duvida referente a existencia de relatorio,2026-06-18,Matheus Pulcinelli,Dúvidas,Alta,Resolvido,INSTALAR VIDROS (CARVALHO VIDROS(7150)),Katiane,Empresa,Quinta,2026-06,25
56388,Público,Agendamento para atualização de build ,2026-06-19,Matheus Pulcinelli,Dúvidas,Alta,Resolvido,ALUMITEX ESQUADRIAS,Dayane de Carvalho,Empresa,Sexta,2026-06,25
56433,Público,Atualização de build ,2026-06-22,Matheus Pulcinelli,Atualização Versão e Build,Alta,Resolvido,VIDRACARIA BARBOSA ESQ,Eduarda Ag Barbosa,Empresa,Segunda,2026-06,26
56458,Público,Francisco  - ALUMIVAR ESQUADRIAS,2026-06-22,Matheus Pulcinelli,Melhorias,Alta,Em atendimento,ALUMIVAR ESQUADRIAS,Francisco,Empresa,Segunda,2026-06,26
56228,Público,Transferência de departamento - relatório + chat inativo,2026-06-18,Matheus Pulcinelli,Transferência de Departamento,Baixa,Resolvido,J GIANINI,BRUNO CASTRO,Atendimento CEM EXCLUSIVE,Quinta,2026-06,25
56255,Público,Duvida referente a importar tipologia ,2026-06-18,Matheus Pulcinelli,Dúvidas,Alta,Resolvido,FORTELINE ESQUADRIAS DE ALUMINIO (Antiga Dynamica 6097),Eduardo Forteline Esquadrias,Empresa,Quinta,2026-06,25
56446,Público,Tranferencia de departamento - Financeiro ,2026-06-22,Matheus Pulcinelli,Transferência de Departamento,Alta,Resolvido,REQUINTE ESQUADRIAS E VIDROS,Emerson,Empresa,Segunda,2026-06,26
56784,Público,Atualização de material MOF ,2026-06-26,Matheus Pulcinelli,Dúvidas,Alta,Resolvido,DMETAL ESQUADRIAS DE ALUMINIO (ANTIGO 10257),Fernando,Empresa,Sexta,2026-06,26
56553,Público,Duvida referente ao cadastro de componente sobre parafusos ,2026-06-23,Matheus Pulcinelli,Dúvidas,Alta,Resolvido,ALUVIN,Julio Cesar Gomes,Empresa,Terça,2026-06,26
56331,Público,Duvida referente a cadastro de cores,2026-06-19,Matheus Pulcinelli,Dúvidas,Alta,Resolvido,VIDROMAX,Jenifer,Empresa,Sexta,2026-06,25
56367,Público,Duvida referente a exportar esquadria ,2026-06-19,Matheus Pulcinelli,Dúvidas,Alta,Resolvido,FORTGLASS SOLUCOES EM VIDROS E ESQUADRIAS (ANTIGA 9445),Cláudio José,Atendimento CEM EXCLUSIVE,Sexta,2026-06,25
56341,Público,Duvida referente ao cadastro de kits,2026-06-19,Matheus Pulcinelli,Dúvidas,Alta,Resolvido,ELOGLASS,Eloglass - COMERCIAL,Empresa,Sexta,2026-06,25
56725,Público,Duvida referente a instalação de atalho em rede + chat inativo ,2026-06-25,Matheus Pulcinelli,Instalação,Alta,Resolvido,AMAZON TEMPER,Dyogo Victor,Empresa,Quinta,2026-06,26
56247,Público,Duvida referente ao custo ,2026-06-18,Matheus Pulcinelli,Dúvidas,Alta,Resolvido,SUPORTE VIDROS,Mateus Leite,Empresa,Quinta,2026-06,25
56531,Público,Tranferencia de departamento - ouvidoria,2026-06-23,Matheus Pulcinelli,Transferência de Departamento,Alta,Resolvido,CRISTAL VIDROS CHAPADA,Marco Gazziero,Empresa,Terça,2026-06,26
56873,Público,Duvida referente a reativar linha de esquadrias ,2026-06-29,Matheus Pulcinelli,Dúvidas,Alta,Resolvido,MARCO TOFFOLI,Maria Eduarda,Empresa,Segunda,2026-06,27
56448,Público,Atualização de versão ,2026-06-22,Matheus Pulcinelli,Atualização Versão e Build,Alta,Resolvido,FRAME PROJETOS E ENGENHARIA,Carlos Klein,Empresa,Segunda,2026-06,26
56272,Público,Duvida referente a derrubar usuario ,2026-06-18,Matheus Pulcinelli,Dúvidas,Alta,Resolvido,KCG ALUMINIO,Kcg Esquadrias De Aluminio,Empresa,Quinta,2026-06,25
56778,Público,Tranferencia de departamento - financeiro ,2026-06-26,Matheus Pulcinelli,Transferência de Departamento,Alta,Resolvido,FRITZEN ESQUADRIAS,Fritzen Esquadrias,Empresa,Sexta,2026-06,26
56900,Público,Duvida referente a reinstalação do sistema ,2026-06-29,Matheus Pulcinelli,Instalação,Alta,Resolvido,MG ALUMINIO E VIDRO (ANTIGO 555),MG Orçamentos,Empresa,Segunda,2026-06,27
56342,Público,Atualização de material MOF - Perfil ,2026-06-19,Matheus Pulcinelli,Dúvidas,Alta,Resolvido,VM ESQUADRIAS EM ALUMINIO,Lucas,Empresa,Sexta,2026-06,25
56881,Público,Agendamento para troca de máquina ,2026-06-29,Matheus Pulcinelli,Dúvidas,Alta,Resolvido,WX ESQUADRIAS,Héricles Juan,Empresa,Segunda,2026-06,27
56546,Público,Duvida referente a excluir tipologia ,2026-06-23,Matheus Pulcinelli,Dúvidas,Alta,Resolvido,ALUMAN,Elaine,Empresa,Terça,2026-06,26
56327,Público,Duvida referente ao calculo da obra ,2026-06-19,Matheus Pulcinelli,Dúvidas,Alta,Resolvido,SUPLEMA,Eng. Maicon Rodrigues,Empresa,Sexta,2026-06,25
56823,Público,Tranferencia de departamento + chat inativo,2026-06-26,Matheus Pulcinelli,Transferência de Departamento,Alta,Resolvido,VIDRACARIA ATUAL,Ruan Vidracaria Atual,Empresa,Sexta,2026-06,26
56604,Público,Personalização de relatório feita por suporte,2026-06-24,Matheus Pulcinelli,Dúvidas,Alta,Resolvido,VM ESQUADRIAS EM ALUMINIO,Bárbara Agda - VM Esquadrias,Empresa,Quarta,2026-06,26
56264,Público,Duvidas referente a erro de calculo e cadastro ,2026-06-18,Matheus Pulcinelli,Dúvidas,Alta,Resolvido,KOR ESQUADRIAS EM ALUMINIO LTDA,Ana Paula,Não classificado,Quinta,2026-06,25
56473,Público,Duvida referente ao status do orçamento ,2026-06-22,Matheus Pulcinelli,Dúvidas,Alta,Resolvido,NOVA VIDROS,Pedro Henrique,Empresa,Segunda,2026-06,26
56415,Público,Chat inativo,2026-06-22,Pedro Santos,Chat Inativo,Baixa,Resolvido,AMAZON TEMPER,Italo,Não classificado,Segunda,2026-06,26
57789,Público,Duvidas - Material WALLFRAME,2026-07-10,Italo Gomes ,Dúvidas,Alta,Resolvido,IANE,EDSON,Empresa,Sexta,2026-07,28
57808,Público,Acesso material - SCHUCO ,2026-07-10,Italo Gomes ,Dúvidas,Alta,Resolvido,CENDRON ESQUADRIAS DE ALUMINIO,Juliano Cendron,Empresa,Sexta,2026-07,28
57793,Público,Reinstalação do Sistema ,2026-07-10,Italo Gomes ,Instalação,Alta,Resolvido,PERFIL,Hernan Dario Chalarca Toro,Empresa,Sexta,2026-07,28
57769,Público,Reinstalação do Sistema ,2026-07-10,Italo Gomes ,Instalação,Alta,Resolvido,ALUMISANTOS ALUMINIOS,Daniel,Empresa,Sexta,2026-07,28
57785,Público,Duvidas - Colocar opções de medidas a mais em Fachadas,2026-07-10,Italo Gomes ,Dúvidas,Alta,Resolvido,EXCLUSIVA ESQUADRIAS (ANTIGO 23),Noemi,Não classificado,Sexta,2026-07,28
57792,Público,Duvidas - Cadastros de Cores \ EGCLOUD e acesso do CEM externo,2026-07-10,Italo Gomes ,Dúvidas,Alta,Resolvido,PRISMAR,Letícia,Empresa,Sexta,2026-07,28
57804,Público,Duvidas - Cadastros de Cores ,2026-07-10,Italo Gomes ,Dúvidas,Alta,Resolvido,RAVELI ESQUADRIAS,Raveli Esquadrias,Empresa,Sexta,2026-07,28
57766,Público,Melhoria - Escolha geral de cores na exportação de Produção para o Faktory  ,2026-07-10,Italo Gomes ,Melhorias,Alta,Resolvido,ALUMACRO TECNOLOGIA EM ESQUADRIAS (ANTIGO 5578),Ranyelly,Empresa,Sexta,2026-07,28
57775,Público,Ajuste - Impressora Padrão,2026-07-10,Italo Gomes ,Dúvidas,Alta,Resolvido,CONCEITO VIDROS E ESQUADRIAS,Rodrigo,Empresa,Sexta,2026-07,28
57788,Público,Duvidas - Inserção de Itens na obra ,2026-07-10,Italo Gomes ,Dúvidas,Alta,Resolvido,FINESTRA & CIA,Finestra Esquadrias de Alumínio,Não classificado,Sexta,2026-07,28
57780,Público,Duvidas - Precificação de Kits,2026-07-10,Italo Gomes ,Dúvidas,Alta,Resolvido,ESQUADRITEMPER,Marcos,Empresa,Sexta,2026-07,28
57433,Público,Duvidas referente a erro de calculo de kit - campo quantidade do kit com - ,2026-07-06,Davi Barros,Dúvidas,Alta,Resolvido,ESQUADRITEMPER,Marcos,Empresa,Segunda,2026-07,28
57650,Público,Duvidas referente a duplicar itens na obra,2026-07-08,Davi Barros,Dúvidas,Média,Resolvido,INOVAR,Orçamento Inovar - Eliane,Empresa,Quarta,2026-07,28
57077,Público,Edição do projeto MG32-PCR200,2026-07-01,Davi Barros,Dúvidas,Alta,Resolvido,LUMERTZ & MENGUE,Jean Krás Borges,Empresa,Quarta,2026-07,27
57909,Público,Transferencia - financeiro ,2026-07-13,Davi Barros,Transferência de Departamento,Média,Resolvido,VIDRACARIA FKR LTDA,F K R Vidros e Esquadrias,Empresa,Segunda,2026-07,29
57949,Público,transferencia - financeiro,2026-07-14,Davi Barros,Transferência de Departamento,Média,Resolvido,VIDRACARIA FKR LTDA,F K R Vidros e Esquadrias,Empresa,Terça,2026-07,29
57133,Público,Duvidas referente a ticket de melhoria 55588,2026-07-01,Davi Barros,Transferência de Departamento,Média,Resolvido,INSTALAR VIDROS (CARVALHO VIDROS(7150)),Carlos Eduardo de Souza Vieira,Empresa,Quarta,2026-07,27
56945,Público,Erro de tela sobreposta,2026-06-30,Giulia Castanho,Erros,Alta,Resolvido,DMETAL ESQUADRIAS DE ALUMINIO (ANTIGO 10257),Fernando,Empresa,Terça,2026-06,27
57573,Público,Dúvida referente a precificação de componentes,2026-07-07,Giulia Castanho,Dúvidas,Alta,Resolvido,ALOX ALUMINIUM,GRAZIELE,Empresa,Terça,2026-07,28
57711,Público,Dúvida referente a relatório personalizado,2026-07-09,Giulia Castanho,Dúvidas,Alta,Resolvido,FORTGLASS SOLUCOES EM VIDROS E ESQUADRIAS (ANTIGA 9445),Cláudio José,Atendimento CEM EXCLUSIVE,Quinta,2026-07,28
57994,Público,Dúvida referente a DEFCOTAS,2026-07-14,Giulia Castanho,Dúvidas,Alta,Resolvido,FORTGLASS SOLUCOES EM VIDROS E ESQUADRIAS (ANTIGA 9445),Cláudio José,Atendimento CEM EXCLUSIVE,Terça,2026-07,29
57576,Público,Transferencia de departamento - relatórios,2026-07-07,Giulia Castanho,Transferência de Departamento,Alta,Resolvido,EURONOBRE ESQUADRIAS (ANTIGO AMAURY ALVES 7655),DAniela,Empresa,Terça,2026-07,28
56975,Público,Transferência de departamento- faktory,2026-06-30,Giulia Castanho,Transferência de Departamento,Alta,Resolvido,ARTENELE,Arielson,Empresa,Terça,2026-06,27
57922,Público,Transferencia de departamento - financeiro ,2026-07-13,Giulia Castanho,Transferência de Departamento,Alta,Resolvido,ALPAC (ANTIGO 866),JAILAN,Empresa,Segunda,2026-07,29
57177,Público,Dúvida referente a pasta croquis,2026-07-02,Giulia Castanho,Dúvidas,Alta,Resolvido,2 IRMAOS,karen,Empresa,Quinta,2026-07,27
56962,Público,Erro de relatório ( em analise ),2026-06-30,Giulia Castanho,Dúvidas,Alta,Resolvido,2 IRMAOS,karen,Empresa,Terça,2026-06,27
56979,Público,Agendamento de atualização de material da SCHUCO,2026-06-30,Giulia Castanho,Dúvidas,Alta,Resolvido,ALLPRIME,Adriana - Allprime,Atendimento CEM EXCLUSIVE,Terça,2026-06,27
57895,Público,Atualização de build 0322,2026-07-13,Giulia Castanho,Atualização Versão e Build,Alta,Resolvido,VIRTUE ESQUADRIAS (ANTIGO 10340),Juliana,Empresa,Segunda,2026-07,29
57675,Público,Atualização de versão para importação de obra,2026-07-08,Giulia Castanho,Atualização Versão e Build,Alta,Resolvido,KP ENGENHARIA (ANTIGO 8386),Kerstin Pinz,Empresa,Quarta,2026-07,28
57924,Público,Dúvida referente a colocar logotipo,2026-07-13,Giulia Castanho,Dúvidas,Alta,Resolvido,LIDER ESCADAS DE ALUMINIO,Josymar Leal,Empresa,Segunda,2026-07,29
57147,Público,Offline messag,2026-07-01,Giulia Castanho,Tickets Offline,Média,Resolvido,AWH ESQUADRIAS DE ALUMINIO,Daniela,Empresa,Quarta,2026-07,27
57972,Público,Transferencia de departamento - financeiro ,2026-07-14,Giulia Castanho,Transferência de Departamento,Alta,Resolvido,ALUMINAS (A&L ESQUADRIAS),Lucineia Lopes,Empresa,Terça,2026-07,29
57617,Público,Atualização de material da FORGATTI,2026-07-08,Giulia Castanho,Dúvidas,Alta,Resolvido,SERRALHERIA CHAVEGATI,wesley matias,Empresa,Quarta,2026-07,28
57348,Público,Transferencia de departamento - comercial,2026-07-03,Giulia Castanho,Transferência de Departamento,Alta,Resolvido,TALENTUS ESQUADRIAS (Antiga 674),Ismael,Empresa,Sexta,2026-07,27
57931,Público,Mensagem offline,2026-07-13,Giulia Castanho,Tickets Offline,Média,Resolvido,EUGENIO VIDROS E ACESSORIOS,EUGÊNIO VIDROS,Empresa,Segunda,2026-07,29
57694,Público,Dúvida referente a campo descrição de itens ,2026-07-09,Giulia Castanho,Dúvidas,Alta,Resolvido,ALUMITRA ESQUADRIAS DE ALUMINIO E VIDRO,Filipe Macêdo,Empresa,Quinta,2026-07,28
57839,Público,Atualização de build 0322,2026-07-13,Giulia Castanho,Atualização Versão e Build,Alta,Resolvido,JC ESQUADRIAS (ANTIGO 489),Joelmar Bussolotto,Empresa,Segunda,2026-07,29
57204,Público,Atualização de versão 3.6,2026-07-02,Giulia Castanho,Atualização Versão e Build,Alta,Resolvido,ALUMICENTER ESQUADRIAS,Domingos Fernandes,Empresa,Quinta,2026-07,27
57882,Público,Transferencia de departamento - relatórios,2026-07-13,Giulia Castanho,Transferência de Departamento,Alta,Resolvido,UNIKA VIDROS E ALUMINIO,Edmar Carvalho,Empresa,Segunda,2026-07,29
57033,Público,Agendamento de atendimento ao cliente,2026-06-30,Giulia Castanho,Dúvidas,Alta,Resolvido,LUMERTZ & MENGUE,Jean Krás Borges,Empresa,Terça,2026-06,27
57820,Público,Offline message,2026-07-13,Giulia Castanho,Tickets Offline,Média,Resolvido,QUALITY VIDROS E ESQUADRIAS DE ALUMINIO,Denilson Grana Junior,Empresa,Segunda,2026-07,29
57043,Público,Offline message ,2026-07-01,Giulia Castanho,Tickets Offline,Média,Resolvido,ALUMINIOBR,Lucas Petzold,Empresa,Quarta,2026-07,27
57276,Público,Erro de autenticar esquadria + envio para produtos ,2026-07-03,Giulia Castanho,Erros,Alta,Resolvido,GOIS ESQUADRIAS,Arthur Amorim,Empresa,Sexta,2026-07,27
57557,Público,Dúvida referente a precificação + salvar como,2026-07-07,Giulia Castanho,Dúvidas,Alta,Resolvido,CONCEITO ESQUADRIAS E VIDROS,Fernando,Empresa,Terça,2026-07,28
57265,Público,Mensagem offline,2026-07-03,Giulia Castanho,Tickets Offline,Média,Resolvido,GOIS ESQUADRIAS,Arthur,Empresa,Sexta,2026-07,27
57934,Público,Offline message,2026-07-14,Giulia Castanho,Tickets Offline,Média,Resolvido,ALUMAN,Elaine,Empresa,Terça,2026-07,29
57842,Público,Atualização de build 0322,2026-07-13,Giulia Castanho,Atualização Versão e Build,Alta,Resolvido,MEGA ESQUADRIAS DE ALUMINIO,Emilly de Paulo ??,Empresa,Segunda,2026-07,29
57664,Público,Atualização de build para importação de obra,2026-07-08,Giulia Castanho,Atualização Versão e Build,Alta,Resolvido,ALUNOBRE,Alysson Lima - Coordenador de Orçamentos,Empresa,Quarta,2026-07,28
57500,Público,Dúvida referente a reinstalação de sistema,2026-07-07,Giulia Castanho,Dúvidas,Alta,Resolvido,ALUMISANTOS ALUMINIOS,Daniel,Empresa,Terça,2026-07,28
57938,Público,Erro de comunicação com a rede,2026-07-14,Giulia Castanho,Erros,Alta,Resolvido,ALUMISANTOS ALUMINIOS,Daniel,Empresa,Terça,2026-07,29
57290,Público,Dúvida referente a cadastro de cor,2026-07-03,Giulia Castanho,Dúvidas,Alta,Resolvido,VIDRO LAR ITAUNA,Ana Vitoria Leroy,Empresa,Sexta,2026-07,27
57848,Público,Dúvida referente a relatório personalizado,2026-07-13,Giulia Castanho,Dúvidas,Alta,Resolvido,OGB ESQUADRIAS,Vinicius Clemente,Empresa,Segunda,2026-07,29
57889,Público,Atualização de material PERFIL,2026-07-13,Giulia Castanho,Dúvidas,Alta,Resolvido,WANIA LIDIANE PEREIRA,Wania,Não classificado,Segunda,2026-07,29
57744,Público,Erro de registro,2026-07-09,Giulia Castanho,Erros,Alta,Resolvido,SP ESQUADRIAS,Carlos,Empresa,Quinta,2026-07,28
57913,Público,Agendamento de atualização de material MOF para amanhã,2026-07-13,Giulia Castanho,Dúvidas,Alta,Resolvido,A FUNCIONAL VIDROS,Bárbara,Empresa,Segunda,2026-07,29
57859,Público,Dúvida referente a material desatualizado DECAMP,2026-07-13,Giulia Castanho,Dúvidas,Alta,Resolvido,A FUNCIONAL VIDROS,Bárbara,Empresa,Segunda,2026-07,29
57979,Público,Atualização de material da DECAMP,2026-07-14,Giulia Castanho,Dúvidas,Alta,Resolvido,A FUNCIONAL VIDROS,Marcela - Funcional Esquadria,Empresa,Terça,2026-07,29
57543,Público,Offline message,2026-07-07,Giulia Castanho,Tickets Offline,Média,Resolvido,BRUBOX ALUMINIO E VIDRO (ANTIGO 896),Bruno Munhoz Soares,Empresa,Terça,2026-07,28
57542,Público,Offline message ,2026-07-07,Giulia Castanho,Tickets Offline,Média,Resolvido,GRUPO AL INDUSTRIA E COMERCIO DE ALUMINIOS (ANTIGO 10073),Luésio Lima,Empresa,Terça,2026-07,28
57221,Público,Offline message,2026-07-02,Giulia Castanho,Tickets Offline,Média,Resolvido,CONCEITO ESQUADRIAS E VIDROS,Rodrigo Garcia,Empresa,Quinta,2026-07,27
57988,Público,Offline message,2026-07-14,Giulia Castanho,Tickets Offline,Média,Resolvido,MMC ESQUADRIAS DE ALUMINIO,SAMIRES,Empresa,Terça,2026-07,29
57520,Público,Dúvida referente a desbloqueio de espessura,2026-07-07,Giulia Castanho,Dúvidas,Alta,Resolvido,INOVAR,Orçamento Inovar - Eliane,Empresa,Terça,2026-07,28
57342,Público,Desbloqueio de espessura de vidro,2026-07-03,Giulia Castanho,Dúvidas,Alta,Resolvido,TEMPER MASTER,Temper Master,Empresa,Sexta,2026-07,27
56999,Público,Dúvida referente a importação de obra + atualização de build + atendimento telefonico,2026-06-30,Giulia Castanho,Dúvidas,Alta,Resolvido,SIRAL,F C,Empresa,Terça,2026-06,27
57986,Público,Transferencia de departamento - comercial,2026-07-14,Giulia Castanho,Transferência de Departamento,Alta,Resolvido,RD FABRICACOES,Daniele Financeiro RD,Empresa,Terça,2026-07,29
57682,Público,Offline messag,2026-07-08,Giulia Castanho,Tickets Offline,Média,Resolvido,RD FABRICACOES,Sá - RD,Empresa,Quarta,2026-07,28
57966,Público,Dúvida referente a alterar valor de venda unitário,2026-07-14,Giulia Castanho,Dúvidas,Alta,Resolvido,RD FABRICACOES,Sá - RD,Empresa,Terça,2026-07,29
57685,Público,Offline message,2026-07-08,Giulia Castanho,Tickets Offline,Média,Resolvido,FINESTRA & CIA,Finestra Esquadrias de Alumínio,Não classificado,Quarta,2026-07,28
57165,Público,Dúvida referente a relatório de corte + produção,2026-07-02,Giulia Castanho,Dúvidas,Alta,Resolvido,SMD SERRALHERIA,Gustavo,Empresa,Quinta,2026-07,27
57719,Público,Dúvida referente a erro de cálculo,2026-07-09,Giulia Castanho,Dúvidas,Alta,Resolvido,M2 ESQUADRIAS DE ALUMINIO,Andrêza Queiroz,Empresa,Quinta,2026-07,28
57301,Público,Dúvida referente a alteração de barra no cadastro de perfil,2026-07-03,Giulia Castanho,Dúvidas,Alta,Resolvido,M2 ESQUADRIAS DE ALUMINIO,Andrêza Queiroz,Empresa,Sexta,2026-07,27
57293,Público,Atualização de build 0618,2026-07-03,Giulia Castanho,Atualização Versão e Build,Alta,Resolvido,M2 ESQUADRIAS DE ALUMINIO,Andrêza Queiroz,Empresa,Sexta,2026-07,27
57990,Público,Offline message,2026-07-14,Giulia Castanho,Tickets Offline,Média,Resolvido,ESQUADRIAS SCHEID,Mikael Oliveira,Empresa,Terça,2026-07,29
57150,Público,Offline message,2026-07-02,Giulia Castanho,Tickets Offline,Média,Resolvido,VIDRACARIA ATUAL,Nágela - Vidraçaria Atual,Empresa,Quinta,2026-07,27
57684,Público,Offline message,2026-07-08,Giulia Castanho,Tickets Offline,Média,Resolvido,IMPERIAL ALUMINIO,Nathan,Empresa,Quarta,2026-07,28
57311,Público,Dúvida referente a derrubar usuário,2026-07-03,Giulia Castanho,Dúvidas,Alta,Resolvido,TEXA,nathalia Calegario,Empresa (Cliente VIP),Sexta,2026-07,27
57215,Público,Offline message,2026-07-02,Giulia Castanho,Tickets Offline,Média,Resolvido,VIDRACARIA ATUAL,Nágela - Vidraçaria Atual,Empresa,Quinta,2026-07,27
57718,Público,Dúvida referente a condição em tipologia,2026-07-09,Giulia Castanho,Dúvidas,Alta,Resolvido,JOIA ALUMINIO E VIDRO,Wesley do Vale - Dep. Técnico,Empresa,Quinta,2026-07,28
57289,Público,Dúvida referente a croquis no orçamento,2026-07-03,Giulia Castanho,Dúvidas,Alta,Resolvido,ALUMFER ALUMINIOS E FERRAGENS,Alexandre,Empresa,Sexta,2026-07,27
57580,Público,Offline message,2026-07-08,Giulia Castanho,Tickets Offline,Média,Resolvido,ESTRUTURAL ALUMINIOS,Nayara Silveira,Empresa,Quarta,2026-07,28
57821,Público,Dúvida referente a skyone,2026-07-13,Giulia Castanho,Nuvem Cloud,Alta,Resolvido,ALUCENTRO CENTRAL DE ALUMINIO,Daniel/ Lourenço Esquadrias,Empresa,Segunda,2026-07,29
57303,Público,Dúvida referente a existência de material MOF,2026-07-03,Giulia Castanho,Dúvidas,Alta,Resolvido,VSB ESQUADRIAS,Vivian,Empresa,Sexta,2026-07,27
57871,Público,Offline message,2026-07-13,Giulia Castanho,Tickets Offline,Média,Resolvido,IDEAL ESQUADRIAS,Gabriel,Empresa,Segunda,2026-07,29
57149,Público,Offline message,2026-07-02,Giulia Castanho,Tickets Offline,Média,Resolvido,SUPORTE VIDROS,Mateus Leite,Empresa,Quinta,2026-07,27
57688,Público,Mensagem offline,2026-07-09,Giulia Castanho,Tickets Offline,Média,Resolvido,ALUMITRA ESQUADRIAS DE ALUMINIO E VIDRO,Rodrigo,Empresa,Quinta,2026-07,28
57853,Interno,Dúvida referente a reinstalação do sistema,2026-07-13,Giulia Castanho,Dúvidas,Alta,Resolvido,CABRAL METALURGICA,Pedro,Empresa,Segunda,2026-07,29
57930,Público,Offline message,2026-07-13,Giulia Castanho,Tickets Offline,Média,Resolvido,AMAZON TEMPER,Dyogo Victor,Empresa,Segunda,2026-07,29
57849,Público,Transferencia de departamento - relatórios personalizados,2026-07-13,Giulia Castanho,Transferência de Departamento,Alta,Resolvido,PASSOLD SISTEMAS DE FACHADA,Edinei Cimardi,Empresa,Segunda,2026-07,29
57728,Público,Offline message,2026-07-09,Giulia Castanho,Tickets Offline,Média,Resolvido,SOLUTION SOLUCOES EM ESQUADRIAS DE ALUMINIO,Financeiro D'Alumínio,Empresa,Quinta,2026-07,28
57297,Público,Dúvida referente a cadastrar acabamento + chat inativo,2026-07-03,Giulia Castanho,Dúvidas,Alta,Resolvido,COSIBA SERVICOS INDUSTRIAIS,Ariane,Empresa,Sexta,2026-07,27
57248,Público,Dúvida referente a criação de opção de montagem,2026-07-02,Giulia Castanho,Dúvidas,Alta,Resolvido,COSIBA SERVICOS INDUSTRIAIS,Ariane,Empresa,Quinta,2026-07,27
57260,Público,Offline message,2026-07-02,Giulia Castanho,Tickets Offline,Média,Resolvido,COSIBA SERVICOS INDUSTRIAIS,Ariane,Empresa,Quinta,2026-07,27
57334,Público,Dúvida referente a perfis especiais,2026-07-03,Giulia Castanho,Dúvidas,Alta,Resolvido,JEL (ANTIGA SEJAL 9926),Lucas Alves Pereira,Empresa,Sexta,2026-07,27
57243,Público,Dúvidas referente a agendamento de instalação do sistema,2026-07-02,Yasmin Oliveira,Dúvidas,Alta,Resolvido,ALUMIPLUS ITU LTDA,Paulinho,Empresa,Quinta,2026-07,27
57508,Público,Dúvidas referente atalho de rede,2026-07-07,Yasmin Oliveira,Instalação,Alta,Resolvido,METAL LINE ESQUADRIAS,Beatriz,Empresa (Onboarding),Terça,2026-07,28
57134,Público,Duvida referente a localizar esquadria,2026-07-01,Diogo Rodrigues,Dúvidas,Alta,Resolvido,ALUMFER ALUMINIOS E FERRAGENS,Alexandre,Empresa,Quarta,2026-07,27
57285,Público,Duvida referente a precificação em massa de componentes,2026-07-03,Diogo Rodrigues,Dúvidas,Alta,Resolvido,EM VIDROS,Setor de compras Em Vidros,Empresa,Sexta,2026-07,27
57328,Público,Mapeamento de sistema em estação (Estrutura separada),2026-07-03,Diogo Rodrigues,Dúvidas,Alta,Resolvido,ALUMISANTOS ALUMINIOS,THIAGO,Empresa,Sexta,2026-07,27
57545,Público,Adicionado o atalho do sistema(Estrutura separada) + Inserção de relatório personalizado,2026-07-07,Diogo Rodrigues,Dúvidas,Alta,Resolvido,ALUMISANTOS ALUMINIOS,HELIO,Empresa,Terça,2026-07,28
57141,Público,Duvida referente a erro de calculo,2026-07-01,Diogo Rodrigues,Dúvidas,Alta,Resolvido,MP ALUMINIO,FABIO,Empresa,Quarta,2026-07,27
57611,Público,Atualização  BUILD - CEM DESKTOP ESP - 3.6.0705,2026-07-08,Pazzis Gamboa,Atualização Versão e Build,Baixa,Resolvido,GLASSTEX,Josema,Empresa (Mercosul),Quarta,2026-07,28
57506,Interno,Atualização  BUILD - CEM DESKTOP ESP - 3.6.0705,2026-07-07,Pazzis Gamboa,Atualização Versão e Build,Baixa,Resolvido,SYNEREX,"Alejandro Gil,SYNEREX » Alejandro",Empresa (Mercosul),Terça,2026-07,28
57571,Interno,Atualização  BUILD - CEM DESKTOP ESP - 3.6.0705,2026-07-07,Pazzis Gamboa,Atualização Versão e Build,Baixa,Resolvido,RICSOFAN S. A.,,Empresa (Mercosul),Terça,2026-07,28
57637,Interno,Atualização  BUILD - CEM DESKTOP ESP - 3.6.0705,2026-07-08,Pazzis Gamboa,Erros,Baixa,Resolvido,SYNEREX,Alejandro,Empresa (Mercosul),Quarta,2026-07,28
57877,Público,ATUALIZAÇÃO DE MATERIAL MOF - UDINESE,2026-07-13,Pazzis Gamboa,Dúvidas,Baixa,Resolvido,SYNEREX,Alejandro,Empresa (Mercosul),Segunda,2026-07,29
57987,Interno,Manuais do usuario CEM ESP. ,2026-07-14,Pazzis Gamboa,Dúvidas,Alta,Em atendimento,SYNEREX,Alejandro,Empresa (Mercosul),Terça,2026-07,29
57434,Público,Erro de registro,2026-07-06,Gabriel Campos,Erros,Alta,Resolvido,CASA NOVA FACHADAS E ESQUADRIAS,Betlem,Empresa,Segunda,2026-07,28
57378,Público,Dúvida referente a desbloquear vidro na tipologia,2026-07-06,Gabriel Campos,Dúvidas,Média,Resolvido,KOR ESQUADRIAS EM ALUMINIO LTDA,Ana Paula,Não classificado,Segunda,2026-07,28
57805,Público,Desbloqueio de tipo de vidro ,2026-07-10,Gabriel Campos,Dúvidas,Alta,Resolvido,KOR ESQUADRIAS EM ALUMINIO LTDA,Ana Paula,Não classificado,Sexta,2026-07,28
57764,Público,Mapeamento em rede + erro ao abrir obra + envio de solicitação de projeto ,2026-07-10,Gabriel Campos,Instalação,Alta,Resolvido,ESTRUTURAL ALUMINIOS,Luan Machado Silveira,Empresa,Sexta,2026-07,28
57841,Público,Transferência de departamento - Comercial,2026-07-13,Gabriel Campos,Transferência de Departamento,Alta,Resolvido,A.F.P CONSTRUTORA E ESQUADRIAS,Gabriella Ponte (Usuário MAC),Não classificado,Segunda,2026-07,29
57937,Público,Dúvida referente a tipologias maiores que 6 metros (Tampedaco) + chat inativo,2026-07-14,Gabriel Campos,Dúvidas,Alta,Resolvido,SARAIVA VIDROS E ESQUADRIAS(DIMIFAL),Rodrigo Silva,Empresa,Terça,2026-07,29
57488,Público,Atualização de materiais MOF (Forgatti),2026-07-07,Gabriel Campos,Dúvidas,Alta,Resolvido,MARCO TOFFOLI,Maria Eduarda,Empresa,Terça,2026-07,28
57060,Público,Dúvida referente a existência de material MOF (Chroma minimalista com tela),2026-07-01,Gabriel Campos,Dúvidas,Alta,Resolvido,MARCO TOFFOLI,Maria Eduarda,Empresa,Quarta,2026-07,27
57786,Público,Transferência de departamento - Relatório ,2026-07-10,Gabriel Campos,Transferência de Departamento,Alta,Resolvido,VSB ESQUADRIAS,Vivian,Empresa,Sexta,2026-07,28
57369,Público,Dúvida referente a estornar orçamento ,2026-07-06,Gabriel Campos,Dúvidas,Alta,Resolvido,FABRIL PORTOES,Emerson Silva (Fabril Portões),Não classificado,Segunda,2026-07,28
57807,Público,Dúvida referente a erro de tipologia inconsistente (Autenticar Esquadrias) ,2026-07-10,Gabriel Campos,Dúvidas,Alta,Resolvido,IDEAL ESQUADRIAS,Gabriel,Empresa,Sexta,2026-07,28
57883,Público,Dúvida referente a diferença de área de empreita X área real de esquadrias ,2026-07-13,Gabriel Campos,Dúvidas,Alta,Resolvido,IDEAL ESQUADRIAS,Gabriel,Empresa,Segunda,2026-07,29
57366,Público,Dúvida referente a fazer backup do sistema + atualização de material Base,2026-07-06,Gabriel Campos,Dúvidas,Alta,Resolvido,LINEAR ALUMINIO,Cassio Ricardo,Não classificado,Segunda,2026-07,28
56983,Público,Dúvida referente a cadastrar componente + chat inativo,2026-06-30,Gabriel Campos,Dúvidas,Alta,Resolvido,PPALUMINIO,Juca Rios,Empresa,Terça,2026-06,27
57020,Público,Dúvida referente a modificar unidade de embalagem + exportar tipologia + ativar referencia em acabamentos de perfis ,2026-06-30,Gabriel Campos,Dúvidas,Alta,Resolvido,PPALUMINIO,Juca Rios,Empresa,Terça,2026-06,27
57000,Público,Dúvida referente a cadastrar usuário ,2026-06-30,Gabriel Campos,Dúvidas,Alta,Resolvido,ESQUADRIPRO,EsquadriPro,Empresa,Terça,2026-06,27
57456,Público,Dúvida referente a excluir perfis na tipologia ,2026-07-06,Gabriel Campos,Dúvidas,Alta,Resolvido,DURANT FACHADAS E ESQUADRIAS,Marceli,Empresa,Segunda,2026-07,28
57799,Público,Dúvida referente a aplicar filtros por tipologia ,2026-07-10,Gabriel Campos,Dúvidas,Alta,Resolvido,NOROESTE VIDROS,Pedro (CONF. PROJETOS),Empresa,Sexta,2026-07,28
57031,Público,Personalização de relatórios (Suporte),2026-06-30,Gabriel Campos,Dúvidas,Alta,Resolvido,COSBIEM,Eliel,Empresa,Terça,2026-06,27
56987,Público,Dúvida referente a filtros aplicados ao abrir obra ,2026-06-30,Gabriel Campos,Dúvidas,Alta,Resolvido,INOVAR,Orçamento Inovar - Eliane,Empresa,Terça,2026-06,27
57811,Público,Dúvida referente a cadastro de vidro (Cor),2026-07-10,Gabriel Campos,Dúvidas,Alta,Resolvido,RD FABRICACOES,Sá - RD,Empresa,Sexta,2026-07,28
57582,Público,Mapeamento em rede,2026-07-08,Gabriel Campos,Instalação,Alta,Resolvido,JEL (ANTIGA SEJAL 9926),Henrique,Empresa,Quarta,2026-07,28
57653,Público,Agendamento de atendimento ao cliente ,2026-07-08,Gabriel Campos,Dúvidas,Alta,Resolvido,JCM PORTAS E ESQUADRIAS EM ALUMINIO,Jorge de Santana Rodrigue,Não classificado,Quarta,2026-07,28
57240,Público,Dúvida referente a existência de relatórios no SMART CEM,2026-07-02,Gabriel Campos,Dúvidas,Alta,Resolvido,ESQUADRIUM - ESQUADRIAS E VIDROS,Junior,Empresa,Quinta,2026-07,27
57292,Público,Dúvida referente a gerar obra de produção ,2026-07-03,Gabriel Campos,Dúvidas,Alta,Resolvido,JEL (ANTIGA SEJAL 9926),Edinei,Empresa,Sexta,2026-07,27
57451,Público,Solicitação de projeto,2026-07-06,Gabriel Campos,Dúvidas,Alta,Resolvido,USIMINAS SERRALHERIA,Vinícius Santos Arquitetura,Não classificado,Segunda,2026-07,28
57125,Público,Dúvida referente a criar conta no canal do cliente ,2026-07-01,Gabriel Campos,Dúvidas,Alta,Resolvido,VIDRO & CIA,vidroeciabp2,Empresa,Quarta,2026-07,27
57111,Público,Erro de calculo (Altura de travessa),2026-07-01,Gabriel Campos,Dúvidas,Alta,Resolvido,ESQUADRITEMPER,Marcos,Empresa,Quarta,2026-07,27
57388,Público,Dúvida referente a desativar componentes ,2026-07-06,Gabriel Campos,Dúvidas,Alta,Resolvido,FC DESENVOLVIMENTOS DE PROJETOS DE COMPRA E VENDA(DELPHI E CEMMOBI),Fernando Carvalho,Empresa,Segunda,2026-07,28
57104,Público,Dúvida referente a quantidade de licenças ,2026-07-01,Gabriel Campos,Dúvidas,Alta,Resolvido,ZAKA ALUMINIOS,Lívia Querino,Empresa,Quarta,2026-07,27
57068,Público,Dúvida referente a cadastro de kits (Dimensão),2026-07-01,Gabriel Campos,Dúvidas,Alta,Resolvido,FINESTRA & CIA,Finestra Esquadrias de Alumínio,Não classificado,Quarta,2026-07,27
57401,Público,Dúvida referente a calculo de obra - Fazer aproveitamento de tipologias não marcadas para calcular  ,2026-07-06,Gabriel Campos,Dúvidas,Alta,Resolvido,J.ANDRE INDUSTRIA DE ALUMINIOS LTDA,Rodrigo - J.André,Empresa,Segunda,2026-07,28
57072,Público,Dúvida referente a troca de perfis ,2026-07-01,Gabriel Campos,Dúvidas,Alta,Resolvido,ZAWI ESQUADRIAS,Alvaro,Empresa,Quarta,2026-07,27
57455,Público,Chat inativo,2026-07-06,Gabriel Campos,Chat Inativo,Baixa,Resolvido,METALLUM,Italo,Empresa,Segunda,2026-07,28
57971,Público,Atualização de versão 0707 + atualização de material Decamp ,2026-07-14,Gabriel Campos,Dúvidas,Alta,Resolvido,DECORFLEX ESQUADRIAS,Sara,Empresa,Terça,2026-07,29
57230,Público,Erro de calculo ,2026-07-02,Gabriel Campos,Dúvidas,Alta,Resolvido,TEMPERCAMPOS,Jessica,Empresa,Quinta,2026-07,27
57911,Público,Dúvida referente a cadastro de perfis (Barras Especiais),2026-07-13,Gabriel Campos,Dúvidas,Alta,Resolvido,ALLUCK INDUSTRIA E COMERCIO EM ESQUADRIAS,Obras Alluck - Rafaela,Empresa,Segunda,2026-07,29
57603,Público,Transferencia de departamento - relatórios personalizados,2026-07-08,Gabriel Campos,Transferência de Departamento,Alta,Resolvido,VIDRAÇARIA UNIÃO,Moizeis Souza,Empresa,Quarta,2026-07,28
57282,Público,Ativação de estoque técnico ,2026-07-03,Gabriel Campos,Dúvidas,Alta,Resolvido,VIDRAÇARIA UNIÃO,Moizeis Souza,Empresa,Sexta,2026-07,27
57333,Público,Agendamento de atendimento ao cliente ,2026-07-03,Gabriel Campos,Dúvidas,Alta,Resolvido,VIDRAÇARIA UNIÃO,Moizeis Souza,Empresa,Sexta,2026-07,27
57441,Público,Dúvida referente a  alteração de logo,2026-07-06,Gabriel Campos,Dúvidas,Alta,Resolvido,PROVIDRO INDUSTRIA E COMERCIO DE VIDROS,Pedro Henrique,Empresa,Segunda,2026-07,28
57065,Público,Erro de conexão com o banco de dados,2026-07-01,Gabriel Campos,Erros,Alta,Resolvido,GOIS ESQUADRIAS,Arthur,Empresa,Quarta,2026-07,27
57817,Público,Agendamento de atendimento ao cliente ,2026-07-10,Gabriel Campos,Dúvidas,Alta,Resolvido,WANIA LIDIANE PEREIRA,Wania,Não classificado,Sexta,2026-07,28
57560,Público,Atualização de versão 0322,2026-07-07,Gabriel Campos,Atualização Versão e Build,Alta,Resolvido,ALUMIEX ESQUADRIAS,Irecyr Franco,Empresa,Terça,2026-07,28
57801,Público,Reinstalação de sistema + atualização de sistema + atualização de material Decamp,2026-07-10,Gabriel Campos,Instalação,Alta,Resolvido,VIDROTEO,André Bernardes,Empresa,Sexta,2026-07,28
57656,Público,Agendamento de atendimento ao cliente (Reinstalação),2026-07-08,Gabriel Campos,Dúvidas,Alta,Resolvido,VIDROTEO,André Bernardes,Empresa,Quarta,2026-07,28
56953,Público,Atualização de versão 0618,2026-06-30,Gabriel Campos,Atualização Versão e Build,Alta,Resolvido,ALUMI CONSER,Marco,Empresa,Terça,2026-06,27
57363,Público,Dúvida sobre atualização de material (Olga Color),2026-07-06,Gabriel Campos,Dúvidas,Alta,Resolvido,COSBIEM,Eliel Lacerda,Empresa,Segunda,2026-07,28
57322,Público,Agendamento de atualização de material ,2026-07-03,Gabriel Campos,Dúvidas,Alta,Resolvido,COSBIEM,Eliel Lacerda,Empresa,Sexta,2026-07,27
57275,Público,Atualização de versão 0618 + Transferência para comercial,2026-07-03,Gabriel Campos,Atualização Versão e Build,Alta,Resolvido,CARLOS HENRIQUE GOMES JUNIOR,Jane,Empresa,Sexta,2026-07,27
57032,Público,Chat inativo (Continuação no chat),2026-06-30,Gabriel Campos,Chat Inativo,Baixa,Resolvido,COSBIEM,Eliel Lacerda,Empresa,Terça,2026-06,27
57878,Público,Dúvida referente a usar isopletas,2026-07-13,Gabriel Campos,Dúvidas,Alta,Resolvido,ALLUCK INDUSTRIA E COMERCIO EM ESQUADRIAS,Raulino,Empresa,Segunda,2026-07,29
57512,Público,Erro referente a computador com vírus ,2026-07-07,Gabriel Campos,Erros,Alta,Resolvido,EUGENIO VIDROS E ACESSORIOS,EUGÊNIO VIDROS,Empresa,Terça,2026-07,28
57665,Público,Atualização de versão 0707 (Correção),2026-07-08,Gabriel Campos,Atualização Versão e Build,Alta,Resolvido,GRUPO AL INDUSTRIA E COMERCIO DE ALUMINIOS (ANTIGO 10073),Luésio Lima,Empresa,Quarta,2026-07,28
57503,Público,Atualização de materiais MOF (Perfil),2026-07-07,Gabriel Campos,Dúvidas,Alta,Resolvido,GRUPO AL INDUSTRIA E COMERCIO DE ALUMINIOS (ANTIGO 10073),Luésio Lima,Empresa,Terça,2026-07,28
57550,Público,Erro ao gerar calculo dentro da tipologia (Produtos),2026-07-07,Gabriel Campos,Erros,Alta,Resolvido,GRUPO AL INDUSTRIA E COMERCIO DE ALUMINIOS (ANTIGO 10073),Luésio Lima,Empresa,Terça,2026-07,28
57893,Público,Dúvida referente a reinstalação de sistema + chat inativo ,2026-07-13,Gabriel Campos,Dúvidas,Alta,Resolvido,DIALC,Matheus,Empresa,Segunda,2026-07,29
57826,Público,Dúvida referente reinstalação de sistema + chat inativo ,2026-07-13,Gabriel Campos,Dúvidas,Alta,Resolvido,DIALC,Matheus,Empresa,Segunda,2026-07,29
57951,Público,Reinstalação de sistema ,2026-07-14,Gabriel Campos,Instalação,Alta,Resolvido,DIALC,Matheus,Empresa,Terça,2026-07,29
57169,Público,Dúvida referente a cadastro de usuário ,2026-07-02,Gabriel Campos,Dúvidas,Alta,Resolvido,ALUMICONTE,Diego Engenharia Alumiconte,Empresa,Quinta,2026-07,27
57142,Público,Agendamento de atendimento ao cliente ,2026-07-01,Gabriel Campos,Dúvidas,Alta,Resolvido,ALUMITEK ESQUADRIAS,Larisse,Empresa,Quarta,2026-07,27
57514,Público,Atualização de materiais MOF (Perfil) erro no folga L e folga H,2026-07-07,Gabriel Campos,Dúvidas,Alta,Resolvido,ALUMISISTEM ESQUADRIAS,Cristiano,Empresa,Terça,2026-07,28
57252,Público,Dúvida referente a requisitos mínimos de hardware  ,2026-07-02,Gabriel Campos,Dúvidas,Alta,Resolvido,DALMAX,Simone,Empresa,Quinta,2026-07,27
57592,Público,Personalização de relatorios,2026-07-08,Gabriel Campos,Dúvidas,Alta,Resolvido,FORTGLASS SOLUCOES EM VIDROS E ESQUADRIAS (ANTIGA 9445),Cláudio José,Atendimento CEM EXCLUSIVE,Quarta,2026-07,28
57762,Público,Reinstalação de sistema ,2026-07-10,Gabriel Campos,Instalação,Alta,Resolvido,TEM ALUMINIO,Cosme Lisboa,Empresa,Sexta,2026-07,28
57376,Público,Dúvida referente a impressora redirecionada ,2026-07-06,Gabriel Campos,Nuvem Cloud,Alta,Resolvido,ESQUADRIUM - ESQUADRIAS E VIDROS,Matheus Alves,Empresa,Segunda,2026-07,28
57005,Público,Dúvida referente a erro na obra (Duplicar),2026-06-30,Gabriel Campos,Dúvidas,Alta,Resolvido,ALLPRIME,Adriana - Allprime,Atendimento CEM EXCLUSIVE,Terça,2026-06,27
57036,Público,Agendamento de atualização de versão ,2026-06-30,Gabriel Campos,Dúvidas,Alta,Resolvido,ALLPRIME,Adriana - Allprime,Atendimento CEM EXCLUSIVE,Terça,2026-06,27
57196,Público,Dúvida referente a reinstalação de sistema ,2026-07-02,Gabriel Campos,Dúvidas,Alta,Resolvido,3 RIOS CONFIANCA,Jhonatan Souza,Empresa,Quinta,2026-07,27
57398,Público,Dúvida referente a existência de material MOF,2026-07-06,Gabriel Campos,Instalação,Alta,Resolvido,3 RIOS CONFIANCA,Jhonatan Souza,Empresa,Segunda,2026-07,28
56951,Público,Atualização de versão 0618 + ativação de estoque técnico + dúvidas sobre apontamento ,2026-06-30,Gabriel Campos,Atualização Versão e Build,Alta,Resolvido,MASTER ESQUADRIAS DE ALUMINIO,André,Empresa,Terça,2026-06,27
57277,Público,Dúvida referente a trocar todos vidros de uma vez + chat inativo,2026-07-03,Gabriel Campos,Dúvidas,Alta,Resolvido,HIPERVIDRO,Guilherme,Empresa,Sexta,2026-07,27
57358,Público,Atualização de materiais MOF,2026-07-06,Gabriel Campos,Dúvidas,Alta,Resolvido,ELUX ESQUADRIAS,Manoel,Empresa,Segunda,2026-07,28
57312,Público,Chat inativo ,2026-07-03,Gabriel Campos,Chat Inativo,Baixa,Resolvido,FEDERAL BOX & VIDROS,Roberta Almeida,Empresa,Sexta,2026-07,27
57268,Público,Dúvida referente a desbloquear espessuras de vidros + chat inativo,2026-07-03,Gabriel Campos,Dúvidas,Alta,Resolvido,FEDERAL BOX & VIDROS,Roberta Almeida,Empresa,Sexta,2026-07,27
57834,Público,Atualização de materiais MOF (EG-EXEMPLO),2026-07-13,Gabriel Campos,Dúvidas,Alta,Resolvido,JR DISTRIBUIDORA DE VIDROS,Andrey,Empresa,Segunda,2026-07,29
57980,Público,Personalização de relatórios (Suporte) + agendamento de atualização de material (Perfil),2026-07-14,Gabriel Campos,Dúvidas,Alta,Resolvido,ESQUADRITEMPER,Samuel Lima,Empresa,Terça,2026-07,29
57814,Público,Agendamento de reinstalação de sistema ,2026-07-10,Gabriel Campos,,Alta,Novo,EUGENIO VIDROS E ACESSORIOS,EUGÊNIO VIDROS,Empresa,Sexta,2026-07,28
57862,Público,Reinstalação de sistema + mapeamento em rede,2026-07-13,Gabriel Campos,Instalação,Alta,Resolvido,EUGENIO VIDROS E ACESSORIOS,EUGÊNIO VIDROS,Empresa,Segunda,2026-07,29
57484,Público,Erro referente a computador com vírus ,2026-07-07,Gabriel Campos,Erros,Urgente,Resolvido,EUGENIO VIDROS E ACESSORIOS,EUGÊNIO VIDROS,Empresa,Terça,2026-07,28
57316,Público,Dúvida referente a importar tabela de preços,2026-07-03,Gabriel Campos,Dúvidas,Alta,Resolvido,INOVAR,Junior Candido,Empresa,Sexta,2026-07,27
56977,Público,Dúvida referente a existência de material MOF,2026-06-30,Gabriel Campos,Dúvidas,Alta,Resolvido,GUARACAL VIDROS,JOSE AUGUSTO ALMEIDA,Empresa,Terça,2026-06,27
57038,Público,Agendamento de atendimento ao cliente ,2026-06-30,Gabriel Campos,Dúvidas,Alta,Resolvido,BH ESQUADRIAS,thais silva,Empresa,Terça,2026-06,27
57011,Público,Atualização de 0618,2026-06-30,Gabriel Campos,Atualização Versão e Build,Alta,Resolvido,BH ESQUADRIAS,thais silva,Empresa,Terça,2026-06,27
57095,Público,Atualização de materiais MOF (Perfil),2026-07-01,Gabriel Campos,Dúvidas,Alta,Resolvido,BH ESQUADRIAS,thais silva,Empresa,Quarta,2026-07,27
57495,Público,Transferência de departamento - Relatório ,2026-07-07,Gabriel Campos,Transferência de Departamento,Alta,Resolvido,WR VIDROS,Stefany,Empresa,Terça,2026-07,28
57405,Público,Dúvida referente a observações gerais no orçamento ,2026-07-06,Gabriel Campos,Dúvidas,Alta,Resolvido,RAPIDAO VIDROS (ANTIGO 7255),José Cláudio,Empresa,Segunda,2026-07,28
57175,Público,Atualização de versão 0618 + Transferência para relatórios ,2026-07-02,Gabriel Campos,Atualização Versão e Build,Alta,Resolvido,PACHELE,Luis,Empresa,Quinta,2026-07,27
57493,Público,Transferência de departamento - Faktory,2026-07-07,Daniele Trinca,Transferência de Departamento,Alta,Resolvido,ALUMINOW ESQUADRIAS,Stephanie,Empresa,Terça,2026-07,28
57116,Público,Agendamento de atendimento ao cliente,2026-07-01,Giovana de Miranda,Dúvidas,Alta,Resolvido,FORTGLASS SOLUCOES EM VIDROS E ESQUADRIAS (ANTIGA 9445),Cláudio José,Atendimento CEM EXCLUSIVE,Quarta,2026-07,27
57371,Público,Acesso via HTML 5,2026-07-06,Giovana de Miranda,Nuvem Cloud,Alta,Resolvido,CENTER VIDROS,Jamille Bahia C.V,Empresa,Segunda,2026-07,28
57353,Público,Offline message,2026-07-06,Giovana de Miranda,Tickets Offline,Média,Resolvido,SAO LUIZ ESQUADRIAS DE ALUMINIO (ANTIGO 814),KATIA,Empresa,Segunda,2026-07,28
57176,Público,Auto resolução,2026-07-02,Giovana de Miranda,Chat Inativo,Baixa,Resolvido,MP ALUMINIO,FABIO,Empresa,Quinta,2026-07,27
56968,Público,Personalização de relatório + agendamento de atualização de build,2026-06-30,Giovana de Miranda,Dúvidas,Alta,Resolvido,INSTALAR VIDROS (CARVALHO VIDROS(7150)),Carlos Eduardo de Souza Vieira,Empresa,Terça,2026-06,27
57172,Público,Personalização de relatório de medição + atualização de build da 0322 para 0628,2026-07-02,Giovana de Miranda,Dúvidas,Alta,Resolvido,INSTALAR VIDROS (CARVALHO VIDROS(7150)),Carlos Eduardo de Souza Vieira,Empresa,Quinta,2026-07,27
57881,Público,Mudança de banco para o disco H + teste de sistema,2026-07-13,Giovana de Miranda,Instalação,Alta,Resolvido,3 RIOS CONFIANCA,Jhonatan Souza,Empresa,Segunda,2026-07,29
57554,Público,Atualização de build da 1102 para 0705,2026-07-07,Giovana de Miranda,Atualização Versão e Build,Alta,Resolvido,SANTA LUZIA EMPREENDIMENTOS,FILIPE,Empresa,Terça,2026-07,28
57485,Público,Configuração de impressora universal + agendamento de atualização de build as 14,2026-07-07,Giovana de Miranda,Nuvem Cloud,Alta,Resolvido,SANTA LUZIA EMPREENDIMENTOS,FILIPE,Empresa,Terça,2026-07,28
57489,Público,Configuração de impressora universal,2026-07-07,Giovana de Miranda,Nuvem Cloud,Alta,Resolvido,ESQUADRIUM - ESQUADRIAS E VIDROS,Matheus Alves,Empresa,Terça,2026-07,28
57577,Público,Transferencia de departamento - Faktory,2026-07-07,Giovana de Miranda,Transferência de Departamento,Alta,Resolvido,"AVIPE VIDRO, ESQUADRIAS E SERVICOS",LUCAS GUICCIARDI SIMÕES,Empresa,Terça,2026-07,28
57670,Público,Dúvida referente a calculo de itens,2026-07-08,Giovana de Miranda,Dúvidas,Alta,Resolvido,ALUMICOM,Drayton,Empresa,Quarta,2026-07,28
57699,Público,Atualização de material da perfil (com erro),2026-07-09,Giovana de Miranda,Dúvidas,Alta,Resolvido,ALUMICOM,Drayton,Empresa,Quinta,2026-07,28
57746,Público,Agendamento de reinstalação,2026-07-09,Giovana de Miranda,Dúvidas,Alta,Resolvido,TEM ALUMINIO,Cosme Lisboa,Empresa,Quinta,2026-07,28
57693,Público,Atualização de versão para 0705 + atualização de material ALUPRIME,2026-07-09,Giovana de Miranda,Atualização Versão e Build,Alta,Resolvido,ROYAL,Elizabete,Empresa,Quinta,2026-07,28
57662,Público,Dúvida referente a cadastro de vidros + chat inativo,2026-07-08,Giovana de Miranda,Dúvidas,Alta,Resolvido,WR VIDROS,Stefany,Empresa,Quarta,2026-07,28
57473,Público,Mensagem offline,2026-07-07,Giovana de Miranda,Tickets Offline,Média,Resolvido,EUGENIO VIDROS E ACESSORIOS,EUGÊNIO VIDROS,Empresa,Terça,2026-07,28
57974,Público,Atualização de build da 0213 para 0707,2026-07-14,Giovana de Miranda,Atualização Versão e Build,Alta,Resolvido,PERFIL,Hernan Dario Chalarca Toro,Empresa,Terça,2026-07,29
57584,Público,Dúvida referente a campo de cadastro de vidro,2026-07-08,Giovana de Miranda,Dúvidas,Alta,Resolvido,FEDERAL BOX & VIDROS,Suellen,Empresa,Quarta,2026-07,28
57640,Público,Offline message,2026-07-08,Giovana de Miranda,Tickets Offline,Média,Resolvido,VIDROBOX,Sirley  Arthur,Empresa,Quarta,2026-07,28
57515,Público,Dúvida referente a envio de documento para construção de esquadrias,2026-07-07,Giovana de Miranda,Dúvidas,Alta,Resolvido,HOUSE ESQUADRIAS EM ALUMINIO,Sergio Matos,Empresa,Terça,2026-07,28
57479,Público,Agendamento de atualização de build as 11 + chat inativo,2026-07-07,Giovana de Miranda,Dúvidas,Alta,Resolvido,ALUIM METAIS,Giovana,Empresa,Terça,2026-07,28
57527,Público,Atualização de build da 0918 para 0705 + chat inativo,2026-07-07,Giovana de Miranda,Atualização Versão e Build,Alta,Resolvido,ALUIM METAIS,Giovana,Empresa,Terça,2026-07,28
57973,Público,Transferencia de departamento - comercial,2026-07-14,Giovana de Miranda,Transferência de Departamento,Alta,Resolvido,PAGOTTO ALUMINIO,TAMIRES,Empresa,Terça,2026-07,29
57351,Público,Offline message,2026-07-04,Giovana de Miranda,Tickets Offline,Média,Resolvido,EXCLUSIVA ESQUADRIAS (ANTIGO 23),Noemi,Não classificado,Sábado,2026-07,27
57242,Público,Dúvida referente a criação de condição de verificação,2026-07-02,Giovana de Miranda,Dúvidas,Alta,Resolvido,RV ALUMINIUM,Kauã,Empresa,Quinta,2026-07,27
57064,Público,Dúvida referente a exportar lista de perfis,2026-07-01,Giovana de Miranda,Dúvidas,Alta,Resolvido,RV ALUMINIUM,Kauã,Empresa,Quarta,2026-07,27
57467,Público,Offline message,2026-07-06,Giovana de Miranda,Tickets Offline,Média,Resolvido,GOIS ESQUADRIAS,Arthur Amorim,Empresa,Segunda,2026-07,28
57422,Público,Dúvida referente a backup do banco,2026-07-06,Giovana de Miranda,Instalação,Alta,Resolvido,ALUMISANTOS ALUMINIOS,Giliane,Empresa,Segunda,2026-07,28
57851,Público,Dúvida referente a importação de arquivos no egcloud,2026-07-13,Giovana de Miranda,Nuvem Cloud,Alta,Resolvido,MINIMALIST ESQUADRIAS,Kayury Freitas,Empresa,Segunda,2026-07,29
57352,Público,Offline message,2026-07-05,Giovana de Miranda,Tickets Offline,Média,Resolvido,WB VIDROS E ESPELHOS,Debora Mondini de Araujo,Empresa,Domingo,2026-07,27
57370,Público,Transferencia de departamento - relatórios personalizados,2026-07-06,Giovana de Miranda,Transferência de Departamento,Alta,Resolvido,ZAKA ALUMINIOS,Lívia Querino,Empresa,Segunda,2026-07,28
57110,Público,Backup do banco de dados do dia 29/06 do eglcoud-5,2026-07-01,Giovana de Miranda,Nuvem Cloud,Alta,Resolvido,ALUSEVEN SERVICOS DE INSTALACAO DE ESQUADRIAS LTDA,Aluseven Orçamentos,Empresa,Quarta,2026-07,27
57415,Público,Offline message,2026-07-06,Giovana de Miranda,Tickets Offline,Média,Resolvido,FC DESENVOLVIMENTOS DE PROJETOS DE COMPRA E VENDA(DELPHI E CEMMOBI),Fernando Carvalho,Empresa,Segunda,2026-07,28
57903,Público,Acesso via remote app + chat inativo,2026-07-13,Giovana de Miranda,Nuvem Cloud,Alta,Resolvido,MONTALUMI ESQUADRIAS,Montalumi - Orçamentos,Empresa,Segunda,2026-07,29
57939,Público,Transferencia de departamento - comercial,2026-07-14,Giovana de Miranda,Transferência de Departamento,Alta,Resolvido,TLE ESQUADRIAS DE ALUMINIO,Tamara,Empresa,Terça,2026-07,29
57389,Público,Dúvida referente a colocar arquivo de relatório personalizado,2026-07-06,Giovana de Miranda,Dúvidas,Alta,Resolvido,VIDROMIX,Mesa Neia,Empresa,Segunda,2026-07,28
57568,Público,Dúvida referente a filtrar obra para calcular apenas contramarcos,2026-07-07,Giovana de Miranda,Dúvidas,Alta,Resolvido,SIRAL,F C,Empresa,Terça,2026-07,28
57198,Público,Transferencia de departamento - faktory,2026-07-02,Giovana de Miranda,Transferência de Departamento,Alta,Resolvido,VAL AÇO PWJ,Matheus,Atendimento CEM EXCLUSIVE,Quinta,2026-07,27
57427,Público,Personalização de relatorio,2026-07-06,Giovana de Miranda,Dúvidas,Alta,Resolvido,INOVAR,Orçamento Inovar - Eliane,Empresa,Segunda,2026-07,28
57696,Público,Dúvida referente a automatizar margem em orçamento,2026-07-09,Giovana de Miranda,Dúvidas,Alta,Resolvido,RD FABRICACOES,Sá - RD,Empresa,Quinta,2026-07,28
57270,Público,Personalização de etiqueta + transferência de departamento - relatórios personalizados,2026-07-03,Giovana de Miranda,Dúvidas,Alta,Resolvido,INOVAR,Orçamento Inovar - Eliane,Empresa,Sexta,2026-07,27
57978,Público,Personalização de relatórios,2026-07-14,Giovana de Miranda,Dúvidas,Alta,Resolvido,INOVAR,Orçamento Inovar - Eliane,Empresa,Terça,2026-07,29
57391,Público,Atualização de build da 0918 para 0628 + atualização de material da perfil,2026-07-06,Giovana de Miranda,Atualização Versão e Build,Alta,Resolvido,ALUMISHOW,Gabriel -  Engenharia,Empresa,Segunda,2026-07,28
57730,Público,Personalização de proposta,2026-07-09,Giovana de Miranda,Dúvidas,Alta,Resolvido,DURANT FACHADAS E ESQUADRIAS,Marceli,Empresa,Quinta,2026-07,28
57404,Público,Dúvida referente a editar condições de verificação,2026-07-06,Giovana de Miranda,Dúvidas,Alta,Resolvido,DURANT FACHADAS E ESQUADRIAS,Marceli,Empresa,Segunda,2026-07,28
57394,Público,Erro de invalid parameter,2026-07-06,Giovana de Miranda,Erros,Alta,Resolvido,ESTRUTURAL ALUMINIOS,Luan Machado Silveira,Empresa,Segunda,2026-07,28
57504,Público,Atalho do sistema em rede + ativar midas.dll ,2026-07-07,Giovana de Miranda,Instalação,Alta,Resolvido,ESTRUTURAL ALUMINIOS,Luan Machado Silveira,Empresa,Terça,2026-07,28
57078,Público,Dúvida referente a solicitação para cadastrar cor de componentes,2026-07-01,Giovana de Miranda,Dúvidas,Alta,Resolvido,LUMISYSTEM IND E COM,Agatha,Não classificado,Quarta,2026-07,27
57093,Público,Atalho do sistema em rede + mão de obra,2026-07-01,Giovana de Miranda,Instalação,Alta,Resolvido,ALUMI SYSTEN,Alumisysten,Não classificado,Quarta,2026-07,27
57509,Público,Dúvida referente a precificação de pre nativos,2026-07-07,Giovana de Miranda,Dúvidas,Alta,Resolvido,AKY VIDROS &amp  PVC LTDA,Felipe Sousa,Não classificado,Terça,2026-07,28
57229,Público,Dúvida referente a manutenção de cadastros MOF,2026-07-02,Giovana de Miranda,Dúvidas,Alta,Resolvido,KADESC,Helton Santos Cordeiro,Empresa,Quinta,2026-07,27
57942,Público,Configuração de rede - Troca de IPV4 + chat inativo,2026-07-14,Giovana de Miranda,Instalação,Alta,Resolvido,AMAZON TEMPER,Dyogo Victor,Empresa,Terça,2026-07,29
57209,Público,Dúvida referente a filtrar obra por contramarcos,2026-07-02,Giovana de Miranda,Dúvidas,Alta,Resolvido,LOJA DO VIDRO PIRACICABA,Flávio Projetos,Empresa,Quinta,2026-07,27
57029,Público,Transferencia de departamento - PI,2026-06-30,Giovana de Miranda,Transferência de Departamento,Alta,Resolvido,PERFISUD,Guilherme Goulart,Empresa,Terça,2026-06,27
57191,Público,Dúvida referente por filtrar obras + precificação de componentes,2026-07-02,Giovana de Miranda,Dúvidas,Alta,Resolvido,IRMAOS CRUZ ALUMINIO,Irmãos Cruz Alumínio,Empresa,Quinta,2026-07,27
56941,Público,Dúvida referente à precificação de materiais,2026-06-30,Giovana de Miranda,Dúvidas,Alta,Resolvido,IRMAOS CRUZ ALUMINIO,Irmãos Cruz Alumínio,Empresa,Terça,2026-06,27
57626,Público,Transferencia de departamento - relatorios personalizados,2026-07-08,Giovana de Miranda,Transferência de Departamento,Alta,Resolvido,CASA DO VIDRO,Casa Do Vidro,Empresa,Quarta,2026-07,28
57429,Público,Dúvida referente a porcentagem do painel,2026-07-06,Giovana de Miranda,Dúvidas,Alta,Resolvido,IDEAL ESQUADRIAS,Gabriel,Empresa,Segunda,2026-07,28
57622,Público,Atualização de build + dúvida referente salvar como tipologia,2026-07-08,Giovana de Miranda,Atualização Versão e Build,Alta,Resolvido,IDEAL ESQUADRIAS,Gabriel,Empresa,Quarta,2026-07,28
57237,Público,Erro de tela sobreposta,2026-07-02,Giovana de Miranda,Erros,Alta,Resolvido,CONCEPT ALUMINIUM,Vini L.,Empresa,Quinta,2026-07,27
57707,Público,Dúvida referente a usuário dentro da obra,2026-07-09,Giovana de Miranda,Dúvidas,Alta,Resolvido,CONCEPT ALUMINIUM,Vini L.,Empresa,Quinta,2026-07,28
57349,Público,Offline message,2026-07-04,Giovana de Miranda,Tickets Offline,Média,Resolvido,ESTRUTURAL ALUMINIOS,Luan Machado Silveira,Empresa,Sábado,2026-07,27
57161,Público,Chat inativo,2026-07-02,Giovana de Miranda,Chat Inativo,Baixa,Resolvido,VIDRACARIA ATUAL,Nágela - Vidraçaria Atual,Empresa,Quinta,2026-07,27
57469,Público,Offline message,2026-07-06,Giovana de Miranda,Tickets Offline,Média,Resolvido,TECNOFEAL,Priscila,Empresa,Segunda,2026-07,28
57642,Público,Offline message,2026-07-08,Giovana de Miranda,Tickets Offline,Média,Resolvido,GRUPO VAX (ANTIGO 6687),Carlos Neylon,Não classificado,Quarta,2026-07,28
57412,Público,Dúvida referente a contato do Italo Gomes,2026-07-06,Giovana de Miranda,Dúvidas,Alta,Resolvido,LUMISYSTEM IND E COM,Agatha,Não classificado,Segunda,2026-07,28
57314,Público,Agendamento de instalação do sistema,2026-07-03,Daniel Joaquim ,Dúvidas,Alta,Resolvido,ALUMIPLUS ITU LTDA,Paulinho,Empresa,Sexta,2026-07,27
57126,Público,Ativação do estoque técnico do CEM,2026-07-01,Daniel Joaquim ,Dúvidas,Alta,Resolvido,TECNOFEAL,Priscila,Empresa,Quarta,2026-07,27
57319,Público,Mensagem offline - Estefani Rosa,2026-07-03,Daniel Joaquim ,Tickets Offline,Alta,Resolvido,Faktory Softwares,Suporte Faktory » Estefani Rosa,Empresa,Sexta,2026-07,27
57309,Público,Dúvida no tampedaco + dúvidas diversas das esquadrias,2026-07-03,Daniel Joaquim ,Dúvidas,Alta,Resolvido,FASTDOOR PORTAS AUTOMATICAS,Thaís Freitas,Não classificado,Sexta,2026-07,27
57012,Público,Dúvida referente ao aviso de segurança do remoteapp,2026-06-30,Daniel Joaquim ,Nuvem Cloud,Alta,Resolvido,TECNOFEAL,Thaíse,Empresa,Terça,2026-06,27
57976,Público,Dúvida aonde está a pasta croqui (anexei no acesso rápido),2026-07-14,Daniel Joaquim ,Dúvidas,Alta,Resolvido,GRUPO VAX (ANTIGO 6687),NR ESQUADRIAS,Não classificado,Terça,2026-07,29
57071,Público,Implantação + treinamento -  ELETROVIDROS (13782),2026-07-01,Daniel Joaquim ,Implantação,Alta,Resolvido,Alumisoft Sistemas,Implantacao,Empresa,Quarta,2026-07,27
57156,Público,Implantação + treinamento -  CONCEITO DISTRIBUIDORA (13738),2026-07-02,Daniel Joaquim ,Implantação,Alta,Resolvido,Alumisoft Sistemas,Implantacao,Empresa,Quinta,2026-07,27
57131,Público,Migração -  ALLCATECH  (13776),2026-07-01,Daniel Joaquim ,Implantação,Alta,Resolvido,Alumisoft Sistemas,Implantacao,Empresa,Quarta,2026-07,27
56943,Público,Downgrade -  PORMADE INDUSTRIA (12823),2026-06-30,Daniel Joaquim ,Implantação,Alta,Resolvido,Alumisoft Sistemas,Implantacao,Empresa,Terça,2026-06,27
56946,Público,Downgrade -  SOCITEC  (669),2026-06-30,Daniel Joaquim ,Implantação,Alta,Resolvido,Alumisoft Sistemas,Implantacao,Empresa,Terça,2026-06,27
56973,Público,Implantação + treinamento -  R & S ESQUADRIAS DE ALUMINIO LTDA (13783),2026-06-30,Daniel Joaquim ,Implantação,Alta,Resolvido,Alumisoft Sistemas,Implantacao,Empresa,Terça,2026-06,27
57006,Público,Implantação + treinamento -  SOLUCAO VIDROS (13110),2026-06-30,Daniel Joaquim ,Implantação,Alta,Resolvido,Alumisoft Sistemas,Implantacao,Empresa,Terça,2026-06,27
57264,Público,Implantação + treinamento -  AFA ALUMINIUM (10597),2026-07-02,Daniel Joaquim ,Implantação,Alta,Resolvido,Alumisoft Sistemas,Implantacao,Empresa,Quinta,2026-07,27
57338,Público,Implantação + treinamento -  ENGPLAN ESQUADRIAS DE ALUMINIO E FACHADAS  (9005),2026-07-03,Daniel Joaquim ,Implantação,Alta,Resolvido,Alumisoft Sistemas,Implantacao,Empresa,Sexta,2026-07,27
57346,Público,Implantação + treinamento -  BOXSOL  (13771),2026-07-03,Daniel Joaquim ,Implantação,Alta,Resolvido,Alumisoft Sistemas,Implantacao,Empresa,Sexta,2026-07,27
57395,Público,Downgrade -  LINART  (7677),2026-07-06,Daniel Joaquim ,Implantação,Alta,Resolvido,Alumisoft Sistemas,Implantacao,Empresa,Segunda,2026-07,28
57463,Público,Implantação + treinamento -  ALUARPROS SERVICOS ESPECIALIZADOS LTDA (11881),2026-07-06,Daniel Joaquim ,Implantação,Alta,Resolvido,Alumisoft Sistemas,Implantacao,Empresa,Segunda,2026-07,28
57450,Público,Implantação + treinamento -  GAMA ESQUADRIAS (1370),2026-07-06,Daniel Joaquim ,Implantação,Alta,Resolvido,Alumisoft Sistemas,Implantacao,Empresa,Segunda,2026-07,28
57529,Público,Upgrade -  ESQUADRILON  (615),2026-07-07,Daniel Joaquim ,Implantação,Alta,Resolvido,Alumisoft Sistemas,Implantacao,Empresa,Terça,2026-07,28
57530,Público,Upgrade -  PRIME VIDROS E ALUMINIO (10902),2026-07-07,Daniel Joaquim ,Implantação,Alta,Resolvido,Alumisoft Sistemas,Implantacao,Empresa,Terça,2026-07,28
57569,Público,Implantação + treinamento -  SERRALHERIA SAO SEBASTIAO (1332),2026-07-07,Daniel Joaquim ,Implantação,Alta,Resolvido,Alumisoft Sistemas,Implantacao,Empresa,Terça,2026-07,28
57725,Público,Downgrade -  MARMO GRANITO (10598),2026-07-09,Daniel Joaquim ,Implantação,Alta,Resolvido,Alumisoft Sistemas,Implantacao,Empresa,Quinta,2026-07,28
57760,Público,Implantação + treinamento -  KLAUZER BOX (12612),2026-07-09,Daniel Joaquim ,Implantação,Alta,Resolvido,Alumisoft Sistemas,Implantacao,Empresa,Quinta,2026-07,28
57965,Público,Implantação + treinamento -  VITRALI INDUSTRIA E COMERCIO DE ESQUADRIAS (13795),2026-07-14,Daniel Joaquim ,Implantação,Alta,Resolvido,Alumisoft Sistemas,Implantacao,Empresa,Terça,2026-07,29
57835,Público,Implantação + treinamento -  ART DESIGN ESQUADRIAS EM ALUMINIO LTDA (9686),2026-07-13,Daniel Joaquim ,Implantação,Alta,Resolvido,Alumisoft Sistemas,Implantacao,Empresa,Segunda,2026-07,29
57800,Público,Upgrade -  METRU ESQUADRIAS (9269),2026-07-10,Daniel Joaquim ,Implantação,Alta,Resolvido,Alumisoft Sistemas,Implantacao,Empresa,Sexta,2026-07,28
57798,Público,Migração -  MEDIANEIRA VIDROS E ESQUADRIAS (10689),2026-07-10,Daniel Joaquim ,Implantação,Alta,Resolvido,Alumisoft Sistemas,Implantacao,Empresa,Sexta,2026-07,28
57915,Público,Upgrade -  HM ESQUADRIAS (1428),2026-07-13,Daniel Joaquim ,Implantação,Alta,Resolvido,Alumisoft Sistemas,Implantacao,Empresa,Segunda,2026-07,29
57872,Público,Upgrade -  USIMINAS SERRALHERIA (13234),2026-07-13,Daniel Joaquim ,Implantação,Urgente,Resolvido,Alumisoft Sistemas,Implantacao,Empresa,Segunda,2026-07,29
57866,Público,Migração -  SYSBUILDING  (7307),2026-07-13,Daniel Joaquim ,Implantação,Alta,Resolvido,Alumisoft Sistemas,Implantacao,Empresa,Segunda,2026-07,29
57679,Público,Dúvida na emissão de relatórios,2026-07-08,Daniel Joaquim ,Dúvidas,Alta,Resolvido,LOJA DO VIDRO PIRACICABA,Flávio Projetos,Empresa,Quarta,2026-07,28
56949,Público,Alteração cadastral + atualização de build 0618 + atualização de material MOF (BASE) + chat inativo,2026-06-30,Daniel Joaquim ,Dúvidas,Alta,Resolvido,LOJA DO VIDRO PIRACICABA,Flávio Projetos,Empresa,Terça,2026-06,27
57157,Público,Dúvida no cadastro de acabamento - faltou colocar a referência,2026-07-02,Daniel Joaquim ,Dúvidas,Alta,Resolvido,DURANT FACHADAS E ESQUADRIAS,Marceli,Empresa,Quinta,2026-07,27
57280,Público,Análise técnica na esquadria do cliente para validar o número de barras,2026-07-03,Daniel Joaquim ,Dúvidas,Alta,Resolvido,DURANT FACHADAS E ESQUADRIAS,Marceli,Empresa,Sexta,2026-07,27
57813,Público,Erro na impressão do relatório de corte ,2026-07-10,Daniel Joaquim ,Erros,Alta,Resolvido,ALUMISHOW,Gabriel -  Engenharia,Empresa,Sexta,2026-07,28
57241,Público,Atualização de build 0628,2026-07-02,Daniel Joaquim ,Atualização Versão e Build,Alta,Resolvido,ALUMISISTEM ESQUADRIAS,adilson,Empresa,Quinta,2026-07,27
57790,Público,Dúvida em como alterar croqui + colocar descrição dinâmica na esquadria + dúvida na emissão de relatório,2026-07-10,Daniel Joaquim ,Dúvidas,Alta,Resolvido,INOVAR,Orçamento Inovar - Eliane,Empresa,Sexta,2026-07,28
57035,Público,Reset de senha usuário ENGGLASS_01,2026-06-30,Daniel Joaquim ,Nuvem Cloud,Alta,Resolvido,VCA ENGENHARIA,Jessica Gomes,Empresa,Terça,2026-06,27
57170,Público,Dúvida em como desbloquear as espessuras do vidro + dúvida em como ajustar valor ,2026-07-02,Daniel Joaquim ,Dúvidas,Alta,Resolvido,GUILES ESQUADRIAS,Joyce Gomes,Empresa,Quinta,2026-07,27
57784,Público,Dúvida no cadastro de croqui,2026-07-10,Daniel Joaquim ,Dúvidas,Alta,Resolvido,CENTRO NORTE ESQUADRIAS,Jadson Martins,Empresa,Sexta,2026-07,28
57308,Público,Auto resolução,2026-07-03,Daniel Joaquim ,Chat Inativo,Baixa,Resolvido,RV ALUMINIUM,Kauã,Empresa,Sexta,2026-07,27
57846,Público,Atualização de versão 3.5.24.1017 > 3.6.26.0707,2026-07-13,Daniel Joaquim ,Atualização Versão e Build,Alta,Resolvido,ULITEC ESQUADRIAS EIRELI,Ale,Empresa,Segunda,2026-07,29
57827,Público,Erro de tela sobreposta + agendamento de atualização de versão,2026-07-13,Daniel Joaquim ,Erros,Alta,Resolvido,ULITEC ESQUADRIAS EIRELI,Ale,Empresa,Segunda,2026-07,29
57480,Público,Transferência de departamento - Faktory,2026-07-07,Daniel Joaquim ,Transferência de Departamento,Alta,Resolvido,ALUVETRO ESQUADRIAS,Aluvetro Esquadrias,Empresa,Terça,2026-07,28
57375,Público,Dúvida em como usar a descrição dinâmica,2026-07-06,Daniel Joaquim ,Dúvidas,Alta,Resolvido,M. W. E. ESQUADRIAS DE ALUMINIO,Enilson,Empresa,Segunda,2026-07,28
57438,Público,Personalização de relatório - ajuste feita por produtos ,2026-07-06,Daniel Joaquim ,Dúvidas,Alta,Resolvido,VIDRACARIA ATUAL,Ruan Vidracaria Atual,Empresa,Segunda,2026-07,28
57318,Público,Offline message - Eliel Lacerda,2026-07-03,Daniel Joaquim ,Tickets Offline,Alta,Resolvido,COSBIEM,Eliel Lacerda,Empresa,Sexta,2026-07,27
57477,Público,Ajuste de personalização de relatórios feito pelo suporte,2026-07-07,Daniel Joaquim ,Dúvidas,Alta,Resolvido,A FUNCIONAL VIDROS,Marcela - Funcional Esquadria,Empresa,Terça,2026-07,28
57547,Público,Dúvida no cadastro de perfil + substituição global de perfil,2026-07-07,Daniel Joaquim ,Dúvidas,Alta,Resolvido,BRUBOX ALUMINIO E VIDRO (ANTIGO 896),Bruno Munhoz Soares,Empresa,Terça,2026-07,28
57917,Público,Solicitação de liberação de material da ALUMP,2026-07-13,Daniel Joaquim ,Dúvidas,Alta,Resolvido,FOPPA ESQUADRIAS,Bruna - Foppa Esquadrias De Alumínio,Empresa,Segunda,2026-07,29
57983,Público,"Atualização de build 0707 + atualização de material MOF (base, alump, mercado) + atalho em rede",2026-07-14,Daniel Joaquim ,Dúvidas,Alta,Resolvido,FOPPA ESQUADRIAS,Bruna - Foppa Esquadrias De Alumínio,Empresa,Terça,2026-07,29
57770,Público,Dúvida sobre a licença em nuvem,2026-07-10,Daniel Joaquim ,Dúvidas,Alta,Resolvido,ARTALUM,Cristhiane Pereira,Atendimento CEM EXCLUSIVE,Sexta,2026-07,28
57787,Público,Reinstalação do sistema,2026-07-10,Daniel Joaquim ,Instalação,Alta,Resolvido,JOSE CARLOS DOS SANTOS DE OLIVEIRA,"José Carlos,JOSE CARLOS DOS SANTOS DE OLIVEIRA » José Carlos",Empresa,Sexta,2026-07,28
57563,Público,Chat inativo,2026-07-07,Daniel Joaquim ,Chat Inativo,Baixa,Resolvido,IRMAOS CRUZ ALUMINIO,J-aluminio Cruz,Empresa,Terça,2026-07,28
57768,Público,Chat inativo,2026-07-10,Daniel Joaquim ,Chat Inativo,Baixa,Resolvido,VM ESQUADRIAS EM ALUMINIO,Evelyne Martins,Empresa,Sexta,2026-07,28
57759,Público,Offline message - Evelyne Martins,2026-07-09,Daniel Joaquim ,Tickets Offline,Alta,Resolvido,VM ESQUADRIAS EM ALUMINIO,Evelyne Martins,Empresa,Quinta,2026-07,28
57227,Público,Chat inativo,2026-07-02,Daniel Joaquim ,Chat Inativo,Baixa,Resolvido,WS ESQUADRIAS,Vivian Sáes,Empresa,Quinta,2026-07,27
57053,Público,Atualização de build 0628 + atualização de material MOF (perfil),2026-07-01,Daniel Joaquim ,Dúvidas,Alta,Resolvido,BRAG ESQUADRIAS DE ALUMINIO,Ruan,Empresa,Quarta,2026-07,27
57898,Público,Dúvida em como fazer a integração do CEM com API,2026-07-13,Daniel Joaquim ,Dúvidas,Alta,Resolvido,OKNO ALUMINIO (ANTIGO 11087 ),Cléofas,Empresa,Segunda,2026-07,29
57486,Público,Auto resolução,2026-07-07,Daniel Joaquim ,Chat Inativo,Baixa,Resolvido,ALUMISANTOS ALUMINIOS,HELIO,Empresa,Terça,2026-07,28
57815,Público,Erro na exportação ao faktory,2026-07-10,Daniel Joaquim ,Dúvidas,Alta,Resolvido,ALUMISANTOS ALUMINIOS,Diego,Empresa,Sexta,2026-07,28
57274,Público,Teste de internet para entender lentidão + chat inativo,2026-07-03,Daniel Joaquim ,Nuvem Cloud,Alta,Resolvido,SUPREMA ESQUADRIAS,Wagner,Não classificado,Sexta,2026-07,27
56955,Público,Troca de software PLUS para PRO,2026-06-30,Daniel Joaquim ,Dúvidas,Alta,Resolvido,HENRIQUE PEREIRA RODRIGUES BENTO,BENTO,Empresa,Terça,2026-06,27
57055,Público,Realizado a instalação de outra licença,2026-07-01,Daniel Joaquim ,Instalação,Alta,Resolvido,PERFIL,Hernan Dario Chalarca Toro,Empresa,Quarta,2026-07,27
57123,Público,Dúvida em como criar item simplificado,2026-07-01,Daniel Joaquim ,Dúvidas,Alta,Resolvido,LAGER ESQUADRIAS,Márcia Christ,Empresa,Quarta,2026-07,27
57250,Público,Dúvida sobre a existência do estoque técnico,2026-07-02,Daniel Joaquim ,Dúvidas,Alta,Resolvido,RJ ESQUADRIAS,RJ ESQUADRIAS - FINANCEIRO,Empresa,Quinta,2026-07,27
57327,Público,Dúvida no cálculo de orçamento - Regra não cobrava a superfície,2026-07-03,Daniel Joaquim ,Dúvidas,Alta,Resolvido,EASB (ALFRAME),Lilian Colombo,Empresa,Sexta,2026-07,27
57324,Público,Dúvida referente ao filtro de obra,2026-07-03,Daniel Joaquim ,Dúvidas,Alta,Resolvido,SILENCIUM ESQUADRIAS ACUSTICAS,Amanda Alves,Empresa,Sexta,2026-07,27
57440,Público,Chat inativo,2026-07-06,Daniel Joaquim ,Chat Inativo,Baixa,Resolvido,SILENCIUM ESQUADRIAS ACUSTICAS,Amanda Alves,Empresa,Segunda,2026-07,28
57631,Público,Chat inativo - vai chamar novamente para validação de tipologia do base custom,2026-07-08,Daniel Joaquim ,Chat Inativo,Baixa,Resolvido,ALUMINORTON,Norton,Empresa,Quarta,2026-07,28
57062,Público,Erro ao duplicar orçamento,2026-07-01,Daniel Joaquim ,Erros,Alta,Resolvido,2 IRMAOS,karen,Empresa,Quarta,2026-07,27
56997,Público,Falha de comunicação - reiniciado o servidor ,2026-06-30,Daniel Joaquim ,Erros,Alta,Resolvido,PREMIUM ESQUADRIAS,Letícia Delfino,Empresa,Terça,2026-06,27
57145,Público,Dúvida em como aplicar a tabela de preço,2026-07-01,Daniel Joaquim ,Dúvidas,Alta,Resolvido,ESTRELA RADIANTE,RAFAEL,Empresa,Quarta,2026-07,27
57585,Público,Atalho do sistema em rede,2026-07-08,Daniel Joaquim ,Instalação,Alta,Resolvido,SAO LUIZ ESQUADRIAS DE ALUMINIO (ANTIGO 814),Bruna,Empresa,Quarta,2026-07,28
57982,Público,Análise técnica na esquadria do cliente simulação de cálculo que estava com erro,2026-07-14,Daniel Joaquim ,Dúvidas,Alta,Resolvido,FORTGLASS SOLUCOES EM VIDROS E ESQUADRIAS (ANTIGA 9445),Cláudio José,Atendimento CEM EXCLUSIVE,Terça,2026-07,29
57051,Público,Dúvida na emissão de relatórios,2026-07-01,Daniel Joaquim ,Dúvidas,Alta,Resolvido,MOREIRA ESQUADRIAS,Felipe,Empresa,Quarta,2026-07,27
57183,Público,Implantação + treinamento -  ALUMIPLUS (13182),2026-07-02,Damião Silva,Implantação,Alta,Entregue,Alumisoft Sistemas,Implantacao,Empresa,Quinta,2026-07,27
57601,Público,transferência de departamento (comercial),2026-07-08,Patrick Nascimento,Transferência de Departamento,Alta,Resolvido,ALMAIS ESQUADRIAS DE ALUMINIO,LUIZ CLAUDIO,Empresa,Quarta,2026-07,28
57651,Público,chat inativo,2026-07-08,Patrick Nascimento,Chat Inativo,Baixa,Resolvido,ALMAIS ESQUADRIAS DE ALUMINIO,LUIZ CLAUDIO,Empresa,Quarta,2026-07,28
57523,Público,Agendamento de atualização de material MOF,2026-07-07,Patrick Nascimento,Dúvidas,Alta,Resolvido,PASSOLD SISTEMAS DE FACHADA,Edinei Cimardi,Empresa,Terça,2026-07,28
57691,Público,atualização de todos os materiais MOF do sistema,2026-07-09,Patrick Nascimento,Dúvidas,Alta,Resolvido,PASSOLD SISTEMAS DE FACHADA,Edinei Cimardi,Empresa,Quinta,2026-07,28
57963,Público,duvida referente a erro de registro (Alteração cadastral),2026-07-14,Patrick Nascimento,Erros,Alta,Resolvido,ELOGLASS,Eloglass - COMERCIAL,Empresa,Terça,2026-07,29
57923,Público,duvida referente a como excluir/desativar uma obra,2026-07-13,Patrick Nascimento,Dúvidas,Alta,Resolvido,IDEAL ESQUADRIAS,Gabriel,Empresa,Segunda,2026-07,29
57022,Público,Atualização de build (3.6.26.0618) + chat inativo,2026-06-30,Patrick Nascimento,Atualização Versão e Build,Alta,Resolvido,EM VIDROS,Diogenes Santos,Empresa,Terça,2026-06,27
56981,Público,solicitação de atualização de build + chat inativo,2026-06-30,Patrick Nascimento,Chat Inativo,Baixa,Resolvido,EM VIDROS,Diogenes Santos,Empresa,Terça,2026-06,27
57975,Público,duvida referente ao cadastro de cliente dentro da obra,2026-07-14,Patrick Nascimento,Dúvidas,Alta,Resolvido,VIDROBOX,Osni,Empresa,Terça,2026-07,29
57570,Público,duvida referente a condições de verificação da esquadria,2026-07-07,Patrick Nascimento,Dúvidas,Alta,Resolvido,"MM ESQUADRIAS,MM ESQUADRIAS",Manoel,Empresa,Terça,2026-07,28
57950,Público,Agendamento de atualização de build,2026-07-14,Patrick Nascimento,Dúvidas,Alta,Resolvido,NOBRE ALUMINIO,Marcos Furtado,Empresa,Terça,2026-07,29
57855,Público,Atualização de material MOF (HYDRO),2026-07-13,Patrick Nascimento,Dúvidas,Alta,Resolvido,UNIT ESQUADRIAS,UNIT Técnico,Empresa,Segunda,2026-07,29
57340,Público,duvida de como modificar esquadria do cliente,2026-07-03,Patrick Nascimento,Dúvidas,Alta,Resolvido,ESTRUTURAL ALUMINIOS,Luan Machado Silveira,Empresa,Sexta,2026-07,27
57482,Público,feito alteração do arquivo do banco de dados,2026-07-07,Patrick Nascimento,Instalação,Alta,Resolvido,Faktory Softwares,Suporte Faktory » Estefani Rosa,Empresa,Terça,2026-07,28
57475,Público,erro de ao simular o calculo de uma esquadria,2026-07-07,Patrick Nascimento,Erros,Alta,Resolvido,TECNOFEAL,Priscila,Empresa,Terça,2026-07,28
57562,Público,Instalação de atalho em rede (mapeamento),2026-07-07,Patrick Nascimento,Instalação,Alta,Resolvido,BELLA ESQUADRIAS,Eliana,Empresa,Terça,2026-07,28
57721,Público,duvida referente a como cadastrar referencia no cadastro de acabamento,2026-07-09,Patrick Nascimento,Dúvidas,Alta,Resolvido,CENTRO NORTE ESQUADRIAS,Jadson Martins,Empresa,Quinta,2026-07,28
56996,Público,duvida referente a erro de calculo,2026-06-30,Patrick Nascimento,Dúvidas,Alta,Resolvido,ESQUADRITEMPER,Marcos,Empresa,Terça,2026-06,27
57357,Público,configuração da impressora redirecionada,2026-07-06,Patrick Nascimento,Nuvem Cloud,Alta,Resolvido,ESQUADRITEMPER,Marcos,Empresa,Segunda,2026-07,28
57667,Público,chat inativo,2026-07-08,Patrick Nascimento,Chat Inativo,Baixa,Resolvido,SAM VIDROS,Thyago,Empresa,Quarta,2026-07,28
57697,Público,Feito o processo de GBAK no banco do CEM,2026-07-09,Patrick Nascimento,Instalação,Alta,Resolvido,SAM VIDROS,Thyago,Empresa,Quinta,2026-07,28
57273,Público,duvida referente ao valor da obra que está muito baixo,2026-07-03,Patrick Nascimento,Dúvidas,Alta,Resolvido,FINESTRA & CIA,Finestra Esquadrias de Alumínio,Não classificado,Sexta,2026-07,27
57843,Público,duvida referente a como alterar o cliente da obra,2026-07-13,Patrick Nascimento,Dúvidas,Alta,Resolvido,M2 ESQUADRIAS DE ALUMINIO,Andrêza Queiroz,Empresa,Segunda,2026-07,29
57236,Público,duvida referente a quantos usuários estão logados no sistema,2026-07-02,Patrick Nascimento,Dúvidas,Alta,Resolvido,JEL (ANTIGA SEJAL 9926),Edinei,Empresa,Quinta,2026-07,27
57613,Público,duvida referente ao cadastro de vidros,2026-07-08,Patrick Nascimento,Dúvidas,Alta,Resolvido,INOVAR,Orçamento Inovar - Eliane,Empresa,Quarta,2026-07,28
57968,Público,duvida referente a como salvar croquis no EGCLOUD,2026-07-14,Patrick Nascimento,Nuvem Cloud,Alta,Resolvido,JCM PORTAS E ESQUADRIAS EM ALUMINIO,JCM PORTAS,Não classificado,Terça,2026-07,29
57080,Público,Duvida referente a erro de calculo do CEM,2026-07-01,Patrick Nascimento,Dúvidas,Alta,Resolvido,INOVAR,Orçamento Inovar - Eliane,Empresa,Quarta,2026-07,27
57232,Público,duvida de como duplicar uma obra,2026-07-02,Patrick Nascimento,Dúvidas,Alta,Resolvido,INOVAR,Orçamento Inovar - Eliane,Empresa,Quinta,2026-07,27
57908,Público,Duvida referente a personalização de relatórios,2026-07-13,Patrick Nascimento,Dúvidas,Alta,Resolvido,SIRAL,F C,Empresa,Segunda,2026-07,29
57559,Público,chat inativo,2026-07-07,Patrick Nascimento,Chat Inativo,Baixa,Resolvido,VIVA COMUNICAÇÃO,Roberta,Empresa,Terça,2026-07,28
57447,Público,duvida referente a como cadastrar acabamento no CEM,2026-07-06,Patrick Nascimento,Dúvidas,Alta,Resolvido,TEXA,Augusto,Empresa (Cliente VIP),Segunda,2026-07,28
57271,Público,solicitação de liberação da PERFIL ALUMINIO,2026-07-03,Patrick Nascimento,Dúvidas,Alta,Resolvido,DMETAL ESQUADRIAS DE ALUMINIO (ANTIGO 10257),Fernando,Empresa,Sexta,2026-07,27
57083,Público,duvida referente a como ocultar largura e altura no relatório de proposta comercial,2026-07-01,Patrick Nascimento,Dúvidas,Alta,Resolvido,ESQUADRA SERRALHERIA,Kleiton,Empresa,Quarta,2026-07,27
57695,Público,Duvida referente a exportação de obra para o Faktory,2026-07-09,Patrick Nascimento,Dúvidas,Alta,Resolvido,ALUTEC DF,Tiago - Gerente Técnico,Empresa,Quinta,2026-07,28
57365,Público,Atualização de build (3.6.26.0628),2026-07-06,Patrick Nascimento,Atualização Versão e Build,Alta,Resolvido,ARTE CENTER,Eleomar Freitas da Silva,Empresa,Segunda,2026-07,28
57332,Público,duvida de como utilizar a tabela de preço da alushow,2026-07-03,Patrick Nascimento,Dúvidas,Alta,Resolvido,ESTRELA RADIANTE,RAFAEL,Empresa,Sexta,2026-07,27
57549,Público,duvida referente a existência de uma tipologia no CEM,2026-07-07,Patrick Nascimento,Dúvidas,Alta,Resolvido,HOUSE ESQUADRIAS EM ALUMINIO,Natalia,Empresa,Terça,2026-07,28
57454,Público,Atualização de build (3.6.26.0705),2026-07-06,Patrick Nascimento,Atualização Versão e Build,Alta,Resolvido,2 IRMAOS,karen,Empresa,Segunda,2026-07,28
57604,Público,Atualização de build (3.6.26.0618),2026-07-08,Patrick Nascimento,Atualização Versão e Build,Alta,Resolvido,KP ENGENHARIA (ANTIGO 8386),Kerstin Pinz,Empresa,Quarta,2026-07,28
57528,Público,solicitação de personalização de relatório + chat inativo,2026-07-07,Patrick Nascimento,Dúvidas,Alta,Resolvido,ALUMIF SERVICOS DE ESQUADRIAS E MANUTENCAO,Wandson Oliveira,Empresa,Terça,2026-07,28
57555,Público,duvida de como desativar/excluir esquadrias e projetistas,2026-07-07,Patrick Nascimento,Dúvidas,Alta,Resolvido,ESQUADRILON,Alisson,Empresa,Terça,2026-07,28
57283,Público,duvida referente a como usar croquis e descrição inteligente ,2026-07-03,Patrick Nascimento,Dúvidas,Alta,Resolvido,ESQUADRILON,Alisson,Empresa,Sexta,2026-07,27
57829,Público,duvida referente a emissão de relatório de esquadrias,2026-07-13,Patrick Nascimento,Dúvidas,Alta,Resolvido,UNIT ESQUADRIAS,virginia,Empresa,Segunda,2026-07,29
57278,Público,transferência de departamento (financeiro),2026-07-03,Patrick Nascimento,Transferência de Departamento,Alta,Resolvido,ROYAL,Elizabete,Empresa,Sexta,2026-07,27
57310,Público,criação do atalho do sistema,2026-07-03,Patrick Nascimento,Instalação,Alta,Resolvido,HENRIQUE PEREIRA RODRIGUES BENTO,BENTO,Empresa,Sexta,2026-07,27
57046,Público,Atualização de build (3.6.26.0618),2026-07-01,Patrick Nascimento,Atualização Versão e Build,Alta,Resolvido,SUPREMA ESQUADRIAS,Wagner,Não classificado,Quarta,2026-07,27
57239,Público,duvida referente a folga das folhas de vidro incorreta,2026-07-02,Patrick Nascimento,Dúvidas,Alta,Resolvido,CALIMAN VIDROS,Caliman Vidros - Rômulo Caliman,Empresa,Quinta,2026-07,27
57377,Público,Instalação de atalho em rede (mapeamento),2026-07-06,Patrick Nascimento,Instalação,Alta,Resolvido,METALURGICA QUALI SERV,Henrique,Empresa,Segunda,2026-07,28
57510,Público,chat inativo,2026-07-07,Patrick Nascimento,Chat Inativo,Baixa,Resolvido,VIDRARE - SOLUCOES EM VIDROS,Cleber Silva,Empresa,Terça,2026-07,28
57743,Público,duvida referente a medidas de largura e altura dos vidros,2026-07-09,Patrick Nascimento,Dúvidas,Alta,Resolvido,ALLUMINIUM PREMIUM,Dimas de Oliveira,Empresa,Quinta,2026-07,28
57879,Público,solicitação de liberação da CBA,2026-07-13,Patrick Nascimento,Dúvidas,Alta,Resolvido,VISION DESIGN,Vagner Reis,Empresa,Segunda,2026-07,29
56958,Público,duvida referente a como cadastrar perfil,2026-06-30,Patrick Nascimento,Dúvidas,Alta,Resolvido,PREMIUM ESQUADRIAS,Carlos Carrijo,Empresa,Terça,2026-06,27
57896,Público,realizado LIC automatica,2026-07-13,Patrick Nascimento,Erros,Alta,Resolvido,LINEA PRIME ESQUADRIAS DE ALUMINIO,CRISTINA MAGALHAES FREIRE BRITO,Empresa,Segunda,2026-07,29
57981,Público,duvida referente a como cadastrar uma referencia no cadastro de acabamento,2026-07-14,Patrick Nascimento,Dúvidas,Baixa,Resolvido,ELUX ESQUADRIAS,Manoel,Empresa,Terça,2026-07,29
56950,Público,Reinstalação do sistema (troca de servidor),2026-06-30,Patrick Nascimento,Instalação,Alta,Resolvido,VIDRACARIA PINHAL BOX,Luciana,Empresa,Terça,2026-06,27
57101,Público,importação de cadastro das linhas da aluminorte,2026-07-01,Patrick Nascimento,Dúvidas,Alta,Resolvido,VIDRO VIVO,Danielle,Empresa,Quarta,2026-07,27
56988,Público,Solicitação de liberação da aluminorte,2026-06-30,Patrick Nascimento,Dúvidas,Alta,Resolvido,VIDRO VIVO,Danielle,Empresa,Terça,2026-06,27
57185,Público,Atualização de build (3.6.26.0618),2026-07-02,Patrick Nascimento,Atualização Versão e Build,Alta,Resolvido,VIDRO VIVO,Danielle,Empresa,Quinta,2026-07,27
57462,Público,Instalação de atalho em rede (mapeamento),2026-07-06,Patrick Nascimento,Instalação,Alta,Resolvido,DIALC,Matheus,Empresa,Segunda,2026-07,28
57565,Público,chat inativo,2026-07-07,Patrick Nascimento,Chat Inativo,Baixa,Resolvido,DIALC,Matheus,Empresa,Terça,2026-07,28
57749,Público,duvida referente a precificação dos vidros,2026-07-09,Patrick Nascimento,Dúvidas,Alta,Resolvido,ALUIM METAIS,Giovana,Empresa,Quinta,2026-07,28
57948,Público,Instalação de atalho em rede (mapeamento),2026-07-14,Patrick Nascimento,Instalação,Alta,Resolvido,MEGANORDESTE,Camila,Empresa,Terça,2026-07,29
57891,Público,duvida referente a sobra de perfil dando valor negativo,2026-07-13,Patrick Nascimento,Dúvidas,Alta,Resolvido,CARLOS HENRIQUE GOMES JUNIOR,Jane,Empresa,Segunda,2026-07,29
57222,Público,duvida referente a como realizar o backup do banco de dados do CEM,2026-07-02,Patrick Nascimento,Instalação,Alta,Resolvido,CONCEITO ESQUADRIAS E VIDROS,Rodrigo Garcia,Empresa,Quinta,2026-07,27
57993,Público,chat inativo,2026-07-14,Patrick Nascimento,Chat Inativo,Baixa,Resolvido,MMC ESQUADRIAS DE ALUMINIO,SAMIRES,Empresa,Terça,2026-07,29
57057,Público,transferência de departamento (CT/PI),2026-07-01,Patrick Nascimento,Transferência de Departamento,Alta,Resolvido,EUNIX ALUMINIO,Maurício Berto,Empresa,Quarta,2026-07,27
57114,Público,transferência de departamento (CT/PI),2026-07-01,Patrick Nascimento,Transferência de Departamento,Alta,Resolvido,EUNIX ALUMINIO,Maurício Berto,Empresa,Quarta,2026-07,27
57706,Público,duvida de como importar e exportar uma obra no EGCLOUD,2026-07-09,Patrick Nascimento,Nuvem Cloud,Alta,Resolvido,WANIA LIDIANE PEREIRA,Wania,Não classificado,Quinta,2026-07,28
57061,Público,Atualização de material MOF (HYDRO) + chat inativo,2026-07-01,Patrick Nascimento,Dúvidas,Alta,Resolvido,EM VIDROS,Setor de compras Em Vidros,Empresa,Quarta,2026-07,27
57623,Público,agendamento de reinstalação do sistema ,2026-07-08,Patrick Nascimento,Dúvidas,Alta,Resolvido,ALUMISANTOS ALUMINIOS,Daniel,Empresa,Quarta,2026-07,28
57644,Público,agendamento de reinstalação do sistema ,2026-07-08,Patrick Nascimento,Dúvidas,Alta,Resolvido,ALUMISANTOS ALUMINIOS,Daniel,Empresa,Quarta,2026-07,28
57583,Público,Atualização de material MOF (PERFIL),2026-07-08,Patrick Nascimento,Dúvidas,Alta,Resolvido,G4 ESQUADRIAS E FACHADAS,Bruno Lima,Empresa,Quarta,2026-07,28
57063,Público,Marcela entrou em contato para agendar uma reunião,2026-07-01,Patrick Nascimento,Chat Inativo,Baixa,Resolvido,A FUNCIONAL VIDROS,Marcela - Funcional Esquadria,Empresa,Quarta,2026-07,27
56963,Público,duvida referente ao backup das pastas do sistema,2026-06-30,Patrick Nascimento,Instalação,Alta,Resolvido,A FUNCIONAL VIDROS,Marcela - Funcional Esquadria,Empresa,Terça,2026-06,27
57823,Público,Erro de acesso no Skyone,2026-07-13,Patrick Nascimento,Transferência de Departamento,Alta,Resolvido,LUXES,Sérgio,Empresa,Segunda,2026-07,29
57245,Público,ativação de estoque técnico,2026-07-02,Patrick Nascimento,Dúvidas,Alta,Resolvido,VIDRAÇARIA UNIÃO,Moizeis Souza,Empresa,Quinta,2026-07,27
57124,Público,ativação de estoque técnico,2026-07-01,Patrick Nascimento,Dúvidas,Alta,Resolvido,VIDRAÇARIA UNIÃO,Moizeis Souza,Empresa,Quarta,2026-07,27
57146,Público,ativação de estoque técnico,2026-07-01,Patrick Nascimento,Dúvidas,Alta,Resolvido,VIDRAÇARIA UNIÃO,Nelson,Empresa,Quarta,2026-07,27
57856,Público,duvida referente aos perfis especiais da obra,2026-07-13,Patrick Nascimento,Dúvidas,Alta,Resolvido,TEMPERCAMPOS,Jessica,Empresa,Segunda,2026-07,29
57247,Público,alterado a configuração de linguagem do windows da máquina,2026-07-02,Patrick Nascimento,Dúvidas,Alta,Resolvido,SUPER VETRO - QUALIDADE SUPERIOR EM VIDROS,Samuel Thomas,Empresa,Quinta,2026-07,27
57875,Público,duvida referente ao valor do tapa furo no cadastro de componentes,2026-07-13,Patrick Nascimento,Dúvidas,Alta,Resolvido,SUPER VETRO - QUALIDADE SUPERIOR EM VIDROS,Samuel Thomas,Empresa,Segunda,2026-07,29
57831,Público,Instalação de atalho em rede (mapeamento),2026-07-13,Patrick Nascimento,Instalação,Alta,Resolvido,VETRO FABRICAÇÃO DE ESQUADRIAS DE METAL,Isadora,Empresa,Segunda,2026-07,29
57729,Público,Erro ao acessar o EGCLOUD via remoteApp (desativado o antivirus da máquina),2026-07-09,Patrick Nascimento,Nuvem Cloud,Alta,Resolvido,PROVIDRO INDUSTRIA E COMERCIO DE VIDROS,Pedro Henrique,Empresa,Quinta,2026-07,28
57516,Público,duvida referente ao erro de cursor not open,2026-07-07,Patrick Nascimento,Erros,Alta,Resolvido,SMART METAL,Jessica Portes,Empresa,Terça,2026-07,28
57127,Público,duvida referente a mensagem do windows defender,2026-07-01,Patrick Nascimento,Dúvidas,Alta,Resolvido,ESQUADRIAS HIPER,Angelo,Empresa,Quarta,2026-07,27
57436,Público,chat inativo,2026-07-06,Patrick Nascimento,Chat Inativo,Baixa,Resolvido,INOVE ESQUADRIAS E VIDROS LTDA,Marcelo Mendes,Empresa,Segunda,2026-07,28
57406,Público,feito cadastro de um novo funcionário,2026-07-06,Patrick Nascimento,Dúvidas,Alta,Resolvido,IWATA ALUMINIO,Rogeria,Empresa,Segunda,2026-07,28
57943,Público,erro de conexão com o servidor (reiniciado o sistema),2026-07-14,Patrick Nascimento,Erros,Alta,Resolvido,LUNAR VIDROS,Dalmacir,Empresa,Terça,2026-07,29
57225,Público,Erro ao acessar o EGCLOUD via HTML,2026-07-02,Patrick Nascimento,Nuvem Cloud,Alta,Resolvido,GRUPO VAX (ANTIGO 6687),ZAVARIZ ESQUADRIAS,Não classificado,Quinta,2026-07,27
57996,Público,duvida referente ao cadastro de croquis,2026-07-14,Patrick Nascimento,Dúvidas,Alta,Resolvido,NELSON VIDROS,Nelsinho,Empresa,Terça,2026-07,29
57201,Público,duvida de como excluir um elemento construtivo,2026-07-02,Patrick Nascimento,Dúvidas,Alta,Resolvido,JOIA ALUMINIO E VIDRO,Wesley do Vale - Dep. Técnico,Empresa,Quinta,2026-07,27
57330,Público,Atualização de build (3.6.26.0628),2026-07-03,Patrick Nascimento,Atualização Versão e Build,Alta,Resolvido,ALUCAL,Leonardo,Empresa,Sexta,2026-07,27
57315,Público,chat inativo,2026-07-03,Patrick Nascimento,Chat Inativo,Baixa,Resolvido,ALUCAL,Leonardo,Empresa,Sexta,2026-07,27
57171,Público,erro de registro e sincronização do CEMSync + duvida referente a relatórios personalizado,2026-07-02,Patrick Nascimento,Dúvidas,Alta,Resolvido,NOVA METAIS INDUSTRIA E SERVIÇOS,Fabiana Menezes,Empresa,Quinta,2026-07,27
57364,Público,Erro de conexão com o banco de dados ,2026-07-06,Patrick Nascimento,Erros,Alta,Resolvido,MG ALUMINIO E VIDRO (ANTIGO 555),MG Orçamentos,Empresa,Segunda,2026-07,28
57985,Público,Personalização de relatório ( Prazo e Cláusulas )  ,2026-07-14,Pedro Cavalciuk,Dúvidas,Alta,Resolvido,TJ ESQUADRIAS DE ALUMINIO E VIDRAÇARIA,TJ Esquadrias Marketing,Empresa (Cliente VIP),Terça,2026-07,29
57945,Público,Agendamento de reinstalação de sistema as 14 horas,2026-07-14,Pedro Cavalciuk,Instalação,Alta,Resolvido,GOVIDROS,Charles Menezes,Empresa,Terça,2026-07,29
57828,Público,Erro de login skyone + habilitar tratamento de perfil ,2026-07-13,Pedro Cavalciuk,Nuvem Cloud,Alta,Resolvido,QUALITY VIDROS E ESQUADRIAS DE ALUMINIO,Denilson Grana Junior,Empresa,Segunda,2026-07,29
57803,Público,Atendimento do faktory ,2026-07-10,Pedro Cavalciuk,Transferência de Departamento,Alta,Resolvido,RAJAS,MARILIA,Empresa,Sexta,2026-07,28
57476,Público,Salvar PDF via HTML 5 ,2026-07-07,Pedro Cavalciuk,Nuvem Cloud,Alta,Resolvido,DECORFLEX ESQUADRIAS,Sara,Empresa,Terça,2026-07,28
57423,Público,Atualização de  material MOF ,2026-07-06,Pedro Cavalciuk,Dúvidas,Alta,Resolvido,EMBRAED,Daniel,Empresa,Segunda,2026-07,28
57519,Público,Duvida sobre condição de verificação,2026-07-07,Pedro Cavalciuk,Dúvidas,Alta,Resolvido,RV ALUMINIUM,Kauã,Empresa,Terça,2026-07,28
57935,Público,Agendamento de atualização de versão ,2026-07-14,Pedro Cavalciuk,Dúvidas,Alta,Resolvido,ALUMAN,Elaine,Empresa,Terça,2026-07,29
57953,Público,Atualização de versão 3.5 > 3.6,2026-07-14,Pedro Cavalciuk,Atualização Versão e Build,Alta,Resolvido,ALUMAN,Elaine,Empresa,Terça,2026-07,29
57892,Público,LIC Automática ,2026-07-13,Pedro Cavalciuk,Erros,Alta,Resolvido,ALUSILVA,Evaldo Soares,Empresa,Segunda,2026-07,29
57094,Público,Duvida sobtre Material da PERFIL ( ECOLINE SLIDINGLASS),2026-07-01,Pedro Cavalciuk,Dúvidas,Alta,Resolvido,SANTA EDWIGES,Everton,Empresa,Quarta,2026-07,27
57501,Público,Adicionando atalho via rede(Regra de entrada e saida),2026-07-07,Pedro Cavalciuk,Instalação,Alta,Resolvido,DIALC,Matheus,Empresa,Terça,2026-07,28
57195,Público,Tranferencia de departamento > Comercial,2026-07-02,Pedro Cavalciuk,Transferência de Departamento,Alta,Resolvido,HYLINE BUIDING SYSTEMS BRASIL,Caio Gabriel,Empresa,Quinta,2026-07,27
57832,Público,Analise técnica na esquadria + Duvida na existência de material MOF,2026-07-13,Pedro Cavalciuk,Dúvidas,Alta,Resolvido,MAURICIO KAMINKER,Mauricio,Empresa,Segunda,2026-07,29
57840,Público,Atualização de BUILD 0322,2026-07-13,Pedro Cavalciuk,Atualização Versão e Build,Alta,Resolvido,ESQUADRIAS PARANÁ,Gabi/Sabrina,Empresa,Segunda,2026-07,29
57355,Público,Atualização de  material MOF diversos + atualização de esquadria ,2026-07-06,Pedro Cavalciuk,Dúvidas,Alta,Resolvido,LURE ESQUADRIAS,Tainá,Empresa,Segunda,2026-07,28
57998,Público,Inadimplência- transferência de departamento > financeiro ,2026-07-14,Pedro Cavalciuk,Transferência de Departamento,Média,Resolvido,BWX ESQUADRIAS,Paloma/Bruna,Empresa,Terça,2026-07,29
57374,Público,Conversa pelo WhatsApp,2026-07-06,Pedro Cavalciuk,Chat Inativo,Baixa,Resolvido,BWX ESQUADRIAS,Paloma/Bruna,Empresa,Segunda,2026-07,28
57362,Público,Alteração de logotipo,2026-07-06,Pedro Cavalciuk,Dúvidas,Alta,Resolvido,SAO LUIZ ESQUADRIAS DE ALUMINIO (ANTIGO 814),KATIA,Empresa,Segunda,2026-07,28
57272,Público,Duvida em como salvar imagens e icones no EGCLOUD,2026-07-03,Pedro Cavalciuk,Nuvem Cloud,Alta,Resolvido,ENGESQ ENGENHARIA E CONSULTORIA (ANTIGO 12544),Orestes Lingearde Selvino,Empresa,Sexta,2026-07,27
57607,Público,Auto resolução (reiniciou o PC),2026-07-08,Pedro Cavalciuk,Erros,Alta,Resolvido,ALUTEC DF,Tiago - Gerente Técnico,Empresa,Quarta,2026-07,28
57306,Público,Atualização de  material MOF (PERFIL),2026-07-03,Pedro Cavalciuk,Dúvidas,Alta,Resolvido,DMETAL ESQUADRIAS DE ALUMINIO (ANTIGO 10257),Fernando,Empresa,Sexta,2026-07,27
57158,Público,Duplicação de esquadrias e modificação de superficies,2026-07-02,Pedro Cavalciuk,Dúvidas,Alta,Resolvido,VIVA COMUNICAÇÃO,Roberta,Empresa,Quinta,2026-07,27
57014,Público,Erro de conexão com a rede,2026-06-30,Pedro Cavalciuk,Erros,Alta,Resolvido,LAF SOROCABA,Giovanna Rocha,Empresa,Terça,2026-06,27
57587,Público,Definição de tamanho máximo na esquadria,2026-07-08,Pedro Cavalciuk,Dúvidas,Alta,Resolvido,RD FABRICACOES,Sá - RD,Empresa,Quarta,2026-07,28
57044,Público,Atualização de  material MOF diversos,2026-07-01,Pedro Cavalciuk,Dúvidas,Alta,Resolvido,ESQUADRIUM - ESQUADRIAS E VIDROS,Junior,Empresa,Quarta,2026-07,27
57004,Público,Agendamento de Atualização de material MOF (01/07 ás 08:00),2026-06-30,Pedro Cavalciuk,Dúvidas,Alta,Resolvido,ESQUADRIUM - ESQUADRIAS E VIDROS,Junior,Empresa,Terça,2026-06,27
57810,Público,Atualização de  material MOF (DECAMP),2026-07-10,Pedro Cavalciuk,Dúvidas,Alta,Resolvido,PRELAR ESPECIALISTA EM ESQUADRIAS,messias,Empresa,Sexta,2026-07,28
57418,Público,Cadastro de kit de vidros,2026-07-06,Pedro Cavalciuk,Dúvidas,Alta,Resolvido,ESQUADRITEMPER,Marcos,Empresa,Segunda,2026-07,28
57373,Público,Contratação de mix de obras + transferência > comercial ,2026-07-06,Pedro Cavalciuk,Transferência de Departamento,Alta,Resolvido,BWX ESQUADRIAS,Bruna,Empresa,Segunda,2026-07,28
57806,Público,Perfis descontinuados dentro da esquadria + atualização de material MOF (BASE),2026-07-10,Pedro Cavalciuk,Dúvidas,Alta,Resolvido,KOR ESQUADRIAS EM ALUMINIO LTDA,Ana Paula,Não classificado,Sexta,2026-07,28
57329,Público,Atualização de BUILD 0701,2026-07-03,Pedro Cavalciuk,Atualização Versão e Build,Alta,Resolvido,Faktory Softwares,Suporte Faktory » Estefani Rosa,Empresa,Sexta,2026-07,27
57235,Público,Duvida em como alterar tamanho do perfil,2026-07-02,Pedro Cavalciuk,Dúvidas,Alta,Resolvido,AMAZON TEMPER,Ivan,Não classificado,Quinta,2026-07,27
57288,Público,Atualização de BUILD 0618,2026-07-03,Pedro Cavalciuk,Atualização Versão e Build,Alta,Resolvido,ESQUADRIAS TREVISAN,Volmar,Empresa,Sexta,2026-07,27
57630,Público,Auto resolução,2026-07-08,Pedro Cavalciuk,Chat Inativo,,Resolvido,ELOGLASS,Eloglass - COMERCIAL,Empresa,Quarta,2026-07,28
57152,Público,Criação de atalho via rede,2026-07-02,Pedro Cavalciuk,Instalação,Alta,Resolvido,INOVAR ESQUADRIAS E VIDROS LTDA,ADM - Francieli - Inovar,Atendimento CEM EXCLUSIVE,Quinta,2026-07,27
57600,Público,Duvida sobre otimização de tamanhos de perfis especiais ,2026-07-08,Pedro Cavalciuk,Dúvidas,Alta,Resolvido,JEL (ANTIGA SEJAL 9926),Lucas Alves Pereira,Empresa,Quarta,2026-07,28
57099,Público,Duvida referente a precificação de acabamento ,2026-07-01,Matheus Pulcinelli,Dúvidas,Alta,Resolvido,IRMAOS CRUZ ALUMINIO,Irmãos Cruz Alumínio,Empresa,Quarta,2026-07,27
57612,Público,Duvida referente a salvar como ,2026-07-08,Matheus Pulcinelli,Dúvidas,Alta,Resolvido,J. R. M. ESQUADRIAS,j r m,Empresa,Quarta,2026-07,28
57995,Público,Atualização de build ,2026-07-14,Matheus Pulcinelli,Atualização Versão e Build,Alta,Resolvido,EZY COLOR,Pablo Silveira (PROJECT-ALUM/EZY COLOR),Empresa,Terça,2026-07,29
57449,Público,Auto solução ,2026-07-06,Matheus Pulcinelli,Chat Inativo,Baixa,Resolvido,IMPERIAL ALUMINIO,Daniel Chiconelli,Empresa,Segunda,2026-07,28
57955,Público,Transferência de departamento - factory ,2026-07-14,Matheus Pulcinelli,Transferência de Departamento,Alta,Resolvido,ESQUADRIUM - ESQUADRIAS E VIDROS,Robson Oliveira,Empresa,Terça,2026-07,29
57864,Público,Atualização de build ,2026-07-13,Matheus Pulcinelli,Atualização Versão e Build,Alta,Resolvido,MNE ESQUADRIAS ALUMINIO E VIDRO,Eder - MNE ESQUADRIAS,Empresa,Segunda,2026-07,29
57567,Público,Criação de usuarios/funcionarios ,2026-07-07,Matheus Pulcinelli,Dúvidas,Alta,Resolvido,A.F.P CONSTRUTORA E ESQUADRIAS,Gabriella Ponte (Usuário MAC),Não classificado,Terça,2026-07,28
57200,Público,Atualização de material MOF - Olga color ,2026-07-02,Matheus Pulcinelli,Dúvidas,Alta,Resolvido,CONSTRUCARE DO BRASIL EIRELI,leandro cardoso,Empresa,Quinta,2026-07,27
57385,Público,Transferência de departamento - comercial,2026-07-06,Matheus Pulcinelli,Transferência de Departamento,Alta,Resolvido,ALCONORT,Kevin,Atendimento CEM EXCLUSIVE,Segunda,2026-07,28
57847,Público,Duvida referente a calculo de itens ,2026-07-13,Matheus Pulcinelli,Dúvidas,Alta,Resolvido,ESQUADRIAS SCHEID,Mikael Oliveira,Empresa,Segunda,2026-07,29
57646,Público,Transferência de departamento - relatório + indicação pro comercial + chat inativo,2026-07-08,Matheus Pulcinelli,Transferência de Departamento,Alta,Resolvido,GRUPO VAX (ANTIGO 6687),Carlos Neylon,Não classificado,Quarta,2026-07,28
57722,Público,Duvida referente a existencia de material MOF + chat inativo ,2026-07-09,Matheus Pulcinelli,Dúvidas,Alta,Resolvido,MONTALUMI ESQUADRIAS DE ALUMINIO,Alesson,Não classificado,Quinta,2026-07,28
57211,Público,Duvida referente a acessar EGCLOUD ,2026-07-02,Matheus Pulcinelli,Dúvidas,Alta,Resolvido,IMPERIAL ALUMINIO,Nathan,Empresa,Quinta,2026-07,27
57745,Público,Importação de obra + atualização de build ,2026-07-09,Matheus Pulcinelli,Dúvidas,Alta,Resolvido,CENTRO NORTE ESQUADRIAS,Jadson Martins,Empresa,Quinta,2026-07,28
57186,Público,Transferência de departamento - relatório ,2026-07-02,Matheus Pulcinelli,Transferência de Departamento,Alta,Resolvido,VIDROMIX,Mesa Neia,Empresa,Quinta,2026-07,27
58000,Público,Transferência de departamento - relatório,2026-07-14,Matheus Pulcinelli,Transferência de Departamento,Alta,Resolvido,JEL (ANTIGA SEJAL 9926),Edinei,Empresa,Terça,2026-07,29
57105,Público,Agendamento para instalação em outra máquina,2026-07-01,Matheus Pulcinelli,Dúvidas,Alta,Resolvido,GOVIDROS,Sophia,Empresa,Quarta,2026-07,27
57430,Público,Duvida referente a existencia de material MOF + tranferencia para relatorio,2026-07-06,Matheus Pulcinelli,Dúvidas,Alta,Resolvido,USIMINAS SERRALHERIA,Vinícius Santos Arquitetura,Não classificado,Segunda,2026-07,28
57668,Público,Transferência de departamento - comercial,2026-07-08,Matheus Pulcinelli,Transferência de Departamento,Alta,Resolvido,VIDRACARIA CATALANA,Eduarda Aquino ?,Empresa,Quarta,2026-07,28
57726,Público,Duvida referente a cadastro de vidros ,2026-07-09,Matheus Pulcinelli,Dúvidas,Alta,Resolvido,INOVAR,Orçamento Inovar - Eliane,Empresa,Quinta,2026-07,28
57382,Público,Duvida referente ao codigo de obra,2026-07-06,Matheus Pulcinelli,Dúvidas,Alta,Resolvido,VIDROMAX,Jenifer,Empresa,Segunda,2026-07,28
57513,Público,Duvida referente a cadastro de usuarios em orçamentos ,2026-07-07,Matheus Pulcinelli,Dúvidas,Alta,Resolvido,ESQUADRA SERRALHERIA,Kleiton,Empresa,Terça,2026-07,28
57620,Público,Duvidada referente a otimização de corte ,2026-07-08,Matheus Pulcinelli,Dúvidas,Alta,Resolvido,WA ESQUADRIAS DE ALU,ALINE,Empresa,Quarta,2026-07,28
57940,Público,Erro de registro ,2026-07-14,Matheus Pulcinelli,Erros,Alta,Resolvido,ESQUADRIAS PARANÁ,Gabi/Sabrina,Empresa,Terça,2026-07,29
57894,Público,Erro de registro ,2026-07-13,Matheus Pulcinelli,Erros,Alta,Resolvido,ESQUADRIAS PARANÁ,Gabi/Sabrina,Empresa,Segunda,2026-07,29
57231,Público,Transferência de departamento - financeiro + chat inativo,2026-07-02,Matheus Pulcinelli,Transferência de Departamento,Alta,Resolvido,ROYAL,Elizabete,Empresa,Quinta,2026-07,27
57407,Público,Duvidas referente a perfil de pingadeira não sendo puxado - variavel PINGADEIRA repetido ,2026-07-06,Matheus Pulcinelli,Dúvidas,Média,Resolvido,ATENUA SOM,Marcos,Empresa,Segunda,2026-07,28
57521,Público,Personalização de relatório feita por suporte,2026-07-07,Matheus Pulcinelli,Dúvidas,Alta,Resolvido,ATENUA SOM,Marcos,Empresa,Terça,2026-07,28
57914,Público,Erro de registro ,2026-07-13,Matheus Pulcinelli,Erros,Alta,Resolvido,LOPES VIDROS LTDA ME,Ludmila Azevedo,Empresa,Segunda,2026-07,29
57307,Público,Atualização de versão e build + duvida referente a precificação de componentes ,2026-07-03,Matheus Pulcinelli,Atualização Versão e Build,Alta,Resolvido,VIDRACARIA BAHIA,Deilon Costa,Empresa,Sexta,2026-07,27
57964,Público,Atalho do sistema em Rede,2026-07-14,Matheus Pulcinelli,Instalação,Alta,Resolvido,CNN INOX,JULIANE,Empresa,Terça,2026-07,29
57967,Público,Transferência de departamento - factory,2026-07-14,Matheus Pulcinelli,Transferência de Departamento,Alta,Resolvido,CRISTAL VIDROS CHAPADA,Marco,Empresa,Terça,2026-07,29
57132,Público,Agendamento para atendimento ao cliente ,2026-07-01,Matheus Pulcinelli,Dúvidas,Alta,Resolvido,ENE VIDROS,Ailton Araujo,Empresa,Quarta,2026-07,27
57619,Público,Duvida referente a perfis especiais em obra ,2026-07-08,Matheus Pulcinelli,Dúvidas,Alta,Resolvido,METALUMINIO,Felipe Belucci,Empresa,Quarta,2026-07,28
57238,Público,Processo de GBAK ,2026-07-02,Matheus Pulcinelli,Erros,Alta,Resolvido,GOIS ESQUADRIAS,Arthur,Empresa,Quinta,2026-07,27
57226,Público,Refiz a regra de entrada e saida ,2026-07-02,Matheus Pulcinelli,Erros,Alta,Resolvido,GOIS ESQUADRIAS,Arthur,Empresa,Quinta,2026-07,27
57187,Público,Reiniciação do firebird ,2026-07-02,Matheus Pulcinelli,Erros,Alta,Resolvido,GOIS ESQUADRIAS,Arthur,Empresa,Quinta,2026-07,27
57397,Público,Duvidas referente a erro de relatórios + chat inativo ,2026-07-06,Matheus Pulcinelli,Dúvidas,Média,Resolvido,VIDRACARIA ATUAL,Ruan Vidracaria Atual,Empresa,Segunda,2026-07,28
57445,Público,Agendamento de atualização de material,2026-07-06,Matheus Pulcinelli,Dúvidas,Alta,Resolvido,EMBRAED,Daniel,Empresa,Segunda,2026-07,28
57295,Público,Erro ao acessar o Skyone ,2026-07-03,Matheus Pulcinelli,Nuvem Cloud,Alta,Resolvido,KCG ALUMINIO,Kcg Esquadrias De Aluminio,Empresa,Sexta,2026-07,27
56984,Público,Instalação de atalho em rede - mapeamento ,2026-06-30,Matheus Pulcinelli,Instalação,Alta,Resolvido,MG ALUMINIO E VIDRO (ANTIGO 555),MG Orçamentos,Empresa,Terça,2026-06,27
57321,Público,Atualização de material MOF - DECAMP ,2026-07-03,Matheus Pulcinelli,Dúvidas,Alta,Resolvido,JC DESIGN,Douglas Iaquinto,Empresa,Sexta,2026-07,27
56969,Público,Duvida referente a reativar material ,2026-06-30,Matheus Pulcinelli,Dúvidas,Alta,Resolvido,ALUMINIOBR,Lucas Petzold,Empresa,Terça,2026-06,27
57649,Público,Erro referente a conexão com o servidor ,2026-07-08,Matheus Pulcinelli,Erros,Alta,Resolvido,MG ALUMINIO E VIDRO (ANTIGO 555),MG Orçamentos,Empresa,Quarta,2026-07,28
57130,Público,Rodrigo Moreira  - Suporte Técnico CEM,2026-07-01,Italo Gomes ,,Alta,Novo,ALUMISHOW,Rodrigo Moreira,Empresa,Quarta,2026-07,27
57771,Público,Instalação Local Apontando ao Servidor,2026-07-10,Italo Gomes ,Instalação,Alta,Resolvido,CRJ ESQUADRIAS DE ALUMINIO (ANTIGO 1215),TATIANE,Empresa,Sexta,2026-07,28
57809,Público,Atalho do sistema em Rede ,2026-07-10,Italo Gomes ,Instalação,Alta,Resolvido,FENESTRA ESQUADRIAS,FENESTRA ESQUADRIAS,Empresa,Sexta,2026-07,28
58977,Público,Teletex - ALUBAUEN,2026-07-28,Italo Gomes ,Chat Inativo,Baixa,Em atendimento,ALUBAUEN,Teletex,Empresa,Terça,2026-07,31
58357,Público,wesley matias - SERRALHERIA CHAVEGATI,2026-07-20,Italo Gomes ,,Alta,Novo,SERRALHERIA CHAVEGATI,wesley matias,Empresa,Segunda,2026-07,30
58326,Público,Eng. Maicon Rodrigues - SUPLEMA,2026-07-17,Davi Barros,Dúvidas,Média,Resolvido,SUPLEMA,Eng. Maicon Rodrigues,Empresa,Sexta,2026-07,29
57901,Público,Transferencia - Ouvidoria(Cancelamento),2026-07-13,Davi Barros,Transferência de Departamento,Média,Resolvido,OESTE ALUMINIOS,Gabriela Pasinato,Empresa,Segunda,2026-07,29
58448,Público,Duvidas referente a relatório personalizado no CEM DESKTOP,2026-07-20,Davi Barros,Dúvidas,Média,Resolvido,ALUMI PORTAS E JANELAS,Antônio,Empresa,Segunda,2026-07,30
57700,Público,Duvidas referente a libera espessura do vidro,2026-07-09,Davi Barros,Dúvidas,Média,Resolvido,VCD INSTALACOES E SERVICOS,Vinicius,Empresa,Quinta,2026-07,28
56952,Público,Atualização do sistema 3.6.0322 > 3.6.0618 e materiais MOF  Hydro,2026-06-30,Davi Barros,Dúvidas,Média,Resolvido,VIDRACARIA SCHUCHARDT,Vidraçaria Schuchardt,Empresa,Terça,2026-06,27
57742,Público,Duvidas referente a cadastrar e configurar mão de obra,2026-07-09,Davi Barros,Dúvidas,Média,Resolvido,IDEAL ESQUADRIAS DE ALUMINIO,IDEAL ESQUADRIAS,Empresa,Quinta,2026-07,28
57042,Público,Offline message,2026-07-01,Giulia Castanho,Tickets Offline,Média,Resolvido,WS ESQUADRIAS,Jaqueline Verissimo,Empresa,Quarta,2026-07,27
57178,Público,Dúvida referente a integração com o faktory,2026-07-02,Giulia Castanho,Dúvidas,Alta,Resolvido,WS ESQUADRIAS,Jaqueline Verissimo,Empresa,Quinta,2026-07,27
57673,Público,Dúvida referente a criação de opção de montagem,2026-07-08,Giulia Castanho,Dúvidas,Alta,Resolvido,EMBRAED,Luiz Balbinot,Empresa,Quarta,2026-07,28
57579,Público,Offline message,2026-07-08,Giulia Castanho,Tickets Offline,Média,Resolvido,MASTER SERRALHERIA,alumimaster serralheria,Empresa,Quarta,2026-07,28
57499,Público,Dúvida referente a mix de obra,2026-07-07,Giulia Castanho,Dúvidas,Alta,Resolvido,ESTILO ENGENHARIA DO ALUMINIO,jacyr freitas,Não classificado,Terça,2026-07,28
57220,Público,Offline message,2026-07-02,Giulia Castanho,Tickets Offline,Média,Resolvido,PRISSMA VIDROS,Prissma Esquadria,Empresa,Quinta,2026-07,27
57836,Público,Agendamento de processo de estrutura separada,2026-07-13,Giulia Castanho,Dúvidas,Alta,Resolvido,RD FABRICACOES,Gabrielle,Empresa,Segunda,2026-07,29
57830,Público,Instalação de atalho em rede,2026-07-13,Giulia Castanho,Instalação,Alta,Resolvido,RD FABRICACOES,Gabrielle,Empresa,Segunda,2026-07,29
57710,Público,Dúvida referente a cadastro de margem,2026-07-09,Giulia Castanho,Dúvidas,Alta,Resolvido,RD FABRICACOES,Gabrielle,Empresa,Quinta,2026-07,28
57727,Público,Offline message,2026-07-09,Giulia Castanho,Tickets Offline,Média,Resolvido,VIDRACARIA SCHUCHARDT,Fernanda,Empresa,Quinta,2026-07,28
57544,Público,Mensagem offline,2026-07-07,Giulia Castanho,Tickets Offline,Média,Resolvido,UNIT ESQUADRIAS,Virgiinia,Empresa,Terça,2026-07,28
57869,Público,Offline message,2026-07-13,Giulia Castanho,Tickets Offline,Média,Resolvido,VERLY ESQUADRIAS,Stefany Famulak,Empresa,Segunda,2026-07,29
56954,Público,Atualização de material CDA,2026-06-30,Giulia Castanho,Dúvidas,Alta,Resolvido,PAULO OCTAVIANO INVESTIMENTOS IMOBILIARIOS,Khevin,Empresa,Terça,2026-06,27
57039,Público,Offline messag,2026-06-30,Giulia Castanho,Tickets Offline,Média,Resolvido,PAULO OCTAVIANO INVESTIMENTOS IMOBILIARIOS,Khevin,Empresa,Terça,2026-06,27
57048,Público,Dúvida referente a cadastro de perfis da CDA,2026-07-01,Giulia Castanho,Dúvidas,Alta,Resolvido,PAULO OCTAVIANO INVESTIMENTOS IMOBILIARIOS,Khevin,Empresa,Quarta,2026-07,27
57734,Público,Dúvida referente a existencia de material,2026-07-09,Giulia Castanho,Dúvidas,Alta,Resolvido,IDEAL ESQUADRIAS DE ALUMINIO,IDEAL ESQUADRIAS,Empresa,Quinta,2026-07,28
56992,Público,Offline message,2026-06-30,Giulia Castanho,Tickets Offline,Média,Resolvido,ZAKA ALUMINIOS,Midian Coimbra,Empresa,Terça,2026-06,27
57575,Público,Agendamento de atualização de material ,2026-07-07,Giulia Castanho,Dúvidas,Alta,Resolvido,MAGOSIL ESQUADRIAS METALICAS,Juliana Bispo _,Empresa,Terça,2026-07,28
57581,Público,Atualização de material OLGA COLOR + cadastro de acabamento,2026-07-08,Giulia Castanho,Dúvidas,Alta,Resolvido,MAGOSIL ESQUADRIAS METALICAS,Juliana Bispo _,Empresa,Quarta,2026-07,28
57154,Público,Atualização material BASE + HYDRO,2026-07-02,Giulia Castanho,Dúvidas,Alta,Resolvido,LEO FERRAGENS,Léo Vidro e Esquadria (Comercial),Empresa,Quinta,2026-07,27
57977,Público,Atualização de material da DECAMP,2026-07-14,Giulia Castanho,Dúvidas,Alta,Resolvido,A FUNCIONAL VIDROS,Kelvin Mendes - Meet Tecnologia,Empresa,Terça,2026-07,29
57262,Público,Offline message,2026-07-02,Giulia Castanho,Tickets Offline,Média,Resolvido,ALLCATECH CONSTRUCOES,Rafael Nogueira,Empresa (Onboarding),Quinta,2026-07,27
58264,Público,Dúvida referente a reativar perfis,2026-07-17,Giulia Castanho,Dúvidas,Alta,Resolvido,ETEC,Jaqueline Costa,Empresa,Sexta,2026-07,29
58015,Público,Dúvida referente a existencia de material ,2026-07-14,Giulia Castanho,Dúvidas,Alta,Resolvido,ETEC,Jaqueline Costa,Empresa,Terça,2026-07,29
58238,Público,Offline message,2026-07-17,Giulia Castanho,Tickets Offline,Média,Resolvido,PORTTO ESQUADRIAS,ANDRÉ FELIPE,Empresa,Sexta,2026-07,29
58223,Público,Transferencia de departamento - financeiro ,2026-07-16,Giulia Castanho,Transferência de Departamento,Alta,Resolvido,RP VIDROS E ESQUADRIAS,Renan,Empresa,Quinta,2026-07,29
58614,Público,Dúvida referente a erro ao abrir o sistema,2026-07-22,Giulia Castanho,Dúvidas,Alta,Resolvido,INOVAR,Alex,Empresa,Quarta,2026-07,30
58730,Público,Offline message,2026-07-24,Giulia Castanho,Tickets Offline,Média,Resolvido,ESQUADRA SERRALHERIA,Kleiton,Empresa,Sexta,2026-07,30
57929,Público,Offline message,2026-07-13,Giulia Castanho,Tickets Offline,Média,Resolvido,ST ALUMINIOS,Felipe Bidu,Empresa,Segunda,2026-07,29
57919,Público,Agendamento de atendimento para amanhã ,2026-07-13,Giulia Castanho,Dúvidas,Alta,Resolvido,PKO,Leonardo Campos,Empresa,Segunda,2026-07,29
57956,Público,Dúvida referente a licença adicional,2026-07-14,Giulia Castanho,Dúvidas,Alta,Resolvido,PKO,Leonardo Campos,Empresa,Terça,2026-07,29
58216,Público,Dúvida referente a cadastro de perfil,2026-07-16,Giulia Castanho,Dúvidas,Alta,Resolvido,ALUMAX,Everton Alumax Alumínios,Empresa,Quinta,2026-07,29
58631,Público,Offline message,2026-07-22,Giulia Castanho,Tickets Offline,Média,Resolvido,ALLPRIME,Adriana - Allprime,Atendimento CEM EXCLUSIVE,Quarta,2026-07,30
58798,Público,Dúvida referente a edição de variável,2026-07-24,Giulia Castanho,Dúvidas,Alta,Resolvido,SÃO PAULO ESQUADRIAS,Renata,Empresa,Sexta,2026-07,30
58094,Público,Dúvida referente a erro de calculo,2026-07-15,Giulia Castanho,Dúvidas,Alta,Resolvido,2 IRMAOS,karen,Empresa,Quarta,2026-07,29
57819,Público,Mensagem offline,2026-07-13,Giulia Castanho,Tickets Offline,Média,Resolvido,MASTER ESQUADRIAS DE ALUMINIO,Anderson Viana,Empresa,Segunda,2026-07,29
57822,Público,Mensagem offline,2026-07-13,Giulia Castanho,Tickets Offline,Média,Resolvido,ULITEC ESQUADRIAS EIRELI,Alexandre,Empresa,Segunda,2026-07,29
57874,Público,Offline message,2026-07-13,Giulia Castanho,Tickets Offline,Média,Resolvido,ST ALUMINIOS,Thiago Velasco,Empresa,Segunda,2026-07,29
57989,Público,Offline message,2026-07-14,Giulia Castanho,Tickets Offline,Média,Resolvido,ST ALUMINIOS,Thiago Velasco,Empresa,Terça,2026-07,29
57886,Interno,Dúvida referente a integração com faktory,2026-07-13,Giulia Castanho,Dúvidas,Alta,Resolvido,ALUMINOW ESQUADRIAS,Luciano Azevedo de Farias,Empresa,Segunda,2026-07,29
57598,Público,Reinstalação do sistema ( troca de servidor ),2026-07-08,Giulia Castanho,Instalação,Alta,Resolvido,VERTICAL ESQUADRIAS,Thauan,Empresa,Quarta,2026-07,28
57686,Público,Offline message,2026-07-09,Giulia Castanho,Tickets Offline,Média,Resolvido,SAM VIDROS,Maickon Augusto,Empresa,Quinta,2026-07,28
57683,Público,Mensagem offline,2026-07-08,Giulia Castanho,Tickets Offline,Média,Resolvido,CNN INOX,Anandha Almeida,Empresa,Quarta,2026-07,28
57709,Público,Dúvida referente a usuário e senha de acesso cloud,2026-07-09,Giulia Castanho,Nuvem Cloud,Alta,Resolvido,A.F.P CONSTRUTORA E ESQUADRIAS,Jonathan Cordeiro,Não classificado,Quinta,2026-07,28
57932,Público,Offline message,2026-07-13,Giulia Castanho,Tickets Offline,Média,Resolvido,ELETROVIDROS,Maria Luisa,Empresa (Onboarding),Segunda,2026-07,29
57263,Público,Offline message,2026-07-02,Giulia Castanho,Tickets Offline,Média,Resolvido,AMAZON TEMPER,Vivi,Não classificado,Quinta,2026-07,27
57217,Público,Mensagem offline,2026-07-02,Giulia Castanho,Tickets Offline,Média,Resolvido,FORTGLASS SOLUCOES EM VIDROS E ESQUADRIAS (ANTIGA 9445),Pedro,Atendimento CEM EXCLUSIVE,Quinta,2026-07,27
57687,Público,Offline message,2026-07-09,Giulia Castanho,Tickets Offline,Média,Resolvido,AMAZON TEMPER,Eduardo Araujo| Amazon Me,Não classificado,Quinta,2026-07,28
57690,Público,Instalação de atalho do sistema em rede,2026-07-09,Giulia Castanho,Instalação,Alta,Resolvido,AMAZON TEMPER,Eduardo Araujo| Amazon Me,Não classificado,Quinta,2026-07,28
57873,Público,Offline message,2026-07-13,Giulia Castanho,Tickets Offline,Média,Resolvido,AMAZON TEMPER,Dpto Técnico - MS Esquadrias,Não classificado,Segunda,2026-07,29
57536,Público,Offline message,2026-07-07,Giulia Castanho,Tickets Offline,Média,Resolvido,VITRA VIDROS,Janaina Santos Gonçalves,Empresa,Terça,2026-07,28
58610,Público,Dúvida referente a cálculo gerados em relatório,2026-07-22,Giulia Castanho,Dúvidas,Alta,Resolvido,SUPER VETRO - QUALIDADE SUPERIOR EM VIDROS,Samuel Thomas,Empresa,Quarta,2026-07,30
58104,Público,Dúvida referente a calculo de custos de componentes,2026-07-15,Giulia Castanho,Dúvidas,Alta,Resolvido,VETRO FABRICAÇÃO DE ESQUADRIAS DE METAL,Isadora,Empresa,Quarta,2026-07,29
58825,Público,Dúvida referente a precificação + chat inativo,2026-07-27,Giulia Castanho,Dúvidas,Alta,Resolvido,DECORFLEX ESQUADRIAS,Sara,Empresa,Segunda,2026-07,31
58547,Público,Dúvida referente a salvar arquivo no CLOUD,2026-07-22,Giulia Castanho,Nuvem Cloud,Alta,Resolvido,TECNICA,Marcela,Empresa,Quarta,2026-07,30
58215,Público,Dúvida referente a perfil em relatório,2026-07-16,Giulia Castanho,Dúvidas,Alta,Resolvido,FRITZEN ESQUADRIAS,Fritzen Esquadrias,Empresa,Quinta,2026-07,29
58009,Público,Dúvida referente a precificação de componente,2026-07-14,Giulia Castanho,Dúvidas,Alta,Resolvido,VIDRACARIA BAHIA,,Empresa,Terça,2026-07,29
58268,Público,Dúvida referente a desenhador,2026-07-17,Giulia Castanho,Dúvidas,Alta,Resolvido,ALCONT ALUMÍNIO,Volmar da Silva,Empresa,Sexta,2026-07,29
58539,Público,Offline message,2026-07-22,Giulia Castanho,Tickets Offline,Média,Resolvido,BRUBOX ALUMINIO E VIDRO (ANTIGO 896),Bruno Munhoz Soares,Empresa,Quarta,2026-07,30
58279,Público,Dúvida referente a perfis especiais,2026-07-17,Giulia Castanho,Dúvidas,Alta,Resolvido,A FUNCIONAL VIDROS,Bárbara,Empresa,Sexta,2026-07,29
58866,Público,Dúvida referente a realização de backup,2026-07-27,Giulia Castanho,Instalação,Alta,Resolvido,VM ESQUADRIAS EM ALUMINIO,Lucas Freitas,Empresa,Segunda,2026-07,31
58692,Público,Dúvida referente a status do orçamento,2026-07-23,Giulia Castanho,Dúvidas,Alta,Resolvido,CRISTAL VIDROS CHAPADA,Marco,Empresa,Quinta,2026-07,30
58698,Público,Erro de registro,2026-07-23,Giulia Castanho,Erros,Alta,Resolvido,PERFIL,Hernan Dario Chalarca Toro,Empresa,Quinta,2026-07,30
58596,Público,Offline message,2026-07-22,Giulia Castanho,Tickets Offline,Média,Resolvido,VM ESQUADRIAS EM ALUMINIO,Evelyne Martins,Empresa,Quarta,2026-07,30
58710,Público,Transferencia de departamento - comercial,2026-07-23,Giulia Castanho,Transferência de Departamento,Alta,Resolvido,VIDRACARIA NOSSA SENHORA DA PENHA,Jéssica,Empresa,Quinta,2026-07,30
58743,Público,Dúvida referente a precificação de componentes,2026-07-24,Giulia Castanho,Dúvidas,Alta,Resolvido,ALQUALI,Martha Wittica,Empresa,Sexta,2026-07,30
58540,Público,Mensagem offline,2026-07-22,Giulia Castanho,Tickets Offline,Média,Resolvido,ALQUALI,Martha Wittica,Empresa,Quarta,2026-07,30
58545,Público,Transferencia de departamento - relatórios personalizados,2026-07-22,Giulia Castanho,Transferência de Departamento,Alta,Resolvido,ALQUALI,Martha Wittica,Empresa,Quarta,2026-07,30
58293,Público,Mensagem offline,2026-07-17,Giulia Castanho,Tickets Offline,Média,Resolvido,REIS ESQUADRIAS E VIDROS,Matheus Bronze,Empresa,Sexta,2026-07,29
58814,Público,Erro de registro,2026-07-27,Giulia Castanho,Erros,Alta,Resolvido,ALUMINIA PVC (ANTIGO 867),Jean,Empresa,Segunda,2026-07,31
58593,Público,Offline message,2026-07-22,Giulia Castanho,Tickets Offline,Média,Resolvido,OKNO ALUMINIO (ANTIGO 11087 ),Cléofas,Empresa,Quarta,2026-07,30
58597,Público,Instalação de licença separada,2026-07-22,Giulia Castanho,Instalação,Alta,Resolvido,OKNO ALUMINIO (ANTIGO 11087 ),Cléofas,Empresa,Quarta,2026-07,30
58119,Público,Dúvida referente a perfis especiais,2026-07-15,Giulia Castanho,Dúvidas,Alta,Resolvido,VETROFORT,Mauricio Edner Aguilar,Empresa,Quarta,2026-07,29
58116,Público,Transferencia de departamento - financeiro,2026-07-15,Giulia Castanho,Transferência de Departamento,Alta,Resolvido,ALUF,ALUF SERRALHERIA- ORÇAMENTOS,Empresa,Quarta,2026-07,29
58230,Público,Offline message,2026-07-16,Giulia Castanho,Tickets Offline,Média,Resolvido,TM2 ESQUADRIAS (ANTIGO 1138),Murilo Batalin,Empresa,Quinta,2026-07,29
58106,Público,Transferencia de departamento - financeiro ,2026-07-15,Giulia Castanho,Transferência de Departamento,Alta,Resolvido,VIDRARE - SOLUCOES EM VIDROS,Cleber Silva,Empresa,Quarta,2026-07,29
58025,Público,Transferencia de departamento - relatórios personalizados,2026-07-14,Giulia Castanho,Transferência de Departamento,Alta,Resolvido,ALUBAUEN,Matheus - Comercial Alubauen,Empresa,Terça,2026-07,29
58681,Público,Offline message,2026-07-23,Giulia Castanho,Tickets Offline,Média,Resolvido,BRWINDOW,Kellen,Empresa,Quinta,2026-07,30
57552,Público,Upgrade,2026-07-07,Yasmin Oliveira,Implantação,Alta,Resolvido,PRIME VIDROS E ALUMINIO (CEMWEB-IMPLANTAÇÃO),Prime Vidros e Alumínio,Empresa (Onboarding),Terça,2026-07,28
57302,Público,Duvida referente a emissão de relatorios,2026-07-03,Diogo Rodrigues,Dúvidas,Alta,Resolvido,SUPLEMA,Setor Técnico Suplema,Empresa,Sexta,2026-07,27
58371,Público,Queda do EGCLOUD 5,2026-07-20,Diogo Rodrigues,Nuvem Cloud,Alta,Resolvido,LURE ESQUADRIAS,Tainá,Empresa,Segunda,2026-07,30
58844,Público,Agendamento de atualização de versão ,2026-07-27,Gabriel Campos,Dúvidas,Alta,Resolvido,PERSONALIZZA ESQUADRIAS,Djalma C Vaz,Empresa,Segunda,2026-07,31
58650,Público,Atualização de versão 0707 + atualização de materiais MOF (Mercado),2026-07-23,Gabriel Campos,Dúvidas,Alta,Resolvido,ESTRUTURAL ESQUADRIA,osmar alves de medeiros,Empresa,Quinta,2026-07,30
58766,Público,Atualização de materiais MOF (Forme Skin),2026-07-24,Gabriel Campos,Dúvidas,Alta,Resolvido,ALPAC (ANTIGO 866),JAILAN,Empresa,Sexta,2026-07,30
58159,Público,Chat inativo,2026-07-16,Gabriel Campos,Chat Inativo,Baixa,Resolvido,VIVA COMUNICAÇÃO,Roberta,Empresa,Quinta,2026-07,29
58146,Público,Dúvida referente a vidros não cadastrado na linha Skyline da Hydro,2026-07-16,Gabriel Campos,Dúvidas,Alta,Resolvido,BSB VIDROS E ALUMINIO,Beto,Empresa,Quinta,2026-07,29
58121,Público,Agendamento de atendimento ao cliente ,2026-07-15,Gabriel Campos,Dúvidas,Alta,Resolvido,BSB VIDROS E ALUMINIO,Beto,Empresa,Quarta,2026-07,29
58701,Público,Dúvida referente a esquadria pré filtrada (Opções de montagem travada),2026-07-23,Gabriel Campos,Dúvidas,Alta,Resolvido,FORTGLASS SOLUCOES EM VIDROS E ESQUADRIAS (ANTIGA 9445),Cláudio José,Atendimento CEM EXCLUSIVE,Quinta,2026-07,30
59005,Público,Atualização de versão 0707 + correção em relatórios,2026-07-29,Gabriel Campos,Atualização Versão e Build,Alta,Resolvido,DMETAL ESQUADRIAS DE ALUMINIO (ANTIGO 10257),Fernando,Empresa,Quarta,2026-07,31
58923,Público,Chat inativo,2026-07-28,Gabriel Campos,Chat Inativo,Baixa,Resolvido,TARGET CONSTRUCOES,Michele,Empresa,Terça,2026-07,31
58737,Público,Atualização de materiais MOF (Decamp),2026-07-24,Gabriel Campos,Dúvidas,Alta,Resolvido,REVISAR,André Luiz,Empresa,Sexta,2026-07,30
57816,Público,Transferência de departamento - Faktory + agendamento de atualização de versão ,2026-07-10,Gabriel Campos,Transferência de Departamento,Alta,Resolvido,VERC ESQUADRIAS,Verc Esquadrias,Empresa,Sexta,2026-07,28
57907,Público,Chat inativo,2026-07-13,Gabriel Campos,Chat Inativo,Baixa,Resolvido,METRU ESQUADRIAS EM ALUMINIO E VIDROS,Vivian,Empresa,Segunda,2026-07,29
58815,Público,Lentidão no sistema ,2026-07-27,Gabriel Campos,Erros,Alta,Resolvido,PREMIUM ESQUADRIAS,Letícia Delfino,Empresa,Segunda,2026-07,31
58847,Público,Personalização de relatórios (Suporte) + chat inativo,2026-07-27,Gabriel Campos,Dúvidas,Alta,Resolvido,ALUVIN,Gabriel Angelin(ALUVIN  Terceirizado),Empresa,Segunda,2026-07,31
58889,Público,Dúvida referente a formula do Tampedaco,2026-07-27,Gabriel Campos,Dúvidas,Alta,Resolvido,ALUVIN,Gabriel Angelin(ALUVIN  Terceirizado),Empresa,Segunda,2026-07,31
58441,Público,Chat inativo,2026-07-20,Gabriel Campos,Chat Inativo,Baixa,Resolvido,ALUVIN,Gabriel Angelin(ALUVIN  Terceirizado),Empresa,Segunda,2026-07,30
57548,Público,Dúvida referente a criar usuário no canal do cliente + Agendamento de atualização de versão,2026-07-07,Gabriel Campos,Dúvidas,Alta,Resolvido,VITRA VIDROS,Janaina Santos Gonçalves,Empresa,Terça,2026-07,28
57795,Público,Dúvida referente a cadastrar vidro - Auto solução + chat inativo,2026-07-10,Gabriel Campos,Dúvidas,Alta,Resolvido,GAMA ESQUADRIAS,Flavio Neves,Empresa,Sexta,2026-07,28
57845,Público,Auto solução + chat inativo,2026-07-13,Gabriel Campos,Chat Inativo,Baixa,Resolvido,GAMA ESQUADRIAS,Flavio Neves,Empresa,Segunda,2026-07,29
57478,Público,Transferência de departamento - Relatórios + chat inativo,2026-07-07,Gabriel Campos,Transferência de Departamento,Alta,Resolvido,AMAZON TEMPER,Dpto Técnico - MS Esquadrias,Não classificado,Terça,2026-07,28
57481,Público,Mapeamento em rede,2026-07-07,Gabriel Campos,Instalação,Alta,Resolvido,AMAZON TEMPER,Eduardo Araujo| Amazon Me,Não classificado,Terça,2026-07,28
57461,Público,Chat inativo,2026-07-06,Gabriel Campos,Chat Inativo,Baixa,Resolvido,AMAZON TEMPER,Eduardo Araujo| Amazon Me,Não classificado,Segunda,2026-07,28
57281,Público,Agendamento de atendimento ao cliente (Mapeamento),2026-07-03,Gabriel Campos,Dúvidas,Alta,Resolvido,BERNARDINI PORTAS E JANELAS,Comercial 1. Bernardini,Empresa (Onboarding),Sexta,2026-07,27
57153,Público,Dúvida referente a cadastro de porta camarão ,2026-07-02,Gabriel Campos,Dúvidas,Alta,Resolvido,MAGOSIL ESQUADRIAS METALICAS,Juliana Bispo _,Empresa,Quinta,2026-07,27
57202,Público,Erro de calculo ,2026-07-02,Gabriel Campos,Dúvidas,Alta,Resolvido,VIDRACARIA SCHUCHARDT,gil palito,Empresa,Quinta,2026-07,27
57833,Público,Reinstalação de sistema mais chat inativo,2026-07-13,Gabriel Campos,Dúvidas,Alta,Resolvido,LINART,Nayara Viana,Empresa,Segunda,2026-07,29
57618,Interno,Dúvida referente a cadastro de têmpera de vidro,2026-07-08,Gabriel Campos,Dúvidas,Alta,Resolvido,ELOGLASS,Suzi,Empresa,Quarta,2026-07,28
57633,Público,Auto solução ,2026-07-08,Gabriel Campos,Chat Inativo,Baixa,Resolvido,AMAZON TEMPER,Adriana - Jmar,Não classificado,Quarta,2026-07,28
57645,Interno,Erro de licença expirada,2026-07-08,Gabriel Campos,Erros,Alta,Resolvido,TEXA,Diogo Turchetti,Empresa (Cliente VIP),Quarta,2026-07,28
57566,Público,Agendamento de atendimento ao cliente (Reinstalação),2026-07-07,Gabriel Campos,Dúvidas,Alta,Resolvido,VERTICAL ESQUADRIAS,Thauan,Empresa,Terça,2026-07,28
56961,Público,Transferência de departamento - Relatórios,2026-06-30,Gabriel Campos,Transferência de Departamento,Alta,Resolvido,LIBRIAN,Lucas Calzoni,Não classificado,Terça,2026-06,27
57910,Público,Dúvida referente a importar tabela de preços (Excel),2026-07-13,Gabriel Campos,Dúvidas,Alta,Resolvido,METRU ESQUADRIAS EM ALUMINIO E VIDROS,Vivian Nunes,Empresa,Segunda,2026-07,29
57223,Público,Envio de solicitação de projeto,2026-07-02,Gabriel Campos,Dúvidas,Alta,Resolvido,PRISSMA VIDROS,Prissma Esquadria,Empresa,Quinta,2026-07,27
57902,Público,Dúvida referente a personalização de relatórios,2026-07-13,Gabriel Campos,Dúvidas,Alta,Resolvido,FUTURAL ALUMINIO,Sistema Cem,Empresa,Segunda,2026-07,29
57112,Público,Desbloqueio de espessura de vidro ,2026-07-01,Gabriel Campos,Dúvidas,Alta,Resolvido,JEL (ANTIGA SEJAL 9926),Luiza Cavalheiro,Empresa,Quarta,2026-07,27
57946,Público,Dúvida referente a a atualizar croqui,2026-07-14,Gabriel Campos,Dúvidas,Alta,Resolvido,ESTILO ENGENHARIA DO ALUMINIO,jacyr freitas,Não classificado,Terça,2026-07,29
57115,Público,Chat inativo,2026-07-01,Gabriel Campos,Chat Inativo,Baixa,Resolvido,UNIQUE,Andressa Lima - Projetos e Orçamentos,Empresa,Quarta,2026-07,27
57629,Público,Transferência de departamento - Relatório ,2026-07-08,Gabriel Campos,Transferência de Departamento,Alta,Resolvido,REALLESQUADRA PRIME ESQUADRIAS E VIDROS,Hugo Reallesquadra,Empresa,Quarta,2026-07,28
57825,Público,Reinstalação de sistema ,2026-07-13,Gabriel Campos,Instalação,Alta,Resolvido,VERTICAL ESQUADRIAS,Thauan,Empresa,Segunda,2026-07,29
57791,Público,Erro de tela sobreposta,2026-07-10,Gabriel Campos,Erros,Alta,Resolvido,RD FABRICACOES,Gabrielle,Empresa,Sexta,2026-07,28
57192,Público,Dúvida referente a cadastro de Mão de Obra,2026-07-02,Gabriel Campos,Dúvidas,Alta,Resolvido,ESQUADRIMAR,Vinicius,Empresa,Quinta,2026-07,27
57590,Público,Dúvida referente a acessar EGCLOUD (Link errado),2026-07-08,Gabriel Campos,Dúvidas,Alta,Resolvido,RM ALUMINIO (ANTIGO 1251),emerson,Empresa,Quarta,2026-07,28
57168,Público,Mapeamento em rede,2026-07-02,Gabriel Campos,Instalação,Alta,Resolvido,CAMPOS ALTOS ESQUADRIAS,Estéfane Souza,Empresa,Quinta,2026-07,27
57313,Público,Dúvida referente a atualizar material Olga Color,2026-07-03,Gabriel Campos,Dúvidas,Alta,Resolvido,COSBIEM,Emerson,Empresa,Sexta,2026-07,27
57356,Público,Atualização de material MOF (Olga Color),2026-07-06,Gabriel Campos,Dúvidas,Média,Resolvido,COSBIEM,Emerson,Empresa,Segunda,2026-07,28
57047,Público,Erro ao cadastrar vidro,2026-07-01,Gabriel Campos,Erros,Alta,Resolvido,MEDIANEIRA,Aline Ramos,Não classificado,Quarta,2026-07,27
57052,Público,Atualização de material MOF (Alumasa),2026-07-01,Gabriel Campos,Dúvidas,Alta,Resolvido,JEL ESQUADRIAS,Lucas Alves Pereira,Empresa,Quarta,2026-07,27
57421,Público,Dúvida referente a perfis especiais + tampedaco + classe id dos perfis,2026-07-06,Gabriel Campos,Dúvidas,Alta,Resolvido,M T ALUMINIOS,Pedro Santana,Empresa,Segunda,2026-07,28
57779,Público,Dúvida referente a cadastro de vidro + chat inativo,2026-07-10,Gabriel Campos,Dúvidas,Alta,Resolvido,M T ALUMINIOS,Pedro Santana,Empresa,Sexta,2026-07,28
57778,Público,Dúvida referente a erro de calculo,2026-07-10,Gabriel Campos,Dúvidas,Alta,Resolvido,LEO FERRAGENS,Léo Vidro e Esquadria (Comercial),Empresa,Sexta,2026-07,28
57084,Público,Dúvida referente a ativação de estoque técnico e uso de estoque técnico ,2026-07-01,Gabriel Campos,Dúvidas,Alta,Resolvido,TECHALUMI,tech Alumi - Orçamentos,Empresa,Quarta,2026-07,27
58240,Público,Atualização de versão 0707 + atualização de material MOF (Todos),2026-07-17,Gabriel Campos,Atualização Versão e Build,Alta,Resolvido,ESQUADRITEMPER,Samuel Lima,Empresa,Sexta,2026-07,29
58117,Público,Agendamento de atualização de materiais MOF,2026-07-15,Gabriel Campos,Dúvidas,Alta,Resolvido,ESQUADRITEMPER,Samuel Lima,Empresa,Quarta,2026-07,29
58068,Público,Atualização de materiais MOF (PERFIL),2026-07-15,Gabriel Campos,Dúvidas,Alta,Resolvido,ESQUADRITEMPER,Samuel Lima,Empresa,Quarta,2026-07,29
58166,Público,Dúvida referente a criar projetista ,2026-07-16,Gabriel Campos,Dúvidas,Alta,Resolvido,DOMINIC ESQUADRIAS,Clodoaldo Oliveira,Empresa,Quinta,2026-07,29
58203,Público,Duvidas referente a adicionar vidros na tipologia,2026-07-16,Gabriel Campos,Dúvidas,Alta,Resolvido,DOMINIC ESQUADRIAS,Clodoaldo Oliveira,Empresa,Quinta,2026-07,29
58254,Público,Agendamento de atendimento ao cliente ,2026-07-17,Gabriel Campos,Dúvidas,Alta,Resolvido,DOMINIC ESQUADRIAS,Clodoaldo Oliveira,Empresa,Sexta,2026-07,29
58479,Público,Dúvida referente a salvar como do projetista próprio para o Base Empresa,2026-07-21,Gabriel Campos,Dúvidas,Alta,Resolvido,VIDRARE - SOLUCOES EM VIDROS,Cleber Silva,Empresa,Terça,2026-07,30
58469,Público,Dúvida referente a cadastrar croquis,2026-07-21,Gabriel Campos,Dúvidas,Alta,Resolvido,ESQUADRINEX (Antiga 944),Amanda,Empresa,Terça,2026-07,30
58013,Público,Dúvida referente a atualizar materiais MOF,2026-07-14,Gabriel Campos,Dúvidas,Alta,Resolvido,MIECIO GONÇALVES (CONSULTOR),Miecio Gonçalves Franco Franco,Empresa,Terça,2026-07,29
58960,Público,Dúvida referente a cadastro de vidro,2026-07-28,Gabriel Campos,Dúvidas,Alta,Resolvido,VIDRACARIA BRITO,Deise,Empresa,Terça,2026-07,31
58915,Público,Chat inativo,2026-07-28,Gabriel Campos,Chat Inativo,Baixa,Resolvido,JR DISTRIBUIDORA DE VIDROS,Andrey,Empresa,Terça,2026-07,31
58519,Público,Dúvida referente a deixar letra minúscula no TIPO na tipologia ,2026-07-21,Gabriel Campos,Dúvidas,Alta,Resolvido,MAURICIO KAMINKER,Mauricio,Empresa,Terça,2026-07,30
58921,Público,Erro ao importar obra,2026-07-28,Gabriel Campos,Erros,Alta,Resolvido,ARTEFAL (ANTIGO 8861),Ewerton,Empresa,Terça,2026-07,31
58378,Público,Chat inativo,2026-07-20,Gabriel Campos,Chat Inativo,Baixa,Resolvido,ALOX ALUMINIUM,GRAZIELE,Empresa,Segunda,2026-07,30
58141,Público,Personalização de relatórios (Suporte),2026-07-16,Gabriel Campos,Dúvidas,Alta,Resolvido,ESQUADRITEMPER,Luis  Simioni,Empresa,Quinta,2026-07,29
58250,Público,Dúvida referente a calcular orçamento e obra,2026-07-17,Gabriel Campos,Dúvidas,Alta,Resolvido,MP ALUMINIO,FABIO,Empresa,Sexta,2026-07,29
58809,Público,Chat inativo,2026-07-24,Gabriel Campos,Chat Inativo,Baixa,Resolvido,HIPERVIDRO,Guilherme,Empresa,Sexta,2026-07,30
58431,Público,Dúvida referente a substituição de perfis ,2026-07-20,Gabriel Campos,Dúvidas,Alta,Resolvido,ALQUALI,Martha Wittica,Empresa,Segunda,2026-07,30
58321,Público,Duvidas referente a colocar medidas quebrada na tipologia,2026-07-17,Gabriel Campos,Dúvidas,Alta,Resolvido,UNIKA VIDROS E ALUMINIO,Edmar Carvalho,Empresa,Sexta,2026-07,29
58954,Público,Dúvida referente a existência de material MOF + chat inativo,2026-07-28,Gabriel Campos,Dúvidas,Alta,Resolvido,KAISER ESQUADRIAS,Luis Henrique,Empresa,Terça,2026-07,31
58532,Público,Dúvida referente a perfis especiais ,2026-07-21,Gabriel Campos,Dúvidas,Alta,Resolvido,ALLUPRO PROJETO ALUMINIO,Ronan Bonfante,Empresa,Terça,2026-07,30
58516,Público,Transferência de departamento - Relatório ,2026-07-21,Gabriel Campos,Transferência de Departamento,Alta,Resolvido,ALLUPRO PROJETO ALUMINIO,Ronan Bonfante,Empresa,Terça,2026-07,30
58481,Público,Dúvida referente a criar tampedaco,2026-07-21,Gabriel Campos,Dúvidas,Alta,Resolvido,RADEFE ESQUADRIAS DE ALUMINIO,Osni Souza,Empresa,Terça,2026-07,30
58751,Público,Reinstalação de sistema ,2026-07-24,Gabriel Campos,Instalação,Alta,Resolvido,ATIMAKY ESQUADRIAS M,Ricardo_mf,Empresa,Sexta,2026-07,30
58447,Público,Dúvida referente a emissão de relatório preço ,2026-07-20,Gabriel Campos,Dúvidas,Alta,Resolvido,RJ ESQUADRIAS,RJ ESQUADRIAS - FINANCEIRO,Empresa,Segunda,2026-07,30
58955,Público,Dúvida referente a proposta online + transferência de departamento - relatórios ,2026-07-28,Gabriel Campos,Dúvidas,Alta,Resolvido,AMX ESQUADRIAS EM ALUMINIO (Antiga 1059),Fabio Moura | AMX Esquadrias,Empresa,Terça,2026-07,31
58428,Público,Chat inativo,2026-07-20,Gabriel Campos,Chat Inativo,Baixa,Resolvido,LADEIRA MARTINS INSTALADORA DE VIDROS E ALUMINIO,Gabriel,Empresa,Segunda,2026-07,30
58098,Público,Transferência de departamento - Financeiro,2026-07-15,Gabriel Campos,Transferência de Departamento,Alta,Resolvido,PATRIANI,Roger San,Empresa,Quarta,2026-07,29
58132,Público,Dúvida referente a derrubar usuário ,2026-07-16,Gabriel Campos,Dúvidas,Alta,Resolvido,ALUMICONTE,Diego Engenharia Alumiconte,Empresa,Quinta,2026-07,29
58605,Público,Dúvida referente a integração ERP (CRM) + chat inativo,2026-07-22,Gabriel Campos,Dúvidas,Alta,Resolvido,VM ESQUADRIAS EM ALUMINIO,Evelyne Martins,Empresa,Quarta,2026-07,30
58112,Público,Chat inativo,2026-07-15,Gabriel Campos,Chat Inativo,Baixa,Resolvido,CANDIDO SERRALHERIA,Regiane Candido,Empresa,Quarta,2026-07,29
58836,Público,Dúvida referente a uso de isopleta,2026-07-27,Gabriel Campos,Dúvidas,Alta,Resolvido,PROVIDRO INDUSTRIA E COMERCIO DE VIDROS,Lucas Leoni Silva,Empresa,Segunda,2026-07,31
58939,Público,Dúvida referente a perfis especiais + chat inativo,2026-07-28,Gabriel Campos,Dúvidas,Alta,Resolvido,ALUIM METAIS,Giovana,Empresa,Terça,2026-07,31
58986,Público,Dúvida referente a cadastro de vidro + agendamento de atualização de versão ,2026-07-28,Gabriel Campos,Dúvidas,Alta,Resolvido,BETA BOX,Adriano Beta,Empresa,Terça,2026-07,31
58285,Público,Transferência de departamento - Ouvidoria,2026-07-17,Gabriel Campos,Transferência de Departamento,Alta,Resolvido,ALUTEK ALUMINIO,Raphael Alves,Empresa,Sexta,2026-07,29
58476,Público,Transferência de departamento - Relatório ,2026-07-21,Gabriel Campos,Transferência de Departamento,Alta,Resolvido,RV ALUMINIUM,Kauã,Empresa,Terça,2026-07,30
58880,Público,Dúvida referente a cadastro de cores ,2026-07-27,Gabriel Campos,Dúvidas,Alta,Resolvido,ARALUMI ESQUADRIAS DE ALUMINIO,Ana,Empresa,Segunda,2026-07,31
58368,Público,Atualização de materiais MOF (Alushow),2026-07-20,Gabriel Campos,Dúvidas,Alta,Resolvido,SUPLEMA,Eng. Maicon Rodrigues,Empresa,Segunda,2026-07,30
58804,Público,Transferência de departamento - Financeiro,2026-07-24,Gabriel Campos,Transferência de Departamento,Alta,Resolvido,LUMINE VIDROS,,Empresa,Sexta,2026-07,30
58259,Público,Duvidas referente a liberação dos materiais da ALUSHOW,2026-07-17,Gabriel Campos,Dúvidas,Média,Resolvido,SUPLEMA,Eng. Maicon Rodrigues,Empresa,Sexta,2026-07,29
58336,Público,Offline message,2026-07-19,Giovana de Miranda,Tickets Offline,Média,Resolvido,BRUBOX ALUMINIO E VIDRO (ANTIGO 896),Bruno Munhoz Soares,Empresa,Domingo,2026-07,29
58199,Público,Atualização de build 0707 + erro de registro de sistema,2026-07-16,Giovana de Miranda,Atualização Versão e Build,Alta,Resolvido,VIDRACARIA VITORIA,Roger M Brown,Empresa,Quinta,2026-07,29
58171,Público,Dúvida referente á tratamento de cores em perfis especiais,2026-07-16,Giovana de Miranda,Dúvidas,Alta,Resolvido,ITEFAL,FABIO ANTONIO,Atendimento CEM EXCLUSIVE,Quinta,2026-07,29
59008,Público,Auto resolução,2026-07-29,Giovana de Miranda,Chat Inativo,Baixa,Resolvido,DEVTEC SOLUCOES PARA SUA OBRA,Bruno Silva,Não classificado,Quarta,2026-07,31
58924,Público,Transferencia de departamento - financeiro + chat inativo,2026-07-28,Giovana de Miranda,Transferência de Departamento,Alta,Resolvido,MARCO TOFFOLI,Michele,Empresa,Terça,2026-07,31
58343,Público,Dúvida referente a manutenção de obras,2026-07-20,Giovana de Miranda,Dúvidas,Alta,Resolvido,QUALITY VIDROS E ESQUADRIAS DE ALUMINIO,Denilson Grana Junior,Empresa,Segunda,2026-07,30
58901,Público,Offline message,2026-07-28,Giovana de Miranda,Tickets Offline,Média,Resolvido,MG ALUMINIO E VIDRO (ANTIGO 555),MG Orçamentos,Empresa,Terça,2026-07,31
58902,Público,Dúvida referente a existência de materiais MOF,2026-07-28,Giovana de Miranda,Dúvidas,Alta,Resolvido,MG ALUMINIO E VIDRO (ANTIGO 555),MG Orçamentos,Empresa,Terça,2026-07,31
58525,Público,Transferencia de depto- FInanceiro + chat inativo,2026-07-21,Giovana de Miranda,Transferência de Departamento,Alta,Resolvido,ALUTEK ALUMINIO,Raphael Alves,Empresa,Terça,2026-07,30
58435,Público,Dúvida referente a modificação de condição de esquadria,2026-07-20,Giovana de Miranda,Dúvidas,Alta,Resolvido,BRUBOX ALUMINIO E VIDRO (ANTIGO 896),Bruno Munhoz Soares,Empresa,Segunda,2026-07,30
58797,Público,Atualização de material CBA,2026-07-24,Giovana de Miranda,Dúvidas,Alta,Resolvido,ARTALUM,Cristhiane Pereira,Atendimento CEM EXCLUSIVE,Sexta,2026-07,30
58088,Público,Agendamento de atualização de materiais MOF,2026-07-15,Giovana de Miranda,Dúvidas,Alta,Resolvido,A FUNCIONAL VIDROS,Bárbara,Empresa,Quarta,2026-07,29
58380,Público,Chat inativo,2026-07-20,Giovana de Miranda,Chat Inativo,Baixa,Resolvido,EM VIDROS,Setor de compras Em Vidros,Empresa,Segunda,2026-07,30
58621,Público,Chat inativo,2026-07-22,Giovana de Miranda,Chat Inativo,Baixa,Resolvido,ALUMINIA BRASIL (ANTIGO 1753),Everton,Empresa,Quarta,2026-07,30
58038,Público,Atalho do sistema em rede,2026-07-15,Giovana de Miranda,Instalação,Alta,Resolvido,EUGENIO VIDROS E ACESSORIOS,EUGÊNIO VIDROS,Empresa,Quarta,2026-07,29
58346,Público,Auto resolução,2026-07-20,Giovana de Miranda,Chat Inativo,Baixa,Resolvido,UNITY COMERCIO ESQUADRIAS DE ALUMINIO,Aline,Empresa,Segunda,2026-07,30
58461,Público,Offline message,2026-07-21,Giovana de Miranda,Tickets Offline,Média,Resolvido,SAVIV INCORPORADORA,Anderson,Empresa,Terça,2026-07,30
58485,Público,Atualização de build + atualização de linha atlanta do base orçamento,2026-07-21,Giovana de Miranda,Atualização Versão e Build,Alta,Resolvido,EUNIX ALUMINIO,Maurício Berto,Empresa,Terça,2026-07,30
58561,Público,Configuração de servidor com links de acesso ,2026-07-22,Giovana de Miranda,Instalação,Alta,Resolvido,EUNIX ALUMINIO,Maurício Berto,Empresa,Quarta,2026-07,30
58578,Público,Dúvida referente a links de acesso + calculo gerado em item da tipologia,2026-07-22,Giovana de Miranda,Dúvidas,Alta,Resolvido,EUNIX ALUMINIO,Maurício Berto,Empresa,Quarta,2026-07,30
58637,Público,Transferencia de departamento - CT,2026-07-23,Giovana de Miranda,Transferência de Departamento,Alta,Resolvido,EUNIX ALUMINIO,Maurício Berto,Empresa,Quinta,2026-07,30
58436,Público,Transferencia de departamento - relatórios personalizados,2026-07-20,Giovana de Miranda,Transferência de Departamento,Alta,Resolvido,VIDRACARIA PRIMOS LTDA,Sammy,Empresa,Segunda,2026-07,30
58459,Público,Offline message,2026-07-20,Giovana de Miranda,Tickets Offline,Média,Resolvido,RJ ESQUADRIAS,RJ ESQUADRIAS - FINANCEIRO,Empresa,Segunda,2026-07,30
58463,Público,Dúvida referente a emissão de relatórios + chat inativo,2026-07-21,Giovana de Miranda,Dúvidas,Alta,Resolvido,RJ ESQUADRIAS,RJ ESQUADRIAS - FINANCEIRO,Empresa,Terça,2026-07,30
58992,Público,Agendamento de atualização de build,2026-07-28,Giovana de Miranda,Dúvidas,Alta,Resolvido,UNIKA VIDROS E ALUMINIO,Edmar Carvalho,Empresa,Terça,2026-07,31
58789,Público,Dúvida referente a emitir cadastro de perfis para excel,2026-07-24,Giovana de Miranda,Dúvidas,Alta,Resolvido,ALQUALI,Martha Wittica,Empresa,Sexta,2026-07,30
58376,Público,Auto resolução,2026-07-20,Giovana de Miranda,Chat Inativo,Baixa,Resolvido,UNIQUE,Pedro,Empresa,Segunda,2026-07,30
58705,Público,Dúvida referente a existencia de material mof,2026-07-23,Giovana de Miranda,Dúvidas,Alta,Resolvido,HIPERVIDRO,Guilherme,Empresa,Quinta,2026-07,30
58019,Público,Dúvida referente a precificação do kg do aluminio,2026-07-14,Giovana de Miranda,Dúvidas,Alta,Resolvido,ALOX ALUMINIUM,GRAZIELE,Empresa,Terça,2026-07,29
58788,Público,Dúvida referente a existência de relatório,2026-07-24,Giovana de Miranda,Dúvidas,Alta,Resolvido,ALUMIPRATA (ANTIGO 705),ADRIELE MARTINS,Empresa,Sexta,2026-07,30
58712,Público,Configuração de banco para remover as etapas,2026-07-23,Giovana de Miranda,Instalação,Alta,Resolvido,ARTEFAL (ANTIGO 8861),Ewerton,Empresa,Quinta,2026-07,30
58876,Público,Atualização de build,2026-07-27,Giovana de Miranda,Atualização Versão e Build,Alta,Resolvido,ALUMINORTON,Norton,Empresa,Segunda,2026-07,31
58833,Público,Dúvida referente a melhoria em XML,2026-07-27,Giovana de Miranda,Dúvidas,Alta,Resolvido,INSTALAR VIDROS (CARVALHO VIDROS(7150)),Carlos Eduardo de Souza Vieira,Empresa,Segunda,2026-07,31
58630,Público,Agendamento de atendimento ao cliente,2026-07-22,Giovana de Miranda,Dúvidas,Alta,Resolvido,DECOR ESQUADRIAS,Fernando,Empresa,Quarta,2026-07,30
58332,Público,Offline message,2026-07-17,Giovana de Miranda,Tickets Offline,Média,Resolvido,ESQUADRITEMPER,Samuel Lima,Empresa,Sexta,2026-07,29
57144,Público,Dúvida referente à integração maquina de corte e usinagem,2026-07-01,Giovana de Miranda,Dúvidas,Alta,Resolvido,FORMA ESQUADRIAS,Raylson Torres,Empresa,Quarta,2026-07,27
57564,Público,Dúvida referente a formula TAMPEDACO,2026-07-07,Giovana de Miranda,Dúvidas,Alta,Resolvido,M T ALUMINIOS,Pedro Santana,Empresa,Terça,2026-07,28
57599,Público,Dúvida referente à formula tampedaco,2026-07-08,Giovana de Miranda,Dúvidas,Alta,Resolvido,M T ALUMINIOS,Pedro Santana,Empresa,Quarta,2026-07,28
57056,Público,Dúvida referente a edição de elementos construtivos,2026-07-01,Giovana de Miranda,Dúvidas,Alta,Resolvido,M T ALUMINIOS,Pedro Santana,Empresa,Quarta,2026-07,27
56956,Público,Chat inativo,2026-06-30,Giovana de Miranda,Chat Inativo,Baixa,Resolvido,VIDRACARIA SCHUCHARDT,Rafael,Empresa,Terça,2026-06,27
57008,Público,Personalização de relatorio,2026-06-30,Giovana de Miranda,Dúvidas,Alta,Resolvido,ZAKA ALUMINIOS,Midian Coimbra,Empresa,Terça,2026-06,27
56985,Público,Atalho do sistema em rede,2026-06-30,Giovana de Miranda,Instalação,Alta,Resolvido,ALUMITEMPER,Igor,Empresa,Terça,2026-06,27
57354,Público,Offline message,2026-07-06,Giovana de Miranda,Tickets Offline,Média,Em atendimento,COSBIEM,Emerson,Empresa,Segunda,2026-07,28
57448,Público,Agendamento de atualização de build e material PERFIL,2026-07-06,Giovana de Miranda,Dúvidas,Alta,Resolvido,ALPREMIUM,Schueller A. Morais,Empresa,Segunda,2026-07,28
57013,Público,Atalho do sistema em rede + transferência de departamento - treinamentos,2026-06-30,Giovana de Miranda,Instalação,Alta,Resolvido,PRIME VIDROS E ALUMINIO (CEMWEB-IMPLANTAÇÃO),Prime Vidros e Alumínio,Empresa (Onboarding),Terça,2026-06,27
57003,Público,Dúvida referente a precificação de materiais,2026-06-30,Giovana de Miranda,Dúvidas,Alta,Resolvido,AMAZON TEMPER,Mirian Camargos Advogada,Não classificado,Terça,2026-06,27
57073,Público,Dúvida referente a ferramenta cem tools + cha inativo,2026-07-01,Giovana de Miranda,Dúvidas,Alta,Resolvido,ESQUADRIMAR,Vinicius,Empresa,Quarta,2026-07,27
57164,Público,Transferencia de departamento - relatórios personalizados,2026-07-02,Giovana de Miranda,Transferência de Departamento,Alta,Resolvido,ESQUADRIMAR,Vinicius,Empresa,Quinta,2026-07,27
57574,Público,Dúvida referente a exportar obra para o faktory,2026-07-07,Giovana de Miranda,Dúvidas,Alta,Resolvido,ESQUADRIMAXXI ESQUADRIAS DE ALUMINIO,Ariana,Empresa,Terça,2026-07,28
57359,Público,Atalho do sistema em rede,2026-07-06,Giovana de Miranda,Instalação,Alta,Resolvido,VIDRACARIA SCHUCHARDT,Fernanda,Empresa,Segunda,2026-07,28
57701,Público,Atualização de material FORME SKIN,2026-07-09,Giovana de Miranda,Dúvidas,Alta,Resolvido,UNIT ESQUADRIAS,Virgiinia,Empresa,Quinta,2026-07,28
57249,Público,Dúvida referente a precificação de materias,2026-07-02,Giovana de Miranda,Dúvidas,Alta,Resolvido,FUTURAL ALUMINIO,Compras Futural Alumínio,Empresa,Quinta,2026-07,27
57471,Público,Offline message,2026-07-06,Giovana de Miranda,Tickets Offline,Média,Resolvido,DVA DISTRIBUIDORA DE VIDROS ALVES LTDA(CEMMOBI),Luiz Felipe,Empresa (CEMMOBI),Segunda,2026-07,28
57050,Público,Dúvida referente à importar obra,2026-07-01,Giovana de Miranda,Dúvidas,Alta,Resolvido,ALCONORT,Sarah Saboia,Atendimento CEM EXCLUSIVE,Quarta,2026-07,27
57899,Público,Teste de ping e rede,2026-07-13,Giovana de Miranda,Instalação,Alta,Resolvido,ALUMIPRATA (ANTIGO 705),ISAIAS - Alumiprata,Empresa,Segunda,2026-07,29
57525,Público,Chat inativo,2026-07-07,Giovana de Miranda,Chat Inativo,Baixa,Resolvido,TOP PLACAS,Grupo top serviço técnico em esquadria e vidros,Não classificado,Terça,2026-07,28
57865,Público,Dúvida referente a existência de material MOF + chat inativo,2026-07-13,Giovana de Miranda,Dúvidas,Alta,Resolvido,TOP PLACAS,Grupo top serviço técnico em esquadria e vidros,Não classificado,Segunda,2026-07,29
57639,Público,Offline message,2026-07-08,Giovana de Miranda,Tickets Offline,Média,Resolvido,MASTER SERRALHERIA,alumimaster serralheria,Empresa,Quarta,2026-07,28
57483,Público,Configuração de impressora universal,2026-07-07,Giovana de Miranda,Nuvem Cloud,Alta,Resolvido,INOVE ESQUADRIAS E VIDROS LTDA,Inove Esquadrias,Empresa,Terça,2026-07,28
57737,Público,Dúvida referente a cadastro de barras do estoque,2026-07-09,Giovana de Miranda,Dúvidas,Alta,Resolvido,EMBRAED,Luiz Balbinot,Empresa,Quinta,2026-07,28
57067,Público,Dúvida referente a cadastrar empresa com integração do faktory + chat inativo,2026-07-01,Giovana de Miranda,Dúvidas,Alta,Resolvido,WS ESQUADRIAS,Jaqueline Verissimo,Empresa,Quarta,2026-07,27
57379,Público,Erro de registro de sistema,2026-07-06,Giovana de Miranda,Erros,Alta,Resolvido,WS ESQUADRIAS,Jaqueline Verissimo,Empresa,Segunda,2026-07,28
57652,Público,Dúvida referente a criar opções de montagem,2026-07-08,Giovana de Miranda,Dúvidas,Alta,Resolvido,EMBRAED,Luiz Balbinot,Empresa,Quarta,2026-07,28
57663,Público,Chat inativo,2026-07-08,Giovana de Miranda,Chat Inativo,Baixa,Resolvido,EMBRAED,Luiz Balbinot,Empresa,Quarta,2026-07,28
57984,Público,Agendamento de atendimento,2026-07-14,Giovana de Miranda,Dúvidas,Alta,Resolvido,FENESTRA ESQUADRIAS,FENESTRA ESQUADRIAS,Empresa,Terça,2026-07,29
57997,Público,Atalho do sistema em rede,2026-07-14,Giovana de Miranda,Instalação,Alta,Resolvido,FENESTRA ESQUADRIAS,FENESTRA ESQUADRIAS,Empresa,Terça,2026-07,29
57852,Público,Agendamento de atualizalização as 14,2026-07-13,Giovana de Miranda,Dúvidas,Alta,Resolvido,MASTER ESQUADRIAS DE ALUMINIO,Anderson Viana,Empresa,Segunda,2026-07,29
57884,Público,Atualização de versão,2026-07-13,Giovana de Miranda,Atualização Versão e Build,Alta,Resolvido,MASTER ESQUADRIAS DE ALUMINIO,Anderson Viana,Empresa,Segunda,2026-07,29
57647,Público,Adicionar banco novo + GBAK,2026-07-08,Giovana de Miranda,Instalação,Alta,Novo,fernando son,,Não classificado,Quarta,2026-07,28
57641,Público,Offline message,2026-07-08,Giovana de Miranda,Tickets Offline,Média,Resolvido,AMAZON TEMPER,wagnersconcoli,Não classificado,Quarta,2026-07,28
57704,Público,Atualização de build ,2026-07-09,Giovana de Miranda,Atualização Versão e Build,Alta,Resolvido,PRELAR ESPECIALISTA EM ESQUADRIAS,Rayane,Empresa,Quinta,2026-07,28
57254,Público,Chat inativo,2026-07-02,Giovana de Miranda,Chat Inativo,Baixa,Resolvido,AMAZON TEMPER,Khauan Rodrigues,Não classificado,Quinta,2026-07,27
57954,Público,Configuração de rede - Troca de IPV4,2026-07-14,Giovana de Miranda,Instalação,Alta,Resolvido,AMAZON TEMPER,Eduardo Araujo| Amazon Me,Não classificado,Terça,2026-07,29
57962,Público,Dúvida referente a calculo gerado em orçamento,2026-07-14,Giovana de Miranda,Dúvidas,Alta,Resolvido,AMAZON TEMPER,Dpto Técnico - MS Esquadrias,Não classificado,Terça,2026-07,29
57723,Público,Atualização de build + chat inativo,2026-07-09,Giovana de Miranda,Atualização Versão e Build,Alta,Resolvido,AFA ALUMINIUN,Dri,Empresa (Onboarding),Quinta,2026-07,28
57614,Público,Chat inativo,2026-07-08,Giovana de Miranda,Chat Inativo,Baixa,Resolvido,SAGA VIDROS,Leon,Empresa,Quarta,2026-07,28
57470,Público,Offline message,2026-07-06,Giovana de Miranda,Tickets Offline,Média,Resolvido,AMAZON TEMPER,Dpto Técnico - MS Esquadrias,Não classificado,Segunda,2026-07,28
58049,Público,Personalização de relatório + atualização de build da 0322 para 0707,2026-07-15,Giovana de Miranda,Dúvidas,Alta,Resolvido,VIDROMIX,Leonardo/Bruno/Caio,Empresa,Quarta,2026-07,29
58093,Público,Dúvida referente a cadastro de acabamento + transferencia de depto - comercial,2026-07-15,Giovana de Miranda,Dúvidas,Alta,Resolvido,JLA VIDRACARIA E ESQUADRIAS DE ALUMINIO,Tais,Empresa,Quarta,2026-07,29
58953,Público,Alterar senha do portal EGCLOUD + chat inativo,2026-07-28,Giovana de Miranda,Nuvem Cloud,Alta,Resolvido,CENTER VIDROS,Jamille Bahia C.V,Empresa,Terça,2026-07,31
58988,Público,Auto resolução,2026-07-28,Giovana de Miranda,Chat Inativo,Baixa,Resolvido,ESQUADRIAS ORION,Kleber Braga,Empresa,Terça,2026-07,31
58928,Público,Atualização de versão + atualização de material base vidros,2026-07-28,Giovana de Miranda,Atualização Versão e Build,Alta,Resolvido,ESQUADRIAS ORION,Kleber Braga,Empresa,Terça,2026-07,31
58503,Público,Atualização de material base orçamento,2026-07-21,Giovana de Miranda,Dúvidas,Alta,Resolvido,ESQUADRA SERRALHERIA,Kleiton,Empresa,Terça,2026-07,30
58092,Público,Agendamento de atualização de material base orçamento MERCADO,2026-07-15,Giovana de Miranda,Dúvidas,Alta,Resolvido,ESQUADRA SERRALHERIA,Kleiton,Empresa,Quarta,2026-07,29
58210,Público,Atualização de build + agendamento de atualização de material base orçamento,2026-07-16,Giovana de Miranda,Atualização Versão e Build,Alta,Resolvido,ESQUADRA SERRALHERIA,Kleiton,Empresa,Quinta,2026-07,29
58421,Público,Erro de registro de sistema,2026-07-20,Giovana de Miranda,Erros,Alta,Resolvido,ESQUADRIMAR,EDMAR,Empresa,Segunda,2026-07,30
58179,Público,Transferência de departamento - Comercial,2026-07-16,Daniel Joaquim ,Transferência de Departamento,Alta,Resolvido,NOROESTE VIDROS,ARNÓBIO,Empresa,Quinta,2026-07,29
58499,Público,Atualização de material MOF (Base + perfil),2026-07-21,Daniel Joaquim ,Dúvidas,Alta,Resolvido,REINSTAL,Reinstal DEPTO. TÉCNICO,Empresa,Terça,2026-07,30
58227,Público,Análise técnica na esquadria do cliente por XYZ estar dando -7,2026-07-16,Daniel Joaquim ,Dúvidas,Alta,Resolvido,VIVA COMUNICAÇÃO,Roberta,Empresa,Quinta,2026-07,29
58903,Público,Dúvida no cadastro de superfícies,2026-07-28,Daniel Joaquim ,Dúvidas,Alta,Resolvido,ESQUADRA SERRALHERIA,Kleiton,Empresa,Terça,2026-07,31
58634,Público,Dúvida em como imprimir arquivos no EGCLOUD,2026-07-23,Daniel Joaquim ,Nuvem Cloud,Alta,Resolvido,ALLPRIME,Adriana - Allprime,Atendimento CEM EXCLUSIVE,Quinta,2026-07,30
58554,Público,Migração do local para o cloud,2026-07-22,Daniel Joaquim ,Instalação,Alta,Resolvido,ALLPRIME,Adriana - Allprime,Atendimento CEM EXCLUSIVE,Quarta,2026-07,30
57957,Público,Migração do local para o cloud,2026-07-14,Daniel Joaquim ,Instalação,Alta,Resolvido,MEDIANEIRA,Rodolfo Lacasi,Não classificado,Terça,2026-07,29
57498,Público,Instalação de base zerada,2026-07-07,Daniel Joaquim ,Instalação,Alta,Resolvido,ALUARPROS,Ronan Castro,Empresa (Onboarding),Terça,2026-07,28
57556,Público,Dúvida na reinstalação do sistema,2026-07-07,Daniel Joaquim ,Dúvidas,Alta,Resolvido,VIAMETAL,Lavínia Mesquita,Empresa,Terça,2026-07,28
57551,Público,Dúvida sobre a instalação - pegamos a estrutura para instalação na nuvem,2026-07-07,Daniel Joaquim ,Dúvidas,Alta,Resolvido,GAMA ESQUADRIAS,Flavio Neves,Empresa,Terça,2026-07,28
57431,Público,Instalação de base zerada,2026-07-06,Daniel Joaquim ,Instalação,Alta,Resolvido,AFA ALUMINIUN,Dri,Empresa (Onboarding),Segunda,2026-07,28
57458,Público,Chat inativo (vai chamar novamente amanhã),2026-07-06,Daniel Joaquim ,Chat Inativo,Baixa,Resolvido,ALUIM METAIS,Max,Empresa,Segunda,2026-07,28
57505,Público,Transferência de departamento - Comercial,2026-07-07,Daniel Joaquim ,Transferência de Departamento,Alta,Resolvido,ALUIM METAIS,Max,Empresa,Terça,2026-07,28
57244,Público,Chat inativo,2026-07-02,Daniel Joaquim ,Chat Inativo,Baixa,Resolvido,AMAZON TEMPER,Khauan Rodrigues,Não classificado,Quinta,2026-07,27
57317,Público,Offline message - Alumiplus Vendas 1,2026-07-03,Daniel Joaquim ,Tickets Offline,Alta,Resolvido,ALUMIPLUS ITU LTDA,Alumiplus Vendas 1,Empresa,Sexta,2026-07,27
57326,Público,Tentativa de instalação do CEM,2026-07-03,Daniel Joaquim ,Dúvidas,Média,Resolvido,ALUMIPLUS ITU LTDA,Alumiplus Vendas 1,Empresa,Sexta,2026-07,27
57361,Público,Instalação de base zerada,2026-07-06,Daniel Joaquim ,Instalação,Alta,Resolvido,ALUMIPLUS ITU LTDA,Alumiplus Vendas 1,Empresa,Segunda,2026-07,28
57344,Público,Dúvida referente a instalação,2026-07-03,Daniel Joaquim ,Dúvidas,Alta,Resolvido,AMAZON TEMPER,Gustavo,Não classificado,Sexta,2026-07,27
57300,Público,Instalação de base zerada + chat inativo,2026-07-03,Daniel Joaquim ,Instalação,Alta,Resolvido,AMAZON TEMPER,Vivi,Não classificado,Sexta,2026-07,27
57671,Público,Agendamento de instalação do sistema,2026-07-08,Daniel Joaquim ,Dúvidas,Alta,Resolvido,BOXSOL,Laiz Carneiro,Empresa (Onboarding),Quarta,2026-07,28
57773,Público,Instalação de base zerada,2026-07-10,Daniel Joaquim ,Instalação,Alta,Resolvido,BOXSOL,Laiz Carneiro,Empresa (Onboarding),Sexta,2026-07,28
57672,Público,Chat inativo - atendido no ticket 57671,2026-07-08,Daniel Joaquim ,Chat Inativo,Baixa,Resolvido,BOXSOL,Laiz Carneiro,Empresa (Onboarding),Quarta,2026-07,28
57591,Público,Troca de software de SmartCEM para ONE ,2026-07-08,Daniel Joaquim ,Instalação,Alta,Resolvido,LINART,Nayara Viana,Empresa,Quarta,2026-07,28
57867,Público,Instalação de base zerada,2026-07-13,Daniel Joaquim ,Instalação,Alta,Resolvido,KLAUZER BOX,Claudia,Empresa (Onboarding),Segunda,2026-07,29
57844,Público,Agendamento de instalação do sistema,2026-07-13,Daniel Joaquim ,Dúvidas,Alta,Resolvido,KLAUZER BOX,Claudia,Empresa (Onboarding),Segunda,2026-07,29
57850,Público,Atualização de build 0628 > 0707,2026-07-13,Daniel Joaquim ,Atualização Versão e Build,Alta,Resolvido,ALUMISHOW,LUCAS,Empresa,Segunda,2026-07,29
57860,Público,Instalação de base zerada,2026-07-13,Daniel Joaquim ,Instalação,Alta,Resolvido,SERRALHERIA SAO SEBASTIAO,Serralheria São Sebastião de Itaperuna ltda,Empresa (Onboarding),Segunda,2026-07,29
57876,Público,Agendamento de atendimento,2026-07-13,Daniel Joaquim ,Dúvidas,Alta,Resolvido,Thiago Velasco,,Não classificado,Segunda,2026-07,29
57761,Público,Mensagem offline - TIAGO MOREIRA ,2026-07-10,Daniel Joaquim ,Tickets Offline,Alta,Resolvido,ST ALUMINIOS,TIAGO MOREIRA,Empresa,Sexta,2026-07,28
57757,Público,Offline message - IDEAL ESQUADRIAS,2026-07-09,Daniel Joaquim ,Tickets Offline,Alta,Resolvido,IDEAL ESQUADRIAS DE ALUMINIO,IDEAL ESQUADRIAS,Empresa,Quinta,2026-07,28
57286,Público,Migração do local para o cloud,2026-07-03,Daniel Joaquim ,Instalação,Alta,Resolvido,NOVA FER,ADM - Grupo Novafer,Empresa,Sexta,2026-07,27
57234,Público,"Dúvida em como deixar o croqui dinâmico - """"atualizar croqui""""",2026-07-02,Daniel Joaquim ,Dúvidas,Alta,Resolvido,VAL AÇO PWJ,EDSON GALDINO,Atendimento CEM EXCLUSIVE,Quinta,2026-07,27
57121,Público,Erro de cálculo devido a tipologia de 30m com 1 módulo,2026-07-01,Daniel Joaquim ,Dúvidas,Alta,Resolvido,GRUPO METAL CORES,Yasmin Carvalho,Empresa,Quarta,2026-07,27
57605,Público,Dúvida referente ao envio de esquadria pedido pelo forms (Julio prometeu a entrega amanhã 09/07) + chat inativo,2026-07-08,Daniel Joaquim ,Dúvidas,Alta,Resolvido,FUTURAL ALUMINIO,Sistema Cem,Empresa,Quarta,2026-07,28
57251,Público,Dúvida em como usar o estoque técnico na obra,2026-07-02,Daniel Joaquim ,Dúvidas,Alta,Resolvido,FUTURAL ALUMINIO,Sistema Cem,Empresa,Quinta,2026-07,27
57129,Público,Dúvida na troca de componente,2026-07-01,Daniel Joaquim ,Dúvidas,Alta,Resolvido,ESTILO ENGENHARIA DO ALUMINIO,jacyr freitas,Não classificado,Quarta,2026-07,27
57367,Público,Solicitação de liberação de projetista FORME SKINS,2026-07-06,Daniel Joaquim ,Dúvidas,Alta,Resolvido,UNIT ESQUADRIAS,Virgiinia,Empresa,Segunda,2026-07,28
57608,Público,Dúvida em como desbloquear as espessuras do vidro,2026-07-08,Daniel Joaquim ,Dúvidas,Alta,Resolvido,FUTURAL ALUMINIO,Compras Futural Alumínio,Empresa,Quarta,2026-07,28
57426,Público,Dúvida no cadastro de acabamento,2026-07-06,Daniel Joaquim ,Dúvidas,Alta,Resolvido,FUTURAL ALUMINIO,Futura Esquadrias de Alumínio,Empresa,Segunda,2026-07,28
57944,Público,Dúvida no cálculo do orçamento (dúvida na margem) + chat inativo,2026-07-14,Daniel Joaquim ,Dúvidas,Alta,Resolvido,ALLPRIME,Grupo Tempermaster & Temperfil Esquadrias em PVC & Alumínio- Rogério,Empresa,Terça,2026-07,29
57755,Público,Offline message - Alcineide,2026-07-09,Daniel Joaquim ,Tickets Offline,Alta,Resolvido,VIDRAÇARIA SÃO JOSÉ(CEMMOBI),Alcineide,Empresa (CEMMOBI),Quinta,2026-07,28
57408,Público,Falha de comunicação com o servidor,2026-07-06,Daniel Joaquim ,Erros,Alta,Resolvido,VIDRACARIA SCHUCHARDT,Fernanda,Empresa,Segunda,2026-07,28
57159,Público,Chat inativo,2026-07-02,Daniel Joaquim ,Chat Inativo,Baixa,Resolvido,VIDRACARIA SCHUCHARDT,Fernanda,Empresa,Quinta,2026-07,27
57765,Público,Atalho do sistema em rede,2026-07-10,Daniel Joaquim ,Instalação,Alta,Resolvido,RD FABRICACOES,Gabrielle,Empresa,Sexta,2026-07,28
57025,Público,Atalho do sistema em rede,2026-06-30,Daniel Joaquim ,Instalação,Alta,Resolvido,PRISCILA MENDES MORAIS,priscila m morais,Empresa,Terça,2026-06,27
57758,Público,Offline message - Ranilson Vidal,2026-07-09,Daniel Joaquim ,Tickets Offline,Alta,Resolvido,DALUMINIO ESQUADRIAS E VIDRACARIA,Ranilson Vidal,Empresa (Onboarding),Quinta,2026-07,28
57007,Público,Instalação de base zerada,2026-06-30,Daniel Joaquim ,Instalação,Alta,Resolvido,VIDRACARIA E ALUMINIO SAO JUDAS,Vidraçaria São Judas,Empresa,Terça,2026-06,27
56960,Público,Agendamento de instalação do sistema,2026-06-30,Daniel Joaquim ,Dúvidas,Alta,Resolvido,VIDRACARIA E ALUMINIO SAO JUDAS,Vidraçaria São Judas,Empresa,Terça,2026-06,27
57756,Público,Offline message - Estéfane Souza,2026-07-09,Daniel Joaquim ,Tickets Offline,Alta,Resolvido,CAMPOS ALTOS ESQUADRIAS,Estéfane Souza,Empresa,Quinta,2026-07,28
56971,Público,Agendamento de instalação do sistema,2026-06-30,Daniel Joaquim ,Dúvidas,Alta,Resolvido,ALLCATECH CONSTRUCOES,Rafael Nogueira,Empresa (Onboarding),Terça,2026-06,27
57076,Público,Transferência de departamento - Comercial,2026-07-01,Daniel Joaquim ,Transferência de Departamento,Alta,Resolvido,ALLCATECH CONSTRUCOES,Rafael Nogueira,Empresa (Onboarding),Quarta,2026-07,27
57181,Público,Agendamento de instalação do CEM,2026-07-02,Daniel Joaquim ,Dúvidas,Alta,Resolvido,ALLCATECH CONSTRUCOES,Rafael Nogueira,Empresa (Onboarding),Quinta,2026-07,27
56964,Público,Instalação de base zerada,2026-06-30,Daniel Joaquim ,Instalação,Alta,Resolvido,VETROFRAN,Rubens,Empresa (Onboarding - Cliente VIP),Terça,2026-06,27
57167,Público,Instalação de base zerada,2026-07-02,Daniel Joaquim ,Instalação,Alta,Resolvido,ELETROVIDROS,Maria Luisa,Empresa (Onboarding),Quinta,2026-07,27
57118,Público,Dúvida na emissão de relatórios,2026-07-01,Daniel Joaquim ,Dúvidas,Alta,Resolvido,ORIENTAL ESQUADRIAS DE ALUMINIO,Oriental Compras Dalvana,Empresa,Quarta,2026-07,27
57097,Público,INSTALAÇÃO,2026-07-01,Daniel Joaquim ,Implantação,Alta,Cancelado,SOLUCAO VIDROS,luis gustavo do carmo seleghin,Empresa (Onboarding),Quarta,2026-07,27
57058,Público,Instalação de base zerada,2026-07-01,Daniel Joaquim ,Instalação,Alta,Resolvido,SEVEN SARON ESQUADRIAS,Ssaron Esquadrias,Empresa (Onboarding),Quarta,2026-07,27
57098,Público,Dúvida sobre a instalação,2026-07-01,Daniel Joaquim ,Dúvidas,Alta,Resolvido,SOLUCAO VIDROS,Gustavo Seleghin,Empresa (Onboarding),Quarta,2026-07,27
57189,Público,Instalação de base zerada,2026-07-02,Daniel Joaquim ,Instalação,Alta,Resolvido,SOLUCAO VIDROS,Gustavo Seleghin,Empresa (Onboarding),Quinta,2026-07,27
58971,Público,Dúvida em como criar seu próprio projetista + salvar como em um novo projetista,2026-07-28,Daniel Joaquim ,Dúvidas,Alta,Resolvido,KADRY ESQUADRIAS DE ALUMINIO LTDA,Danilo Rosa,Empresa,Terça,2026-07,31
58359,Público,Instabilidade no EGCLOUD - 5,2026-07-20,Daniel Joaquim ,Nuvem Cloud,Alta,Resolvido,IMPERIAL ESQUADRIAS DE ALUMINIO,Marcelo,Empresa,Segunda,2026-07,30
58930,Público,"Atualização de build 0723 + dúvida na importação de cadastro + atualização de material MOF (base, mercado, udinese)",2026-07-28,Daniel Joaquim ,Atualização Versão e Build,Alta,Resolvido,TADANO ESQUADRIAS,Gustavo Tadano,Empresa,Terça,2026-07,31
58258,Público,Erro ao emitir relatório ,2026-07-17,Daniel Joaquim ,Dúvidas,Alta,Resolvido,MAIA SOLUCOES EM ESQUADRIAS E VIDROS,William Batista,Empresa,Sexta,2026-07,29
58241,Público,Agendamento de atualização de build,2026-07-17,Daniel Joaquim ,Dúvidas,Alta,Resolvido,TM2 ESQUADRIAS (ANTIGO 1138),Murilo Batalin,Empresa,Sexta,2026-07,29
58524,Público,Agendamento de atualização de build 0707,2026-07-21,Daniel Joaquim ,Dúvidas,Alta,Resolvido,EXEMPLAR ESQUADRIAS (ANTIGO 556),Adriano,Empresa,Terça,2026-07,30
58482,Público,Erro de cursor not open,2026-07-21,Daniel Joaquim ,Erros,Alta,Resolvido,EXEMPLAR ESQUADRIAS (ANTIGO 556),Adriano,Empresa,Terça,2026-07,30
58571,Público,Analise técnica na GOL-MAXN00 para alterar as folgas da esquadria,2026-07-22,Daniel Joaquim ,Dúvidas,Alta,Resolvido,COLPANY VIDROS,Icaro,Empresa,Quarta,2026-07,30
58753,Público,Dúvida no uso do perfil especial - classe/id apontado errado + chat inativo,2026-07-24,Daniel Joaquim ,Dúvidas,Alta,Resolvido,ITEFAL,Evandro Soares,Atendimento CEM EXCLUSIVE,Sexta,2026-07,30
58533,Público,Atualização de build 0707,2026-07-21,Daniel Joaquim ,Atualização Versão e Build,Alta,Resolvido,CARLOS HENRIQUE GOMES JUNIOR,Carlos Henrique,Empresa,Terça,2026-07,30
58869,Público,Ajuste de personalização de relatório feito pelo suporte,2026-07-27,Daniel Joaquim ,Dúvidas,Alta,Resolvido,UNIKA VIDROS E ALUMINIO,Edmar Carvalho,Empresa,Segunda,2026-07,31
58003,Público,Agendamento de reinstalação do sistema + chat inativo,2026-07-14,Daniel Joaquim ,Dúvidas,Alta,Resolvido,ATIMAKY ESQUADRIAS M,Ricardo_mf,Empresa,Terça,2026-07,29
58375,Público,Instabilidade no EGCLOUD - 5,2026-07-20,Daniel Joaquim ,Nuvem Cloud,Alta,Resolvido,UNITY COMERCIO ESQUADRIAS DE ALUMINIO,Aline,Empresa,Segunda,2026-07,30
58652,Público,Dúvida no cadastro de condição de pagamento,2026-07-23,Daniel Joaquim ,Dúvidas,Alta,Resolvido,LAGER ESQUADRIAS,Márcia Christ,Empresa,Quinta,2026-07,30
58653,Público,Chat inativo,2026-07-23,Daniel Joaquim ,Chat Inativo,Baixa,Resolvido,CAMPGLASS (ANTIGO 724),Vitória Maumezzo,Empresa,Quinta,2026-07,30
58120,Público,Personalização de relatórios enviado a produtos,2026-07-15,Daniel Joaquim ,Dúvidas,Alta,Resolvido,COSBIEM,Eliel Lacerda,Empresa,Quarta,2026-07,29
58397,Público,Ajuste de personalização de relatório realizado via suporte,2026-07-20,Daniel Joaquim ,Dúvidas,Alta,Resolvido,COSBIEM,Eliel Lacerda,Empresa,Segunda,2026-07,30
58816,Público,Falha de comunicação com o servidor ,2026-07-27,Daniel Joaquim ,Erros,Alta,Resolvido,ROYAL,Elizabete,Empresa,Segunda,2026-07,31
58853,Público,Dúvida na existência de gradil em torre,2026-07-27,Daniel Joaquim ,Dúvidas,Alta,Resolvido,MOLDURENSE VIDROS,Anderson Lopes,Empresa,Segunda,2026-07,31
58894,Público,Agendamento de atendimento ao cliente,2026-07-27,Daniel Joaquim ,Dúvidas,Alta,Resolvido,JOIA ALUMINIO E VIDRO,Wagner,Empresa,Segunda,2026-07,31
58858,Público,Análise para entender a lentidão ao uso do sistema + chat inativo,2026-07-27,Daniel Joaquim ,Erros,Alta,Resolvido,JOIA ALUMINIO E VIDRO,Wagner,Empresa,Segunda,2026-07,31
58805,Público,Dúvida no cadastro de croqui + chat inativo,2026-07-24,Daniel Joaquim ,Dúvidas,Alta,Resolvido,JB VIDROS E ESQUADRIAS (ANTIGO 9267),JB Vidros Esquadrias,Empresa,Sexta,2026-07,30
58586,Público,Atualização de build 0707,2026-07-22,Daniel Joaquim ,Atualização Versão e Build,Alta,Resolvido,CARLOS HENRIQUE GOMES JUNIOR,Jane,Empresa,Quarta,2026-07,30
58666,Público,Dúvida na reinstalação do sistema,2026-07-23,Daniel Joaquim ,Dúvidas,Alta,Resolvido,FRITZEN ESQUADRIAS,Fritzen Esquadrias,Empresa,Quinta,2026-07,30
58700,Público,Reinstalação do sistema,2026-07-23,Daniel Joaquim ,Instalação,Alta,Resolvido,FRITZEN ESQUADRIAS,"Joelmir Fritzen,FRITZEN ESQUADRIAS » Fritzen Esquadrias",Empresa,Quinta,2026-07,30
58420,Público,Erro na infraestrutura do cliente + chat inativo,2026-07-20,Daniel Joaquim ,Erros,Alta,Resolvido,RV ALUMINIUM,Kauã,Empresa,Segunda,2026-07,30
58669,Público,Dúvida na existência da linha esplendor da Hydro,2026-07-23,Daniel Joaquim ,Dúvidas,Baixa,Resolvido,ALUNOBRE,Alysson Lima - Coordenador de Orçamentos,Empresa,Quinta,2026-07,30
58008,Público,duvida referente ao cadastro de perfis especiais,2026-07-14,Patrick Nascimento,Dúvidas,Alta,Resolvido,ALLUCK INDUSTRIA E COMERCIO EM ESQUADRIAS,Obras Alluck - Rafaela,Empresa,Terça,2026-07,29
58957,Público,chat inativo,2026-07-28,Patrick Nascimento,Chat Inativo,Baixa,Resolvido,BUGAL & ALUK,Gabriel Nogueira,Empresa,Terça,2026-07,31
58976,Público,atualização da linha NEOGRAD da OLGA COLOR,2026-07-28,Patrick Nascimento,Dúvidas,Alta,Resolvido,BUGAL & ALUK,Gabriel Nogueira,Empresa,Terça,2026-07,31
58619,Público,duvida referente a utilização do CEM,2026-07-22,Patrick Nascimento,Dúvidas,Alta,Resolvido,ATUAL MOVEIS E DECORACAO E CASA DO MARCENEIRO,Xenia,Empresa,Quarta,2026-07,30
58387,Público,duvida referente a esquadrias maiores que 6 metros (tampedaco) + chat inativo,2026-07-20,Patrick Nascimento,Dúvidas,Alta,Resolvido,A FUNCIONAL VIDROS,Italo,Empresa,Segunda,2026-07,30
58467,Público,Atualização de material MOF (CBA),2026-07-21,Patrick Nascimento,Dúvidas,Alta,Resolvido,ALCONT ALUMÍNIO,Christian Freda,Empresa,Terça,2026-07,30
58498,Público,Offline message,2026-07-21,Patrick Nascimento,Tickets Offline,Média,Resolvido,TECNICA,Marcela,Empresa,Terça,2026-07,30
58339,Público,duvida referente a esquadrias maiores que 6 metros (tampedaco) + chat inativo,2026-07-20,Patrick Nascimento,Dúvidas,Alta,Resolvido,A FUNCIONAL VIDROS,Marcela - Funcional Esquadria,Empresa,Segunda,2026-07,30
58416,Público,Agendamento de atualização de material MOF,2026-07-20,Patrick Nascimento,Dúvidas,Alta,Resolvido,A FUNCIONAL VIDROS,Marcela - Funcional Esquadria,Empresa,Segunda,2026-07,30
58686,Público,chat inativo,2026-07-23,Patrick Nascimento,Chat Inativo,Baixa,Resolvido,BRUBOX ALUMINIO E VIDRO (ANTIGO 896),Bruno Munhoz Soares,Empresa,Quinta,2026-07,30
58383,Público,chat inativo,2026-07-20,Patrick Nascimento,Chat Inativo,Baixa,Resolvido,A FUNCIONAL VIDROS,Bárbara,Empresa,Segunda,2026-07,30
58204,Público,duvida referente a mensagem de inadimplência,2026-07-16,Patrick Nascimento,Dúvidas,Alta,Resolvido,TALENTUS ESQUADRIAS (Antiga 674),Lucas,Empresa,Quinta,2026-07,29
58289,Público,Atualização de build (3.6.26.0707),2026-07-17,Patrick Nascimento,Atualização Versão e Build,Alta,Resolvido,Faktory Softwares,Leonardo Souza,Empresa,Sexta,2026-07,29
58562,Público,duvida referente a emissão de proposta comercial,2026-07-22,Patrick Nascimento,Dúvidas,Alta,Resolvido,METALUMINIO,Felipe Belucci,Empresa,Quarta,2026-07,30
58776,Público,transferência de departamento (financeiro),2026-07-24,Patrick Nascimento,Transferência de Departamento,Alta,Resolvido,LS ALUMINIO,THAIS,Empresa,Sexta,2026-07,30
58708,Público,duvida referente a como utilizar tabela de preços da Schuco,2026-07-23,Patrick Nascimento,Dúvidas,Alta,Resolvido,JOIA ALUMINIO E VIDRO,Wagner,Empresa,Quinta,2026-07,30
58794,Público,duvida referente a esquadrias desativadas,2026-07-24,Patrick Nascimento,Dúvidas,Alta,Resolvido,JOIA ALUMINIO E VIDRO,Wagner,Empresa,Sexta,2026-07,30
58316,Público,Atualização de build (3.6.26.0707),2026-07-17,Patrick Nascimento,Atualização Versão e Build,Alta,Resolvido,PERFIL,Hernan Dario Chalarca Toro,Empresa,Sexta,2026-07,29
58568,Público,duvida referente a atualização do CEM,2026-07-22,Patrick Nascimento,Instalação,Alta,Resolvido,COSBIEM,Eliel Lacerda,Empresa,Quarta,2026-07,30
58111,Público,duvida referente a como exportar o XML de venda,2026-07-15,Patrick Nascimento,Dúvidas,Alta,Resolvido,ALUMIX (11203),Maicon,Empresa,Quarta,2026-07,29
58260,Público,duvida referente a como copiar e colar arquivos do EGCLOUD,2026-07-17,Patrick Nascimento,Nuvem Cloud,Alta,Resolvido,ALUMIX (11203),Maicon,Empresa,Sexta,2026-07,29
58177,Público,Instalação de atalho em rede (mapeamento),2026-07-16,Patrick Nascimento,Instalação,Alta,Resolvido,CNN INOX,JULIANE,Empresa,Quinta,2026-07,29
58286,Público,transferência de departamento (financeiro),2026-07-17,Patrick Nascimento,Transferência de Departamento,Alta,Resolvido,SAVIV INCORPORADORA,Anderson,Empresa,Sexta,2026-07,29
58676,Público,Erro de cursor not open ,2026-07-23,Patrick Nascimento,Erros,Alta,Resolvido,ALUTEC DF,Dorival Moura,Empresa,Quinta,2026-07,30
58695,Público,duvida referente a utilização da impressora universal redirecionada,2026-07-23,Patrick Nascimento,Nuvem Cloud,Alta,Resolvido,UTIL,Luan Miguel,Empresa,Quinta,2026-07,30
58353,Público,Instalação de atalho em rede (mapeamento),2026-07-20,Patrick Nascimento,Instalação,Alta,Resolvido,DELLO ESQUADRIAS DE ALUMINIO,ALUMINORTE » Wilker A  Gomes,Empresa,Segunda,2026-07,30
58444,Público,chat inativo,2026-07-20,Patrick Nascimento,Chat Inativo,Baixa,Resolvido,ALQUALI,Martha Wittica,Empresa,Segunda,2026-07,30
58373,Público,chat inativo,2026-07-20,Patrick Nascimento,Chat Inativo,Baixa,Resolvido,RADEFE ESQUADRIAS DE ALUMINIO,Osni Souza,Empresa,Segunda,2026-07,30
58439,Público,duvida referente a barras maiores que 6 metros (TAMPEDACO),2026-07-20,Patrick Nascimento,Dúvidas,Alta,Resolvido,RADEFE ESQUADRIAS DE ALUMINIO,Osni Souza,Empresa,Segunda,2026-07,30
58150,Público,Duvida referente a quantidade total de vidros da esquadrias,2026-07-16,Patrick Nascimento,Dúvidas,Alta,Resolvido,RADEFE ESQUADRIAS DE ALUMINIO,Osni Souza,Empresa,Quinta,2026-07,29
58331,Público,duvida referente a como fazer o backup do sistema ,2026-07-17,Patrick Nascimento,Instalação,Alta,Resolvido,REIS ESQUADRIAS E VIDROS,Matheus Bronze,Empresa,Sexta,2026-07,29
58296,Público,backup do banco de dados do sistema,2026-07-17,Patrick Nascimento,Instalação,Alta,Resolvido,REIS ESQUADRIAS E VIDROS,Matheus Bronze,Empresa,Sexta,2026-07,29
58962,Público,transferência de departamento (financeiro),2026-07-28,Patrick Nascimento,Transferência de Departamento,Baixa,Resolvido,UMUVIDROS,Alexandre UmuVidros,Empresa,Terça,2026-07,31
58878,Público,Duvida referente a personalização de relatórios,2026-07-27,Patrick Nascimento,Dúvidas,Alta,Resolvido,ARTEFAL (ANTIGO 8861),Ewerton,Empresa,Segunda,2026-07,31
58926,Público,alteração nas licenças do sistema,2026-07-28,Patrick Nascimento,Dúvidas,Alta,Resolvido,OKNO ALUMINIO (ANTIGO 11087 ),Cléofas,Empresa,Terça,2026-07,31
58349,Público,duvida referente a exportação de um relatório para o excel,2026-07-20,Patrick Nascimento,Dúvidas,Alta,Resolvido,FEDERAL BOX & VIDROS,Suellen,Empresa,Segunda,2026-07,30
58741,Público,liberação de espessura do vidro dentro da esquadria,2026-07-24,Patrick Nascimento,Dúvidas,Alta,Resolvido,ESQUADRINEX (Antiga 944),Amanda,Empresa,Sexta,2026-07,30
58069,Público,Atualização de material MOF (OLGA-COLOR),2026-07-15,Patrick Nascimento,Dúvidas,Alta,Resolvido,MIECIO GONÇALVES (CONSULTOR),Miecio Gonçalves Franco Franco,Empresa,Quarta,2026-07,29
58829,Público,sistema apresentando lentidão,2026-07-27,Patrick Nascimento,Erros,Alta,Resolvido,LUIZ CLEMENTE COMERCIO E REPRESENTACOES,Luiz Clemente,Empresa,Segunda,2026-07,31
58050,Público,duvida referente a como liberar espessura do vidro,2026-07-15,Patrick Nascimento,Dúvidas,Alta,Resolvido,ESQUADRINEX (Antiga 944),Amanda,Empresa,Quarta,2026-07,29
58062,Público,duvida referente a como liberar espessura do vidro,2026-07-15,Patrick Nascimento,Dúvidas,Alta,Resolvido,ESQUADRINEX (Antiga 944),Amanda,Empresa,Quarta,2026-07,29
57102,Interno,duvida referente a erro ao exportar obra para o faktory,2026-07-01,Patrick Nascimento,Dúvidas,Alta,Resolvido,AMAZON TEMPER,Marcielly,Não classificado,Quarta,2026-07,27
57160,Público,Duvida referente a exportação de obra para o Faktory,2026-07-02,Patrick Nascimento,Dúvidas,Alta,Resolvido,ALUMACRO TECNOLOGIA EM ESQUADRIAS (ANTIGO 5578),Marcielly,Empresa,Quinta,2026-07,27
57137,Público,Duvida referente a como exportar uma obra para o faktory,2026-07-01,Patrick Nascimento,Dúvidas,Alta,Resolvido,AMAZON TEMPER,Marcielly,Não classificado,Quarta,2026-07,27
57092,Interno,sistema nã abre (erro de conexão entre a estação e o servidor),2026-07-01,Patrick Nascimento,Erros,Alta,Resolvido,LAF SOROCABA,Giovanna,Empresa,Quarta,2026-07,27
57119,Público,Atualização de material MOF (BASE/HYDRO),2026-07-01,Patrick Nascimento,Dúvidas,Alta,Resolvido,LEO FERRAGENS,Léo Vidro e Esquadria (Comercial),Empresa,Quarta,2026-07,27
57017,Interno,agendamento de reinstalação do sistema ,2026-06-30,Patrick Nascimento,Dúvidas,Alta,Resolvido,ALUPAR,Sidney,Empresa,Terça,2026-06,27
57059,Público,Kelvin entrou em contato para agendar uma reunião,2026-07-01,Patrick Nascimento,Chat Inativo,Baixa,Resolvido,A FUNCIONAL VIDROS,Kelvin Mendes - Meet Tecnologia,Empresa,Quarta,2026-07,27
56967,Público,Kelvin auxiliou para acessar o servidor da empresa,2026-06-30,Patrick Nascimento,Dúvidas,Alta,Resolvido,A FUNCIONAL VIDROS,Kelvin Mendes - Meet Tecnologia,Empresa,Terça,2026-06,27
57021,Público,duvida referente a backup do sistema,2026-06-30,Patrick Nascimento,Instalação,Alta,Resolvido,A FUNCIONAL VIDROS,Kelvin Mendes - Meet Tecnologia,Empresa,Terça,2026-06,27
57425,Público,credencial invalida ao acessar o EGCLOUD,2026-07-06,Patrick Nascimento,Nuvem Cloud,Alta,Resolvido,RM ALUMINIO (ANTIGO 1251),emerson,Empresa,Segunda,2026-07,28
57010,Interno,duvida referente a emissão de relatório de corte,2026-06-30,Patrick Nascimento,Dúvidas,Alta,Resolvido,AMAZON TEMPER,GLEIZI,Não classificado,Terça,2026-06,27
57708,Público,duvida referente a como criar um orçamento apenas com vidros,2026-07-09,Patrick Nascimento,Dúvidas,Alta,Resolvido,AMAZON TEMPER,Mirian Camargos Advogada,Não classificado,Quinta,2026-07,28
57387,Público,Atualização de build (3.6.26.0628),2026-07-06,Patrick Nascimento,Atualização Versão e Build,Alta,Resolvido,PRIME VIDROS E ALUMINIO (CEMWEB-IMPLANTAÇÃO),Prime Vidros e Alumínio,Empresa (Onboarding),Segunda,2026-07,28
57155,Público,duvida referente ao cadastro de componentes da CDA,2026-07-02,Patrick Nascimento,Dúvidas,Alta,Resolvido,PAULO OCTAVIANO INVESTIMENTOS IMOBILIARIOS,Khevin,Empresa,Quinta,2026-07,27
57674,Público,Instalação de atalho em rede (mapeamento),2026-07-08,Patrick Nascimento,Instalação,Alta,Resolvido,RD FABRICACOES,Gabrielle,Empresa,Quarta,2026-07,28
57016,Público,chat inativo,2026-06-30,Patrick Nascimento,Chat Inativo,Baixa,Resolvido,VIDRACARIA SCHUCHARDT,Fernanda,Empresa,Terça,2026-06,27
57028,Público,duvida referente a como criar uma esquadria + acesso ao canal do cliente,2026-06-30,Patrick Nascimento,Dúvidas,Alta,Resolvido,UNIQUE,Andressa Lima - Projetos e Orçamentos,Empresa,Terça,2026-06,27
57861,Público,instalação em estrutura separada,2026-07-13,Patrick Nascimento,Instalação,Alta,Resolvido,VIDRACARIA SCHUCHARDT,Fernanda,Empresa,Segunda,2026-07,29
57643,Público,duvida referente ao cadastro de vidro laminado com valor zerado dentro da obra,2026-07-08,Patrick Nascimento,Dúvidas,Alta,Resolvido,PRISSMA VIDROS,Prissma Esquadria,Empresa,Quarta,2026-07,28
57648,Público,duvida referente a existência de tipologias da hydro no CEM,2026-07-08,Patrick Nascimento,Dúvidas,Alta,Resolvido,MASTER SERRALHERIA,alumimaster serralheria,Empresa,Quarta,2026-07,28
57624,Público,duvida referente a como alterar as opções de montagem das esquadrias,2026-07-08,Patrick Nascimento,Dúvidas,Alta,Resolvido,EMBRAED,Luiz Balbinot,Empresa,Quarta,2026-07,28
57741,Interno,duvida referente a existência da linha ecogrid no CEM,2026-07-09,Patrick Nascimento,Dúvidas,Alta,Resolvido,IBEA ALUMINIO,Renata Demetrio,Empresa,Quinta,2026-07,28
57747,Interno,duvida referente a como alterar senha de acesso no CLOUD,2026-07-09,Patrick Nascimento,Nuvem Cloud,Alta,Resolvido,ALUMITRA ESQUADRIAS DE ALUMINIO E VIDRO,Rodrigo Lobo,Empresa,Quinta,2026-07,28
57659,Público,erro de banco corropido,2026-07-08,Patrick Nascimento,Erros,Alta,Resolvido,SAM VIDROS,Maickon Augusto,Empresa,Quarta,2026-07,28
57411,Público,Atualização de build (3.6.26.0628),2026-07-06,Patrick Nascimento,Atualização Versão e Build,Alta,Resolvido,QUATTUOR ENGENHARIA E SOLUCOES (ANTIGO 9436),JUAN,Não classificado,Segunda,2026-07,28
57304,Interno,duvida referente a como ativar o estoque técnico,2026-07-03,Patrick Nascimento,Dúvidas,Alta,Resolvido,METRU ESQUADRIAS EM ALUMINIO E VIDROS,Luiz Ferreira,Empresa,Sexta,2026-07,27
57958,Público,transferência de departamento (Faktory),2026-07-14,Patrick Nascimento,Transferência de Departamento,Alta,Resolvido,NBA ESQUADRIAS,Jennifer,Empresa,Terça,2026-07,29
58213,Público,duvida referente a alteração da logotipo da proposta comercial,2026-07-16,Patrick Nascimento,Dúvidas,Média,Resolvido,ALUMIX COMERCIO DE CHAPAS E ALUMINIO,VALÉRIO,Empresa,Quinta,2026-07,29
58802,Público,duvida referente a como utilizar croquis 3D,2026-07-24,Patrick Nascimento,Dúvidas,Alta,Resolvido,ALUMIX COMERCIO DE CHAPAS E ALUMINIO,VALÉRIO,Empresa,Sexta,2026-07,30
57936,Interno,chat inativo,2026-07-14,Patrick Nascimento,Chat Inativo,Baixa,Resolvido,METAL LIGHT,Graça Araujo,Empresa,Terça,2026-07,29
58507,Público,duvida referente a como cadastrar perfil especial dentro da obra,2026-07-21,Patrick Nascimento,Dúvidas,Alta,Resolvido,ALUVIN,Gabriel Angelin(ALUVIN  Terceirizado),Empresa,Terça,2026-07,30
58577,Público,solicitação de liberação da linha maxima 2.0,2026-07-22,Patrick Nascimento,Dúvidas,Alta,Resolvido,ALUVIN,Gabriel Angelin(ALUVIN  Terceirizado),Empresa,Quarta,2026-07,30
58778,Público,Erro de conexão com o banco de dados ,2026-07-24,Patrick Nascimento,Erros,Alta,Resolvido,ALLPRIME,Adriana - Allprime,Atendimento CEM EXCLUSIVE,Sexta,2026-07,30
58583,Público,duvida referente a niveis de acesso de usuário,2026-07-22,Patrick Nascimento,Dúvidas,Alta,Resolvido,REVISAR,André Luiz,Empresa,Quarta,2026-07,30
58494,Público,transferência de departamento (comercial),2026-07-21,Patrick Nascimento,Transferência de Departamento,Alta,Resolvido,REVISAR,André Luiz,Empresa,Terça,2026-07,30
58347,Público,chat inativo,2026-07-20,Patrick Nascimento,Chat Inativo,Baixa,Resolvido,REQUINTE ESQUADRIAS E VIDROS,Emerson,Empresa,Segunda,2026-07,30
58517,Público,duvida referente a erro de calculo,2026-07-21,Patrick Nascimento,Dúvidas,Alta,Resolvido,TECNICA,Luiz Angelo,Empresa,Terça,2026-07,30
58242,Público,duvida referente as esquadrias da CHROMA que não estão aparecendo,2026-07-17,Patrick Nascimento,Dúvidas,Alta,Resolvido,PORTTO ESQUADRIAS,ANDRÉ FELIPE,Empresa,Sexta,2026-07,29
58811,Público,duvida referente a existencia de brise muxarabi no sistema,2026-07-24,Patrick Nascimento,Dúvidas,Alta,Resolvido,ESQUADRA SERRALHERIA,Kleiton,Empresa,Sexta,2026-07,30
58738,Público,Instalação de atalho em rede (mapeamento),2026-07-24,Patrick Nascimento,Instalação,Alta,Resolvido,ESQUADRA SERRALHERIA,Kleiton,Empresa,Sexta,2026-07,30
58756,Público,duvida referente a mensagem de licença expirada (alteração cadastral),2026-07-24,Patrick Nascimento,Dúvidas,Alta,Resolvido,REIS ESQUADRIAS E VIDROS,Matheus Bronze,Empresa,Sexta,2026-07,30
58267,Público,duvida referente a erro de calculo,2026-07-17,Patrick Nascimento,Dúvidas,Alta,Resolvido,VIVA COMUNICAÇÃO,Roberta,Empresa,Sexta,2026-07,29
58510,Público,duvida referente a existencia da linha sierra no CEM,2026-07-21,Patrick Nascimento,Dúvidas,Alta,Resolvido,JS ESQUADRIAS,CAMILE,Empresa,Terça,2026-07,30
58706,Público,Atualização de material MOF (ALUMINORTE/NORTE-LUMI),2026-07-23,Patrick Nascimento,Dúvidas,Alta,Resolvido,ALUMINORTON,Norton,Empresa,Quinta,2026-07,30
58280,Público,duvida referente a erro de exportação para o Faktory,2026-07-17,Patrick Nascimento,Dúvidas,Alta,Resolvido,CRJ ESQUADRIAS DE ALUMINIO (ANTIGO 1215),JHONATÕ,Empresa,Sexta,2026-07,29
58327,Público,JULIANA - JANELAO PORTAS E JAN,2026-07-17,Pedro Cavalciuk,,Alta,Novo,JANELAO PORTAS E JAN,JULIANA,Empresa,Sexta,2026-07,29
58466,Público,Reinstalação de sistema + criação de atalho via rede,2026-07-21,Pedro Cavalciuk,Instalação,Alta,Resolvido,REIS ESQUADRIAS E VIDROS,Matheus Bronze,Empresa,Terça,2026-07,30
58406,Público,Modo do hibernação do Windows ,2026-07-20,Pedro Cavalciuk,Erros,Alta,Resolvido,REVISAR,André Luiz,Empresa,Segunda,2026-07,30
57947,Público,Reinstalação e sistema + mapeamento de rede,2026-07-14,Pedro Cavalciuk,Instalação,Alta,Resolvido,BP GLASS,Pedro Braga,Empresa,Terça,2026-07,29
57266,Público,Duvida sobre instalação do CEM,2026-07-03,Pedro Cavalciuk,Dúvidas,Alta,Resolvido,AMAZON TEMPER,Vivi,Não classificado,Sexta,2026-07,27
57279,Público,Duvida em como cadastrar uma esquadria e colcoar medidas ,2026-07-03,Pedro Cavalciuk,Dúvidas,Alta,Resolvido,AMAZON TEMPER,aluminioesquadriserv,Não classificado,Sexta,2026-07,27
57199,Público,Criação de atalho via rede,2026-07-02,Pedro Cavalciuk,Instalação,Alta,Resolvido,HYLINE BUIDING SYSTEMS BRASIL,Raphael Coutinho,Empresa,Quinta,2026-07,27
57594,Público,Edição no código de acabamento ,2026-07-08,Pedro Cavalciuk,Dúvidas,Alta,Resolvido,AMAZON TEMPER,wesley campos,Não classificado,Quarta,2026-07,28
57392,Público,Duvida em como mudar marco de projetista oficial - Salvar como,2026-07-06,Pedro Cavalciuk,Dúvidas,Alta,Resolvido,TOP PLACAS,Grupo top serviço técnico em esquadria e vidros,Não classificado,Segunda,2026-07,28
57627,Público,Chat inativo,2026-07-08,Pedro Cavalciuk,Chat Inativo,Baixa,Resolvido,BUGAL & ALUK,Matheus Sanches,Empresa,Quarta,2026-07,28
57173,Público,Criação de atalho via rede,2026-07-02,Pedro Cavalciuk,Instalação,Baixa,Resolvido,CAMPOS ALTOS ESQUADRIAS,Pedroh Costa,Empresa,Quinta,2026-07,27
56998,Público,Esqueceu de salvar a obra,2026-06-30,Pedro Cavalciuk,Dúvidas,Alta,Resolvido,DURANT FACHADAS E ESQUADRIAS,Caio,Empresa,Terça,2026-06,27
57081,Público,Criação de atalho via rede,2026-07-01,Pedro Cavalciuk,Instalação,Alta,Resolvido,CAMPOS ALTOS ESQUADRIAS,Estéfane Souza,Empresa,Quarta,2026-07,27
57797,Público,editar valor de perfil,2026-07-10,Pedro Cavalciuk,Dúvidas,Alta,Resolvido,M T ALUMINIOS,Pedro Santana,Empresa,Sexta,2026-07,28
58682,Público,Atualização de  material MOF (PERFIL),2026-07-23,Pedro Cavalciuk,Dúvidas,Alta,Resolvido,BRWINDOW,Kellen,Empresa,Quinta,2026-07,30
58295,Público,Atualização de BUILD 0707,2026-07-17,Pedro Cavalciuk,Atualização Versão e Build,Alta,Resolvido,TM2 ESQUADRIAS (ANTIGO 1138),Murilo Batalin,Empresa,Sexta,2026-07,29
58552,Público,Transferência de departamento > Comercial,2026-07-22,Pedro Cavalciuk,Transferência de Departamento,Alta,Resolvido,OKNO ALUMINIO (ANTIGO 11087 ),Cléofas,Empresa,Quarta,2026-07,30
58609,Público,Tranferencia de departamento > Faktory,2026-07-22,Pedro Cavalciuk,Transferência de Departamento,Alta,Resolvido,ARTEFAL (ANTIGO 8861),Ewerton,Empresa,Quarta,2026-07,30
58647,Público,Criar chamado de liberação de pasta de croquis ,2026-07-23,Pedro Cavalciuk,Nuvem Cloud,Alta,Resolvido,ARTEFAL (ANTIGO 8861),Ewerton,Empresa,Quinta,2026-07,30
58641,Público,transferido ao suporte da skyone,2026-07-23,Pedro Cavalciuk,Nuvem Cloud,Alta,Resolvido,ARTEFAL (ANTIGO 8861),Ewerton,Empresa,Quinta,2026-07,30
58374,Público,EGCLOUD + autoresolução,2026-07-20,Pedro Cavalciuk,Nuvem Cloud,Alta,Resolvido,VIDRACARIA NOBRE,Paulino,Empresa,Segunda,2026-07,30
58281,Público,Orçamento- valores negativos,2026-07-17,Pedro Cavalciuk,Dúvidas,Alta,Em atendimento,HIPERVIDRO,Guilherme,Empresa,Sexta,2026-07,29
58365,Público,Erro ao cadastrar superfícies e acabamento,2026-07-20,Pedro Cavalciuk,Dúvidas,Alta,Resolvido,HIPERVIDRO,Guilherme,Empresa,Segunda,2026-07,30
58551,Público,Transferência de departamento > Relatórios,2026-07-22,Pedro Cavalciuk,Transferência de Departamento,Alta,Resolvido,ARTMETAL,jhonn herbert viana de jesus,Empresa,Quarta,2026-07,30
58832,Público,Erro de calculo,2026-07-27,Pedro Cavalciuk,Dúvidas,Alta,Resolvido,ALUIM METAIS,Giovana,Empresa,Segunda,2026-07,31
58754,Público,duvida em como fazer substituição de perfil ,2026-07-24,Pedro Cavalciuk,Dúvidas,Alta,Resolvido,ESQUADRIPRO,Marcus V K Camargo,Empresa,Sexta,2026-07,30
58925,Público,Duvida sobre quantidade de esquadria da linha Sophia,2026-07-28,Pedro Cavalciuk,Dúvidas,Alta,Resolvido,SILENCIUM ESQUADRIAS ACUSTICAS,Amanda Alves,Empresa,Terça,2026-07,31
58040,Público,Transferência para o financeiro ,2026-07-15,Pedro Cavalciuk,Transferência de Departamento,Alta,Resolvido,VIDRACARIA FKR LTDA,F K R Vidros e Esquadrias,Empresa,Quarta,2026-07,29
58859,Público,Atualização de material MOF ,2026-07-27,Pedro Cavalciuk,Dúvidas,Alta,Resolvido,ALUVIN,Guilherme,Empresa,Segunda,2026-07,31
58817,Público,Agendamento de Atualização de material MOF (27/07 ás 11:45),2026-07-27,Pedro Cavalciuk,Dúvidas,Alta,Resolvido,ALUVIN,Guilherme,Empresa,Segunda,2026-07,31
58162,Público,Transferência para o financeiro ,2026-07-16,Pedro Cavalciuk,Chat Inativo,Baixa,Resolvido,LOUGUESS,Nayara Felix,Empresa,Quinta,2026-07,29
58505,Público,Transferência para o financeiro ,2026-07-21,Pedro Cavalciuk,Transferência de Departamento,Alta,Resolvido,ALUMITRA ESQUADRIAS DE ALUMINIO E VIDRO,Filipe Macêdo,Empresa,Terça,2026-07,30
58137,Público,Inadimplência- transferência de departamento > financeiro ,2026-07-16,Pedro Cavalciuk,Transferência de Departamento,Alta,Resolvido,LOUGUESS,DIOGO,Empresa,Quinta,2026-07,29
58165,Público,Transferência para o financeiro ,2026-07-16,Pedro Cavalciuk,Transferência de Departamento,Baixa,Resolvido,LOUGUESS,DIOGO,Empresa,Quinta,2026-07,29
58354,Público,Liberação de serial interno,2026-07-20,Pedro Cavalciuk,Dúvidas,Alta,Resolvido,Faktory Softwares,Leonardo Souza,Empresa,Segunda,2026-07,30
58152,Público,Liberação de serial interno,2026-07-16,Pedro Cavalciuk,Dúvidas,Baixa,Resolvido,Faktory Softwares,Leonardo Souza,Empresa,Quinta,2026-07,29
58263,Público,Duvida em como colocar níveis de acesso ao usuários + precificações de material  ,2026-07-17,Pedro Cavalciuk,Dúvidas,Alta,Resolvido,WB VIDROS E ESPELHOS,Debora Mondini de Araujo,Empresa,Sexta,2026-07,29
58638,Público,Transferência de departamento > Financeiro,2026-07-23,Pedro Cavalciuk,Transferência de Departamento,Alta,Resolvido,SCHWANCK ESQUADRIAS DE PVC,Sinara Santos,Empresa,Quinta,2026-07,30
58426,Público,Usabilidade no link de acesso do EGCLOUD ,2026-07-20,Matheus Pulcinelli,Nuvem Cloud,Alta,Resolvido,VIDROBOX,Leo Loberto,Empresa,Segunda,2026-07,30
58389,Público,Agendamento de suporte técnico ,2026-07-20,Matheus Pulcinelli,Dúvidas,Alta,Resolvido,TEMPERCAMPOS,Jessica,Empresa,Segunda,2026-07,30
58502,Público,Duvida referente a salvar relatório na nuvem ,2026-07-21,Matheus Pulcinelli,Nuvem Cloud,Alta,Resolvido,TECNICA,Marcela,Empresa,Terça,2026-07,30
58060,Público,Criação de usuarios/funcionarios ,2026-07-15,Matheus Pulcinelli,Dúvidas,Alta,Resolvido,VIDRAÇARIA BOM PASTOR,Kelly Christina Bueno de Souza,Empresa,Quarta,2026-07,29
58483,Público,Habilitar serial do sistema ,2026-07-21,Matheus Pulcinelli,Dúvidas,Alta,Resolvido,Faktory Softwares,Leonardo Souza,Empresa,Terça,2026-07,30
58455,Público,Duvida referente a calculo de itens ,2026-07-20,Matheus Pulcinelli,Dúvidas,Alta,Resolvido,GM METALICA (ANTIGO 10821),Simone Marinho,Empresa,Segunda,2026-07,30
58276,Público,Atualização de build + chat inativo,2026-07-17,Matheus Pulcinelli,Atualização Versão e Build,Alta,Resolvido,WANIA LIDIANE PEREIRA,Wania,Não classificado,Sexta,2026-07,29
58314,Público,Duvida referente a importar obra,2026-07-17,Matheus Pulcinelli,Dúvidas,Alta,Resolvido,WANIA LIDIANE PEREIRA,Wania,Não classificado,Sexta,2026-07,29
58521,Público,Melhorias,2026-07-21,Matheus Pulcinelli,Melhorias,Alta,Em atendimento,ALUMINIA BRASIL (ANTIGO 1753),Everton,Empresa,Terça,2026-07,30
58874,Público,Duvida referente a exportação ao factory,2026-07-27,Matheus Pulcinelli,Dúvidas,Alta,Resolvido,VM ESQUADRIAS EM ALUMINIO,Lucas Freitas,Empresa,Segunda,2026-07,31
58391,Público,Duvida referente a editar dados do orçamento ,2026-07-20,Matheus Pulcinelli,Dúvidas,Alta,Resolvido,ALUTEC DF,Ana,Empresa,Segunda,2026-07,30
58624,Público,Duvida referente ao salvar orçamentos ,2026-07-22,Matheus Pulcinelli,Dúvidas,Alta,Resolvido,VIDRACARIA VALDES,Esquadrias De Alumínio,Empresa,Quarta,2026-07,30
58575,Público,Erro de registro ,2026-07-22,Matheus Pulcinelli,Erros,Alta,Resolvido,VERTICAL ESQUADRIAS,Dayse,Empresa,Quarta,2026-07,30
58759,Público,Duvida referencia ao usar o CEM em outro computador ,2026-07-24,Matheus Pulcinelli,Dúvidas,Alta,Resolvido,ESQUADRO SERRALHERIA,Cesinha,Empresa,Sexta,2026-07,30
58774,Público,Duvida referente a desbloqueio de espessura ,2026-07-24,Matheus Pulcinelli,Dúvidas,Alta,Resolvido,SAVIV INCORPORADORA,Anderson,Empresa,Sexta,2026-07,30
58846,Público,Tranferencia para o departamento do comercial ,2026-07-27,Matheus Pulcinelli,Transferência de Departamento,Alta,Resolvido,ROYAL,Elizabete,Empresa,Segunda,2026-07,31
58952,Público,Reinstalação do sistema + atualização de build,2026-07-28,Matheus Pulcinelli,Instalação,Alta,Resolvido,DELLO ESQUADRIAS DE ALUMINIO,ALUMINORTE » Wilker A  Gomes,Empresa,Terça,2026-07,31
58685,Público,Transferência de departamento - relatório ,2026-07-23,Matheus Pulcinelli,Transferência de Departamento,Alta,Resolvido,CAMPGLASS (ANTIGO 724),Vitória Maumezzo,Empresa,Quinta,2026-07,30
58656,Público,Duvida referente a acabamento ,2026-07-23,Matheus Pulcinelli,Dúvidas,Alta,Resolvido,ALUMIERI,Sandra,Empresa,Quinta,2026-07,30
58173,Público,Reinstalação do sistema + atualização de versão,2026-07-16,Matheus Pulcinelli,Instalação,Alta,Resolvido,ALUMIARTE ALUMINIO,Mauricio - Alumiarte Ltda,Empresa,Quinta,2026-07,29
58169,Público,Duvida referente a salvar como ,2026-07-16,Matheus Pulcinelli,Dúvidas,Alta,Resolvido,VIDRACARIA SANTOS,Eliana Santos,Empresa,Quinta,2026-07,29
58452,Público,Tranferencia para o departamento de relatorios ,2026-07-20,Matheus Pulcinelli,Transferência de Departamento,Alta,Resolvido,ALUMINIA PVC (ANTIGO 867),Jean,Empresa,Segunda,2026-07,30
58405,Público,Atualização de build + atualização de material ,2026-07-20,Matheus Pulcinelli,Atualização Versão e Build,Alta,Resolvido,LUBRU  INDUSTRIA,Bruna Prado,Empresa,Segunda,2026-07,30
58941,Público,Duvida referente a hibernação da tela,2026-07-28,Matheus Pulcinelli,Erros,Alta,Resolvido,ALUMAFER,CAROLINA,Empresa,Terça,2026-07,31
58667,Público,Duvida referente a cadastro de vidros ,2026-07-23,Matheus Pulcinelli,Dúvidas,Alta,Resolvido,ESQUADRINEX (Antiga 944),Amanda,Empresa,Quinta,2026-07,30
58721,Público,Duvida referente a CEM tools ,2026-07-23,Matheus Pulcinelli,Dúvidas,Alta,Resolvido,DECOR ESQUADRIAS,Fernando,Empresa,Quinta,2026-07,30
57299,Público,Reinstalação do sistema + atalho em rede ,2026-07-03,Matheus Pulcinelli,Instalação,Alta,Resolvido,ALUPAR,Sidney,Empresa,Sexta,2026-07,27
57019,Interno,Duvida referente a existencia de material MOF + chat inativo ,2026-06-30,Matheus Pulcinelli,Dúvidas,Alta,Resolvido,UNIT ESQUADRIAS,virginia,Empresa,Terça,2026-06,27
57435,Público,Duvida referente a cadastro de descrição de vidros ,2026-07-06,Matheus Pulcinelli,Dúvidas,Alta,Resolvido,ESTILO ENGENHARIA DO ALUMINIO,jacyr freitas,Não classificado,Segunda,2026-07,28
57712,Público,Duvida referente a alteração de tipologia ,2026-07-09,Matheus Pulcinelli,Dúvidas,Alta,Resolvido,ESTILO ENGENHARIA DO ALUMINIO,jacyr freitas,Não classificado,Quinta,2026-07,28
57075,Público,Duvida referente a salvar relatorio ,2026-07-01,Matheus Pulcinelli,Nuvem Cloud,Alta,Resolvido,FUTURAL ALUMINIO,Compras Futural Alumínio,Empresa,Quarta,2026-07,27
57900,Público,Erro de comunicação com o banco ,2026-07-13,Matheus Pulcinelli,Erros,Alta,Resolvido,VERLY ESQUADRIAS,Stefany Famulak,Empresa,Segunda,2026-07,29
57632,Público,Duvida referente a cadastro de vidros + envio de tutoriais ,2026-07-08,Matheus Pulcinelli,Dúvidas,Alta,Resolvido,VIDRACARIA SCHUCHARDT,Fernanda,Empresa,Quarta,2026-07,28
57066,Público,Atalho do sistema em Rede,2026-07-01,Matheus Pulcinelli,Instalação,Alta,Resolvido,VIDRACARIA SCHUCHARDT,Fernanda,Empresa,Quarta,2026-07,27
57122,Público,Mapeamento + criação de usuario ,2026-07-01,Matheus Pulcinelli,Instalação,Alta,Resolvido,VIDRACARIA SCHUCHARDT,Fernanda,Empresa,Quarta,2026-07,27
57320,Público,Criação de usuarios/funcionarios ,2026-07-03,Matheus Pulcinelli,Dúvidas,Alta,Resolvido,VIDRACARIA SCHUCHARDT,Fernanda,Empresa,Sexta,2026-07,27
57233,Público,Existencia de material MOF,2026-07-02,Matheus Pulcinelli,Dúvidas,Alta,Resolvido,VIDRACARIA SCHUCHARDT,Fernanda,Empresa,Quinta,2026-07,27
57561,Público,Atalho do sistema em Rede,2026-07-07,Matheus Pulcinelli,Instalação,Alta,Resolvido,VIDRACARIA SCHUCHARDT,Fernanda,Empresa,Terça,2026-07,28
57524,Público,Duvida referente ao calculo de orçamento,2026-07-07,Matheus Pulcinelli,Dúvidas,Alta,Resolvido,RD FABRICACOES,Gabrielle,Empresa,Terça,2026-07,28
57024,Público,Duvida referente a mapeamento para outra maquina,2026-06-30,Matheus Pulcinelli,Dúvidas,Alta,Resolvido,VIDRACARIA SCHUCHARDT,Fernanda,Empresa,Terça,2026-06,27
57715,Interno,Duvida referente a cadastro de vidros ,2026-07-09,Matheus Pulcinelli,Dúvidas,Alta,Resolvido,ALUDESIGN,Luciane,Empresa,Quinta,2026-07,28
57420,Público,Duvida referente a gerar romaneio ,2026-07-06,Matheus Pulcinelli,Dúvidas,Alta,Resolvido,ALUMINIA PVC (ANTIGO 867),CRISTIAN,Empresa,Segunda,2026-07,28
58504,Público,Erro enviado para análise ao abrir o sistema ,2026-07-21,Matheus Pulcinelli,Erros,Alta,Resolvido,LA ESQUADRIAS DE ALUMINIO,Maicon Departamento Técnico,Empresa,Terça,2026-07,30
58192,Público,Atualização de build ,2026-07-16,Matheus Pulcinelli,Atualização Versão e Build,Alta,Resolvido,VIDROMIX,Maik Vidromix,Empresa,Quinta,2026-07,29
58072,Público,Duvida referente a importar obra,2026-07-15,Matheus Pulcinelli,Dúvidas,Alta,Resolvido,DALMAX,Simone,Empresa,Quarta,2026-07,29
58271,Público,Personalização de relatório feita por suporte,2026-07-17,Matheus Pulcinelli,Dúvidas,Alta,Resolvido,ALUMISANTOS ALUMINIOS,Kauan,Empresa,Sexta,2026-07,29
58306,Público,Atualização de material MOF - ALPA,2026-07-17,Italo Gomes ,Dúvidas,Alta,Resolvido,ESQUADRIAS SCHEIN,Alison Lopes,Empresa,Sexta,2026-07,29
58257,Público,Lucas - MOREIRA ESQUADRIAS,2026-07-17,Italo Gomes ,Melhorias,Alta,Novo,MOREIRA ESQUADRIAS,Lucas,Empresa,Sexta,2026-07,29
58126,Público,Mensagem offline,2026-07-16,Italo Gomes ,Tickets Offline,Média,Em atendimento,ST ALUMINIOS,Guilherme,Empresa,Quinta,2026-07,29
58716,Público,Duvidas referente a atualização do material da Alpa aluminio ,2026-07-23,Davi Barros,Dúvidas,Média,Resolvido,SPIES ESQUADRIAS,Spies Orçamentos,Empresa (Onboarding),Quinta,2026-07,30
58155,Público,Dúvida referente a derrubar usuário,2026-07-16,Giulia Castanho,Dúvidas,Alta,Resolvido,ALUMICONTE,Sidinei Vendas Alumiconte,Empresa,Quinta,2026-07,29
58243,Público,Atualização de build para correção de erro ,2026-07-17,Giulia Castanho,Atualização Versão e Build,Alta,Resolvido,JEL (ANTIGA SEJAL 9926),Edinei,Empresa,Sexta,2026-07,29
58239,Público,Mensagem offline,2026-07-17,Giulia Castanho,Tickets Offline,Média,Resolvido,JEL (ANTIGA SEJAL 9926),Edinei,Empresa,Sexta,2026-07,29
58570,Público,Dúvida referente a usuário preso na obra,2026-07-22,Giulia Castanho,Dúvidas,Alta,Resolvido,JEL (ANTIGA SEJAL 9926),Edinei,Empresa,Quarta,2026-07,30
58557,Público,Dúvida referente a cadastro de cor,2026-07-22,Giulia Castanho,Dúvidas,Alta,Resolvido,NOVO ALUMINIO,Projetos Sevven,Empresa,Quarta,2026-07,30
58542,Público,Offline message,2026-07-22,Giulia Castanho,Tickets Offline,Média,Resolvido,ALUMNIX ESQUADRIAS,Projetos - Alumnix,Empresa,Quarta,2026-07,30
58005,Público,Atualização de build 0707,2026-07-14,Giulia Castanho,Atualização Versão e Build,Alta,Resolvido,VIDRO & CIA,vidroeciabp2,Empresa,Terça,2026-07,29
58074,Público,Offline message,2026-07-15,Giulia Castanho,Tickets Offline,Média,Resolvido,ALUMINOW ESQUADRIAS,ALUMINOW ESQUADRIAS » Alexandre Ribeiro,Empresa,Quarta,2026-07,29
58189,Público,Offline message,2026-07-16,Giulia Castanho,Tickets Offline,Média,Resolvido,SUPORTE VIDROS,Mateus Leite,Empresa,Quinta,2026-07,29
58870,Público,Dúvida referente a criação de condição,2026-07-27,Giulia Castanho,Dúvidas,Alta,Resolvido,MODO ACUSTICO,Aroldo José dos Santos Carvalho,Empresa,Segunda,2026-07,31
58589,Público,Dúvida referente a tabela de preço,2026-07-22,Giulia Castanho,Dúvidas,Alta,Resolvido,ALUBRASA,José Henrique,Empresa,Quarta,2026-07,30
58623,Público,Dúvida referente a romaneio de perfis,2026-07-22,Giulia Castanho,Dúvidas,Alta,Resolvido,ALUC,Alex,Empresa,Quarta,2026-07,30
58536,Público,Mensagem offline,2026-07-21,Giulia Castanho,Tickets Offline,Média,Resolvido,ALUMITEX IND. E COM(CEMMOBI),ALUMITEX,Empresa (CEMMOBI),Terça,2026-07,30
58576,Público,Dúvida referente a salvar arquivo cloud,2026-07-22,Giulia Castanho,Nuvem Cloud,Alta,Resolvido,SMART METAL,LUIZ QUADROS,Empresa,Quarta,2026-07,30
58140,Público,Dúvida referente a ajustar valor total de venda,2026-07-16,Giulia Castanho,Dúvidas,Alta,Resolvido,RD FABRICACOES,Sá - RD,Empresa,Quinta,2026-07,29
58769,Público,Duvidas referente a erro para abrir o sistema ,2026-07-24,Giulia Castanho,Erros,Média,Resolvido,RD FABRICACOES,Sá - RD,Empresa,Sexta,2026-07,30
58012,Público,Dúvida referente a nivel de acesso,2026-07-14,Giulia Castanho,Dúvidas,Alta,Resolvido,SQUALUX,Marcelo Dutra,Empresa,Terça,2026-07,29
58305,Público,Dúvida referente a salvar croqui no orçamento,2026-07-17,Giulia Castanho,Dúvidas,Alta,Resolvido,INOVAR,Orçamento Inovar - Eliane,Empresa,Sexta,2026-07,29
58077,Público,Offline message,2026-07-15,Giulia Castanho,Tickets Offline,Média,Resolvido,INOVAR,Orçamento Inovar - Eliane,Empresa,Quarta,2026-07,29
58661,Público,Dúvida referente a desbloqueio de espessura + cadastro de vidro,2026-07-23,Giulia Castanho,Dúvidas,Alta,Resolvido,INOVAR,Orçamento Inovar - Eliane,Empresa,Quinta,2026-07,30
58014,Público,Instalação de estrutura separada,2026-07-14,Giulia Castanho,Instalação,Alta,Resolvido,RD FABRICACOES,Gabrielle,Empresa,Terça,2026-07,29
58318,Público,Envio de documento para criação de tipologia,2026-07-17,Giulia Castanho,Dúvidas,Alta,Resolvido,VIDRACARIA SCHUCHARDT,Fernanda,Empresa,Sexta,2026-07,29
58302,Público,Separação de licença,2026-07-17,Giulia Castanho,Dúvidas,Alta,Resolvido,VIDRACARIA SCHUCHARDT,Fernanda,Empresa,Sexta,2026-07,29
58297,Público,Dúvida referente a erro de calculo,2026-07-17,Giulia Castanho,Dúvidas,Alta,Resolvido,VIDRACARIA SCHUCHARDT,Fernanda,Empresa,Sexta,2026-07,29
58113,Público,Dúvida referente a filtro na obra,2026-07-15,Giulia Castanho,Dúvidas,Alta,Resolvido,ALLPRIME,REINALDO,Empresa,Quarta,2026-07,29
58237,Público,Offline message,2026-07-16,Giulia Castanho,Tickets Offline,Média,Resolvido,VIDRACARIA SCHUCHARDT,Fernanda,Empresa,Quinta,2026-07,29
58864,Público,Offline message,2026-07-27,Giulia Castanho,Tickets Offline,Média,Resolvido,JM ESQUADRIAS DE ALUMINIO E VIDRACARIA EM GERAL,Denilson Ferreira,Empresa,Segunda,2026-07,31
58757,Público,Transferencia de departamento - ouvidoria,2026-07-24,Giulia Castanho,Transferência de Departamento,Alta,Resolvido,ESQUADROMINAS,Jaredy Soares,Empresa,Sexta,2026-07,30
58073,Público,Offline message,2026-07-15,Giulia Castanho,Tickets Offline,Média,Resolvido,UNIT ENGENHARIA CONSTRUCOES E CONSULTORIA(ANTIGO 11454),Jack Kohlhase,Empresa,Quarta,2026-07,29
58541,Público,Offline message,2026-07-22,Giulia Castanho,Tickets Offline,Média,Resolvido,BETA BOX,Beta Box Esquadrias,Empresa,Quarta,2026-07,30
58270,Público,Dúvida referente a atualização de vidro,2026-07-17,Giulia Castanho,Dúvidas,Alta,Resolvido,VAL AÇO PWJ,Edson Galdino Vieira,Atendimento CEM EXCLUSIVE,Sexta,2026-07,29
58633,Público,Offline message,2026-07-23,Giulia Castanho,Tickets Offline,Média,Resolvido,INOVAR,Pamela Thais,Empresa,Quinta,2026-07,30
58611,Público,Problema no banco ( vai acionar amanhã ),2026-07-22,Giulia Castanho,Erros,Alta,Resolvido,INOVAR,Pamela Thais,Empresa,Quarta,2026-07,30
58172,Público,Transferencia de departamento - relatórios personalizados,2026-07-16,Giulia Castanho,Transferência de Departamento,Alta,Resolvido,ALUMIPRO ESQUADRIAS,Vitória,Empresa,Quinta,2026-07,29
58109,Público,Dúvida referente a instabilidade no CLOUD,2026-07-15,Giulia Castanho,Dúvidas,Alta,Resolvido,MINIMALIST ESQUADRIAS,Kayury Freitas,Empresa,Quarta,2026-07,29
58078,Público,Offline message,2026-07-15,Giulia Castanho,Tickets Offline,Média,Resolvido,NELSON VIDROS,Nelsinho,Empresa,Quarta,2026-07,29
58629,Público,Erro de banco,2026-07-22,Giulia Castanho,Erros,Alta,Resolvido,INOVAR,Renato,Empresa,Quarta,2026-07,30
58232,Público,Offline message ,2026-07-16,Giulia Castanho,Tickets Offline,Média,Resolvido,VIDRACARIA ATUAL,Nágela - Vidraçaria Atual,Empresa,Quinta,2026-07,29
58026,Público,Dúvida referente a deixar obra em produção,2026-07-14,Giulia Castanho,Dúvidas,Alta,Resolvido,GRUPO VAX (ANTIGO 6687),Veronica/ Thaina,Não classificado,Terça,2026-07,29
58861,Público,Offline message,2026-07-27,Giulia Castanho,Tickets Offline,Média,Resolvido,Dyan Esquadrias de Alumínio Ltda,Henrique Caravanti,Empresa,Segunda,2026-07,31
58226,Público,Firebird desinstalado,2026-07-16,Giulia Castanho,Erros,Alta,Resolvido,PERFIL CENTER LTDA,Anderson Rafael  ×?-,Empresa,Quinta,2026-07,29
58292,Público,Offline message,2026-07-17,Giulia Castanho,Tickets Offline,Média,Resolvido,MARCO TOFFOLI,Maria Eduarda,Empresa,Sexta,2026-07,29
58134,Público,Dúvida referente a opções de montagem,2026-07-16,Giulia Castanho,Dúvidas,Alta,Resolvido,MARCO TOFFOLI,Maria Eduarda,Empresa,Quinta,2026-07,29
58269,Público,Atualização de build + material,2026-07-17,Giulia Castanho,Atualização Versão e Build,Alta,Resolvido,SANTANA ESQUADRIAS M,Fernanda,Empresa,Sexta,2026-07,29
58538,Público,Offline message,2026-07-21,Giulia Castanho,Tickets Offline,Média,Resolvido,SOLUTION SOLUCOES EM ESQUADRIAS DE ALUMINIO,Nikoly Portela,Empresa,Terça,2026-07,30
58587,Público,Dúvida referente a erro de cálculo,2026-07-22,Giulia Castanho,Dúvidas,Alta,Resolvido,QUALUX FACHADAS,Daniele,Empresa,Quarta,2026-07,30
58717,Público,Obra duplicada por conta de erro,2026-07-23,Giulia Castanho,Dúvidas,Alta,Resolvido,INOVAR,DOUGLAS,Empresa,Quinta,2026-07,30
58729,Público,Offline message,2026-07-23,Giulia Castanho,Tickets Offline,Média,Resolvido,CONCEPT ALUMINIUM,Vini L.,Empresa,Quinta,2026-07,30
58128,Público,Offline message,2026-07-16,Giulia Castanho,Tickets Offline,Média,Resolvido,GRUPO VAX (Antiga 6687),João,Empresa,Quinta,2026-07,29
58601,Público,Dúvida referente a opções de montagem de relatório,2026-07-22,Giulia Castanho,Dúvidas,Alta,Resolvido,ENGEPRO INDUSTRIA E COMERCIO DE ESQUADRIAS LTDA,Carlos Klein,Não classificado,Quarta,2026-07,30
58212,Público,Transferência de departamento- faktory,2026-07-16,Giulia Castanho,Transferência de Departamento,Alta,Resolvido,UNIBOX,Marcos,Empresa,Quinta,2026-07,29
58079,Público,Offline message,2026-07-15,Giulia Castanho,Tickets Offline,Média,Resolvido,ALUMISHOW,Gabriel -  Engenharia,Empresa,Quarta,2026-07,29
58124,Público,Offline message,2026-07-15,Giulia Castanho,Tickets Offline,Média,Resolvido,UNIT ENGENHARIA CONSTRUCOES E CONSULTORIA(ANTIGO 11454),Herbênio Vs esquadrias,Empresa,Quarta,2026-07,29
58167,Público,Instalação de atalho em rede,2026-07-16,Giulia Castanho,Instalação,Alta,Resolvido,VITRALI ESQUADRIAS,LUCAS QUEIROZ,Empresa,Quinta,2026-07,29
58158,Público,Instalação de atalho em rede,2026-07-16,Giulia Castanho,Instalação,Alta,Resolvido,VITRALI ESQUADRIAS,LUCAS QUEIROZ,Empresa,Quinta,2026-07,29
58265,Público,Instalação de porta de firebird,2026-07-17,Giulia Castanho,Instalação,Alta,Resolvido,ALUMAN,WELLINGTON PARANAGUA,Empresa,Sexta,2026-07,29
58235,Público,Offline message,2026-07-16,Giulia Castanho,Tickets Offline,Média,Resolvido,BP GLASS,Agatha Carolina,Empresa,Quinta,2026-07,29
58732,Público,Offline message,2026-07-24,Giulia Castanho,Tickets Offline,Média,Resolvido,ST ALUMINIOS,Willis,Empresa,Sexta,2026-07,30
58731,Público,Mensagem offline,2026-07-24,Giulia Castanho,Tickets Offline,Média,Resolvido,MASTER ESQUADRIAS DE ALUMINIO,Anderson Viana,Empresa,Sexta,2026-07,30
58803,Público,Transferencia de departamento - relatórios personalizados,2026-07-24,Giulia Castanho,Transferência de Departamento,Alta,Resolvido,MASTER ESQUADRIAS DE ALUMINIO,Anderson Viana,Empresa,Sexta,2026-07,30
58076,Público,Mensagem offline,2026-07-15,Giulia Castanho,Tickets Offline,Média,Resolvido,BP GLASS,Hércules Sousa,Empresa,Quarta,2026-07,29
58594,Público,Offline message,2026-07-22,Giulia Castanho,Tickets Offline,Média,Resolvido,VIDRAÇARIA UNIÃO,Felyphy Silva,Empresa,Quarta,2026-07,30
58537,Público,Mensagem offline,2026-07-21,Giulia Castanho,Tickets Offline,Média,Resolvido,ALUBAUEN,Denis,Empresa,Terça,2026-07,30
58569,Público,Dúvida referente a reativar usuário + API,2026-07-22,Giulia Castanho,Dúvidas,Alta,Resolvido,VM ESQUADRIAS EM ALUMINIO,Arquiteta Thais Alves | VM Esquadrias,Empresa,Quarta,2026-07,30
58736,Público,Dúvida referente a precificação de vidro,2026-07-24,Giulia Castanho,Dúvidas,Alta,Resolvido,ESQUADRIMAXXI ESQUADRIAS DE ALUMINIO,Ariana,Empresa,Sexta,2026-07,30
58860,Público,Offline message,2026-07-27,Giulia Castanho,Tickets Offline,Média,Resolvido,CIA DO VIDRO,Gabriel Silva,Empresa,Segunda,2026-07,31
58760,Público,Solicitação de liberação de material MOF,2026-07-24,Giulia Castanho,Dúvidas,Alta,Resolvido,AGM ESQUADRIAS,MOISES - AGM ESQUADRIAS,Empresa,Sexta,2026-07,30
58127,Público,Offline message,2026-07-16,Giulia Castanho,Tickets Offline,Média,Resolvido,INOVAR ESQUADRIAS E VIDROS LTDA,Inovar Esquadrias Comercial,Atendimento CEM EXCLUSIVE,Quinta,2026-07,29
58206,Público,Dúvida referente a derrubar usuário,2026-07-16,Giulia Castanho,Dúvidas,Alta,Resolvido,INOVAR ESQUADRIAS E VIDROS LTDA,Inovar Esquadrias Comercial,Atendimento CEM EXCLUSIVE,Quinta,2026-07,29
58595,Público,Offline message,2026-07-22,Giulia Castanho,Tickets Offline,Média,Resolvido,LEO FERRAGENS,Léo Vidro e Esquadria (Comercial),Empresa,Quarta,2026-07,30
58188,Público,Offline message,2026-07-16,Giulia Castanho,Tickets Offline,Média,Resolvido,ELETROVIDROS,Maria Luisa,Empresa (Onboarding),Quinta,2026-07,29
58763,Público,Lentidão no sistema + chat inativo,2026-07-24,Giulia Castanho,Erros,Alta,Resolvido,ST ALUMINIOS,Alan Costa,Empresa,Sexta,2026-07,30
58702,Público,Agendamento de atualização de versão,2026-07-23,Giulia Castanho,Dúvidas,Alta,Resolvido,ITEFAL,.,Atendimento CEM EXCLUSIVE,Quinta,2026-07,30
58707,Público,Atualização de build 0707,2026-07-23,Giulia Castanho,Atualização Versão e Build,Alta,Resolvido,ITEFAL,.,Atendimento CEM EXCLUSIVE,Quinta,2026-07,30
59128,Público,Dúvida referente a alteração de condições de verificação,2026-07-30,Diogo Rodrigues,Dúvidas,Alta,Resolvido,INSTALAR VIDROS (CARVALHO VIDROS(7150)),Gruber,Empresa,Quinta,2026-07,31
59009,Público,Transferência de departamento Financeiro + Chat inativo,2026-07-29,Diogo Rodrigues,Transferência de Departamento,Alta,Resolvido,IMPERIAL GLASS(CEMMOBI),Renné Fabian,Empresa (CEMMOBI),Quarta,2026-07,31
58980,Público,Duvida referente a seleção de tipo de vidro + Vai chamar novamente,2026-07-28,Diogo Rodrigues,Chat Inativo,Baixa,Resolvido,MF ESQUADRIAS E VIDROS,MF Esquadrias E Vidros,Empresa,Terça,2026-07,31
58890,Público,Chat inativo,2026-07-27,Diogo Rodrigues,Chat Inativo,Baixa,Resolvido,MARIO CELSO DE LIMA,Mario Celso De Lima,Empresa,Segunda,2026-07,31
58379,Público,Queda do EGCLOUD 5,2026-07-20,Diogo Rodrigues,Nuvem Cloud,Alta,Resolvido,METALGLASS ESQUADRIAS DE ALUMINIO (ANTIGO 8073),Josianne Metal Glass Esquadrias,Empresa,Segunda,2026-07,30
58823,Público,Josema - GLASSTEX,2026-07-27,Pazzis Gamboa,Dúvidas,Alta,Resolvido,GLASSTEX,Josema,Empresa (Mercosul),Segunda,2026-07,31
58856,Público,Instalação de base zerada,2026-07-27,Gabriel Campos,Instalação,Alta,Resolvido,MARIO CELSO DE LIMA,Mario Celso De Lima,Empresa,Segunda,2026-07,31
58261,Público,Dúvida referente a emissão de relatório,2026-07-17,Gabriel Campos,Dúvidas,Alta,Resolvido,VIDRACARIA ATUAL,Nágela - Vidraçaria Atual,Empresa,Sexta,2026-07,29
58055,Público,Dúvida referente a cadastro de vidro,2026-07-15,Gabriel Campos,Dúvidas,Alta,Resolvido,NOVA VIDROS,Pedro Henrique,Empresa,Quarta,2026-07,29
58211,Público,Erro de conexão com a internet ,2026-07-16,Gabriel Campos,Erros,Alta,Resolvido,BELLA ESQUADRIAS,Eliana,Empresa,Quinta,2026-07,29
58080,Público,Dúvida referente a editar obra de produção ,2026-07-15,Gabriel Campos,Dúvidas,Alta,Resolvido,ALUMISHOW,Gabriel -  Engenharia,Empresa,Quarta,2026-07,29
58356,Público,Queda de servidor (CLOUD - 5),2026-07-20,Gabriel Campos,Nuvem Cloud,Alta,Resolvido,GRUPO VAX (Antiga 6687),João,Empresa,Segunda,2026-07,30
58523,Público,Transferência de departamento - Faktory,2026-07-21,Gabriel Campos,Transferência de Departamento,Alta,Resolvido,VIDRO BOX (MS - TRÊS LAGOAS),Arthur,Empresa,Terça,2026-07,30
58613,Público,Dúvida referente a sistema em nuvem (Azure),2026-07-22,Gabriel Campos,Dúvidas,Alta,Resolvido,VIDRATTA,Felipe Abreu,Empresa,Quarta,2026-07,30
58972,Público,Dúvida referente a aplicar tabela de preço,2026-07-28,Gabriel Campos,Dúvidas,Alta,Resolvido,PAGOTTO ALUMINIO,Robert,Empresa,Terça,2026-07,31
58904,Público,Dúvida referente a precificação de componentes + tabela orientativa + transferência de comercial ,2026-07-28,Gabriel Campos,Dúvidas,Alta,Resolvido,PAGOTTO ALUMINIO,Robert,Empresa,Terça,2026-07,31
58936,Público,Dúvida referente a tabela de preços ,2026-07-28,Gabriel Campos,Dúvidas,Alta,Resolvido,PAGOTTO ALUMINIO,Robert,Empresa,Terça,2026-07,31
58895,Público,Agendamento de atendimento ao cliente ,2026-07-27,Gabriel Campos,Dúvidas,Alta,Resolvido,PAGOTTO ALUMINIO,Robert,Empresa,Segunda,2026-07,31
58786,Público,Dúvida referente a formula do Tampedaco,2026-07-24,Gabriel Campos,Dúvidas,Alta,Resolvido,FASTDOOR PORTAS AUTOMATICAS,Thaís Freitas,Não classificado,Sexta,2026-07,30
58022,Público,Dúvida referente a item simplificado no orçamento,2026-07-14,Gabriel Campos,Dúvidas,Alta,Resolvido,FASTDOOR PORTAS AUTOMATICAS,Thaís Freitas,Não classificado,Terça,2026-07,29
58046,Público,Dúvida referente a alterar m2 de vidro nos itens simplificados (Melhoria),2026-07-15,Gabriel Campos,Erros,Alta,Resolvido,FASTDOOR PORTAS AUTOMATICAS,Thaís Freitas,Não classificado,Quarta,2026-07,29
58511,Público,Dúvida referente a desbloqueio de espessura de vidros ,2026-07-21,Gabriel Campos,Dúvidas,Alta,Resolvido,MARCO TOFFOLI,Maria Eduarda,Empresa,Terça,2026-07,30
58982,Público,Dúvida referente a mapeamento em rede,2026-07-28,Gabriel Campos,Dúvidas,Alta,Resolvido,ALUMIPLUS ITU LTDA,Paulinho,Empresa,Terça,2026-07,31
58742,Público,Erro de licença + chat inativo ,2026-07-24,Gabriel Campos,Erros,Alta,Resolvido,GRUPO VAX (ANTIGO 6687),Lucas Bravin,Não classificado,Sexta,2026-07,30
58307,Público,Ariane - VÃO FINO ESQUADRIAS DE ALUMINIO,2026-07-17,Gabriel Campos,Dúvidas,Alta,Em atendimento,VÃO FINO ESQUADRIAS DE ALUMINIO,Ariane,Empresa,Sexta,2026-07,29
58045,Público,Dúvida referente a desbloqueio de espessura de vidros + alterar medidas da tipologia ,2026-07-15,Gabriel Campos,Dúvidas,Alta,Resolvido,RD FABRICACOES,Sá - RD,Empresa,Quarta,2026-07,29
58522,Público,Dúvida referente a cadastrar logotipo,2026-07-21,Gabriel Campos,Dúvidas,Alta,Resolvido,GOVIDROS,Marcio Vieira,Empresa,Terça,2026-07,30
58344,Público,Atualização de materiais MOF (Base/Base Orçamento e Belmetal),2026-07-20,Gabriel Campos,Dúvidas,Alta,Resolvido,GOVIDROS,Marcio Vieira,Empresa,Segunda,2026-07,30
58513,Público,Dúvida referente a importar tipologia,2026-07-21,Gabriel Campos,Dúvidas,Alta,Resolvido,JEL (ANTIGA SEJAL 9926),Michele,Empresa,Terça,2026-07,30
58262,Público,Solicitação de projeto + atalho em rede,2026-07-17,Gabriel Campos,Dúvidas,Alta,Resolvido,VIDRACARIA SCHUCHARDT,Fernanda,Empresa,Sexta,2026-07,29
58501,Público,Dúvida referente a erro de calculo (Medidas da tipologia + troca de tipologia),2026-07-21,Gabriel Campos,Dúvidas,Alta,Resolvido,INOVAR,Orçamento Inovar - Eliane,Empresa,Terça,2026-07,30
58229,Público,Solicitação de projeto,2026-07-16,Gabriel Campos,Dúvidas,Alta,Resolvido,ALLPRIME,Iori Castro,Empresa,Quinta,2026-07,29
58208,Público,Dúvida referente a cadastrar tipo de vidro,2026-07-16,Gabriel Campos,Dúvidas,Alta,Resolvido,UNIQUE,Andressa Lima - Projetos e Orçamentos,Empresa,Quinta,2026-07,29
58679,Público,Dúvida referente a cadastrar perfis por metro,2026-07-23,Gabriel Campos,Dúvidas,Alta,Resolvido,UNIQUE,Andressa Lima - Projetos e Orçamentos,Empresa,Quinta,2026-07,30
58090,Público,Dúvida referente a tipologia de lambri com veneziana ,2026-07-15,Gabriel Campos,Dúvidas,Alta,Resolvido,FINESTRA & CIA,Finestra Esquadrias de Alumínio,Não classificado,Quarta,2026-07,29
58446,Público,Dúvida referente a alterar rodapé dos relatórios ,2026-07-20,Gabriel Campos,Dúvidas,Alta,Resolvido,PLENITUDE GLASS,Mariano Moraes - Depto Técnico RBG Soluções em Vidro e Alumínio,Empresa,Segunda,2026-07,30
58508,Público,Transferência de departamento - Relatório ,2026-07-21,Gabriel Campos,Transferência de Departamento,Alta,Resolvido,PLENITUDE GLASS,Mariano Moraes - Depto Técnico RBG Soluções em Vidro e Alumínio,Empresa,Terça,2026-07,30
58451,Público,Agendamento de atendimento ao cliente ,2026-07-20,Gabriel Campos,Dúvidas,Alta,Resolvido,ALUBRASA,José Henrique,Empresa,Segunda,2026-07,30
58979,Público,Transferência de departamento - Financeiro,2026-07-28,Gabriel Campos,Transferência de Departamento,Alta,Resolvido,NOBRE ALUMINIO,Orçamentos Nobre Alumínio,Empresa,Terça,2026-07,31
58401,Público,Dúvida referente a existência de contramarco na linha Perfetta Minimalista (DECAMP),2026-07-20,Gabriel Campos,Dúvidas,Alta,Resolvido,NOVO ALUMINIO,Projetos Sevven,Empresa,Segunda,2026-07,30
58697,Público,Dúvida referente a cadastro de vidro,2026-07-23,Gabriel Campos,Dúvidas,Alta,Resolvido,USIMINAS SERRALHERIA,Vinícius Santos Arquitetura,Não classificado,Quinta,2026-07,30
58714,Público,Chat inativo,2026-07-23,Gabriel Campos,Chat Inativo,Baixa,Resolvido,ALUMICONTE,Sidinei Vendas Alumiconte,Empresa,Quinta,2026-07,30
58385,Público,Dúvida referente a calcular todos os itens (CTRL+R),2026-07-20,Gabriel Campos,Dúvidas,Alta,Resolvido,JEL (ANTIGA SEJAL 9926),Edinei,Empresa,Segunda,2026-07,30
58057,Público,Dúvida referente a importar para o Faktory,2026-07-15,Gabriel Campos,Dúvidas,Alta,Resolvido,CRJ ESQUADRIAS DE ALUMINIO (ANTIGO 1215),TATIANE,Empresa,Quarta,2026-07,29
58138,Público,Dúvida referente a cadastrar usuário ,2026-07-16,Gabriel Campos,Dúvidas,Alta,Resolvido,ESQUADRIAS SCHEID,Mônica,Empresa,Quinta,2026-07,29
58178,Público,Erro de licença,2026-07-16,Gabriel Campos,Erros,Alta,Resolvido,FERREIRA CAMARGO VIDROS E ALUMINIOS,Ferreira Camargo I Controladoria,Empresa,Quinta,2026-07,29
58625,Público,Reinstalação de sistema + mapeamento em rede,2026-07-22,Gabriel Campos,Instalação,Alta,Resolvido,PREMIUM ESQUADRIAS,Bruno Mayer,Empresa,Quarta,2026-07,30
58687,Público,Chat inativo,2026-07-23,Gabriel Campos,Chat Inativo,Baixa,Resolvido,ST ALUMINIOS,Alan Costa,Empresa,Quinta,2026-07,30
58341,Público,Dúvida referente a integração com o Faktory,2026-07-20,Gabriel Campos,Dúvidas,Alta,Resolvido,CRJ ESQUADRIAS DE ALUMINIO (ANTIGO 1215),RAYANE,Empresa,Segunda,2026-07,30
58246,Público,Dúvida referente a acabamento dentro da obra (Precificação) ,2026-07-17,Gabriel Campos,Dúvidas,Alta,Resolvido,ALUTECH ESQUADRIAS DE ALUMINIO,Matheus Rocha - Consultor De Vendas - ALLTUS Aluminium,Empresa,Sexta,2026-07,29
58360,Público,Transferência de departamento - Financeiro,2026-07-20,Gabriel Campos,Transferência de Departamento,Alta,Resolvido,PERFFEC ESQUADRIAS E VIDROS,"Oaski, Gleidson",Empresa,Segunda,2026-07,30
58174,Público,Chat inativo,2026-07-16,Gabriel Campos,Chat Inativo,Baixa,Resolvido,ALUMIARTE ALUMINIO,Mauricio,Empresa,Quinta,2026-07,29
58180,Público,Dúvida referente a gerar obra de produção ,2026-07-16,Gabriel Campos,Dúvidas,Alta,Resolvido,FORTGLASS SOLUCOES EM VIDROS E ESQUADRIAS (ANTIGA 9445),Ruan,Atendimento CEM EXCLUSIVE,Quinta,2026-07,29
58643,Público,Dúvida referente a reinstalação de sistema + chat inativo,2026-07-23,Gabriel Campos,Dúvidas,Alta,Resolvido,ST ALUMINIOS,kellyson,Empresa,Quinta,2026-07,30
58618,Público,Reinstalação de sistema + mapeamento em rede,2026-07-22,Gabriel Campos,Instalação,Alta,Resolvido,PREMIUM  ESQUADRIAS,Douglas,Empresa,Quarta,2026-07,30
58465,Público,Transferência de departamento - Faktory ,2026-07-21,Gabriel Campos,Transferência de Departamento,Alta,Resolvido,ALFA VIDROS,Alfavidros,Empresa,Terça,2026-07,30
58453,Público,Agendamento de atendimento ao cliente ,2026-07-20,Gabriel Campos,Dúvidas,Alta,Resolvido,ALFA VIDROS,Alfavidros,Empresa,Segunda,2026-07,30
58294,Público,Erro ao abrir obra ,2026-07-17,Gabriel Campos,Erros,Alta,Resolvido,LIBRIAN,Lucas Calzoni,Não classificado,Sexta,2026-07,29
58412,Público,Atualização de material MOF (Hydro) correção de erro de calculo ,2026-07-20,Gabriel Campos,Dúvidas,Alta,Resolvido,JEL (ANTIGA SEJAL 9926),Luiza Cavalheiro,Empresa,Segunda,2026-07,30
58422,Público,Dúvida referente a formula do Tampedaco,2026-07-20,Gabriel Campos,Dúvidas,Alta,Resolvido,GRUPO METAL CORES,Yasmin Carvalho,Empresa,Segunda,2026-07,30
58304,Público,Agendamento de atualização de material ,2026-07-17,Gabriel Campos,Dúvidas,Alta,Resolvido,JEL (ANTIGA SEJAL 9926),Luiza Cavalheiro,Empresa,Sexta,2026-07,29
58671,Público,Dúvida referente a cadastro de vidro (Arredonda pra cima),2026-07-23,Gabriel Campos,Dúvidas,Alta,Resolvido,ESQUADRIAS LONDRINA,kauana Withoft,Empresa,Quinta,2026-07,30
58602,Público,Chat inativo,2026-07-22,Gabriel Campos,Chat Inativo,Baixa,Resolvido,ESQUADRIAS LONDRINA,kauana Withoft,Empresa,Quarta,2026-07,30
58636,Público,Atualização de versão 0414 > 0707 ,2026-07-23,Gabriel Campos,Atualização Versão e Build,Alta,Resolvido,ESQUADRIMAR,Vinicius,Empresa,Quinta,2026-07,30
58785,Público,Atualização de materiais MOF (Tamboré),2026-07-24,Gabriel Campos,Dúvidas,Alta,Resolvido,AGM ESQUADRIAS,MOISES - AGM ESQUADRIAS,Empresa,Sexta,2026-07,30
58781,Público,Atualização de materiais MOF (Materiais Base - Orçamento),2026-07-24,Gabriel Campos,Dúvidas,Alta,Resolvido,MAGOSIL ESQUADRIAS METALICAS,Juliana Bispo _,Empresa,Sexta,2026-07,30
58352,Público,Queda de servidor (CLOUD - 5),2026-07-20,Gabriel Campos,Nuvem Cloud,Alta,Resolvido,A.F.P CONSTRUTORA E ESQUADRIAS,Jonathan Cordeiro,Não classificado,Segunda,2026-07,30
58598,Público,Dúvida referente a alterar informações do rodapé,2026-07-22,Gabriel Campos,Dúvidas,Alta,Resolvido,LEO FERRAGENS,Léo Vidro e Esquadria (Comercial),Empresa,Quarta,2026-07,30
58348,Público,Atalho em rede + chat inativo ,2026-07-20,Gabriel Campos,Instalação,Alta,Resolvido,ORIENTAL ESQUADRIAS DE ALUMINIO,Oriental Compras Dalvana,Empresa,Segunda,2026-07,30
58592,Público,Solicitação de projeto,2026-07-22,Gabriel Campos,Dúvidas,Alta,Resolvido,MAGOSIL ESQUADRIAS METALICAS,Juliana Bispo _,Empresa,Quarta,2026-07,30
59762,Público,Dúvida referente a republicar pastas,2026-08-10,Gabriel Campos,Nuvem Cloud,Alta,Resolvido,ALLPRIME,Adriana - Allprime,Atendimento CEM EXCLUSIVE,Segunda,2026-08,33
59957,Público,Agendamento de atendimento ao cliente ,2026-08-11,Gabriel Campos,Dúvidas,Alta,Resolvido,ALLPRIME,Adriana - Allprime,Atendimento CEM EXCLUSIVE,Terça,2026-08,33
59981,Público,Erro referente a emissão de relatórios ,2026-08-12,Gabriel Campos,Erros,Alta,Resolvido,ALLPRIME,Adriana - Allprime,Atendimento CEM EXCLUSIVE,Quarta,2026-08,33
59481,Público,Personalização de relatórios (Suporte),2026-08-05,Gabriel Campos,Dúvidas,Alta,Resolvido,VIDROMIX,Leonardo/Bruno/Caio,Empresa,Quarta,2026-08,32
58999,Público,Instalação de estrutura separada ,2026-07-29,Gabriel Campos,Instalação,Alta,Resolvido,ST ALUMINIOS,Alan Costa,Empresa,Quarta,2026-07,31
58755,Interno,Atualização de materiais MOF (Materiais Base),2026-07-24,Gabriel Campos,Dúvidas,Alta,Resolvido,VETRO ESQUADRIAS,Saulo,Empresa,Sexta,2026-07,30
58943,Público,Dúvida referente localização do servidor ,2026-07-28,Gabriel Campos,Dúvidas,Alta,Resolvido,ATENUA SOM,OPTEC  DATA CENTER,Empresa,Terça,2026-07,31
59227,Público,Ajuste em relatórios personalizado (Suporte),2026-07-31,Gabriel Campos,Dúvidas,Alta,Resolvido,REVISAR,André Luiz,Empresa,Sexta,2026-07,31
59068,Público,Transferencia de departamento - Comercial + chat inativo,2026-07-29,Giovana de Miranda,Transferência de Departamento,Alta,Resolvido,ALUVIN,Gabriel Angelin(ALUVIN  Terceirizado),Empresa,Quarta,2026-07,31
59021,Público,Atualização de material ALUPRIME e TAMBORE + criar usuario,2026-07-29,Giovana de Miranda,Dúvidas,Alta,Resolvido,ALUVIN,Gabriel Angelin(ALUVIN  Terceirizado),Empresa,Quarta,2026-07,31
59550,Público,Dúvida referente a manutenção de cadastros,2026-08-05,Giovana de Miranda,Dúvidas,Alta,Resolvido,ALUVIN,Gabriel Angelin(ALUVIN  Terceirizado),Empresa,Quarta,2026-08,32
58985,Público,Transferencia de departamento - produtos,2026-07-28,Giovana de Miranda,Transferência de Departamento,Alta,Resolvido,ALUNOBRE - ES,Bruno Zorzaneli Thomazi,Empresa,Terça,2026-07,31
58709,Público,Transferencia de departamento - relatorios personalizados,2026-07-23,Giovana de Miranda,Transferência de Departamento,Alta,Resolvido,ELLO,Raphael Dantas,Empresa,Quinta,2026-07,30
59878,Público,Dúvida referente à solicitação de liberação de materiais ,2026-08-11,Giovana de Miranda,Dúvidas,Alta,Resolvido,ALLPRIME,Adriana - Allprime,Atendimento CEM EXCLUSIVE,Terça,2026-08,33
59332,Público,Configuração de servidor (nova estancia) + chat inativo,2026-08-03,Giovana de Miranda,Instalação,Alta,Resolvido,MULTBOX ESQUADRIAS E TEMPERADOS (Antiga 709),andre,Empresa,Segunda,2026-08,32
59327,Público,Mensagem offline,2026-08-03,Giovana de Miranda,Tickets Offline,Média,Resolvido,MULTBOX ESQUADRIAS E TEMPERADOS (Antiga 709),andre,Empresa,Segunda,2026-08,32
58103,Público,Dúvida referente a criação + chat inativo,2026-07-15,Giovana de Miranda,Dúvidas,Alta,Resolvido,MAGOSIL ESQUADRIAS METALICAS,Juliana Bispo _,Empresa,Quarta,2026-07,29
58338,Público,Offline message,2026-07-20,Giovana de Miranda,Tickets Offline,Média,Resolvido,CAMPOS ALTOS ESQUADRIAS,Estéfane Souza,Empresa,Segunda,2026-07,30
58067,Público,Atualização de material Hydro,2026-07-15,Giovana de Miranda,Dúvidas,Alta,Resolvido,A FUNCIONAL VIDROS,Kelvin Mendes - Meet Tecnologia,Empresa,Quarta,2026-07,29
58151,Público,Atualização de materiais ,2026-07-16,Giovana de Miranda,Dúvidas,Alta,Resolvido,A FUNCIONAL VIDROS,Kelvin Mendes - Meet Tecnologia,Empresa,Quinta,2026-07,29
58821,Público,Atualização de build,2026-07-27,Giovana de Miranda,Atualização Versão e Build,Alta,Resolvido,AMAZON TEMPER,Dpto Técnico - MS Esquadrias,Não classificado,Segunda,2026-07,31
58838,Público,Erro de tela sobreposta,2026-07-27,Giovana de Miranda,Erros,Alta,Resolvido,AMAZON TEMPER,Dpto Técnico - MS Esquadrias,Não classificado,Segunda,2026-07,31
58115,Público,Transferencia de departamento - financeiro,2026-07-15,Giovana de Miranda,Transferência de Departamento,Alta,Resolvido,VIDRACARIA SCHUCHARDT,gil palito,Empresa,Quarta,2026-07,29
58900,Público,Offline message,2026-07-28,Giovana de Miranda,Tickets Offline,Média,Resolvido,ALUTEC DF,Alutec Df,Empresa,Terça,2026-07,31
58487,Público,Dúvida referente a cortes de perfis não cadastrados + chat inativo,2026-07-21,Giovana de Miranda,Dúvidas,Alta,Resolvido,DURANT FACHADAS E ESQUADRIAS,Caio,Empresa,Terça,2026-07,30
58217,Público,Agendamento de atualização de material HYDRO (Linha nova gold),2026-07-16,Giovana de Miranda,Dúvidas,Alta,Resolvido,JEL (ANTIGA SEJAL 9926),Luiza Cavalheiro,Empresa,Quinta,2026-07,29
58411,Público,Ativação de dll para o erro invalid parameter,2026-07-20,Giovana de Miranda,Instalação,Alta,Resolvido,LIBRIAN,Lucas Calzoni,Não classificado,Segunda,2026-07,30
58460,Público,Offline message,2026-07-21,Giovana de Miranda,Tickets Offline,Média,Resolvido,ALFA VIDROS,Alfavidros,Empresa,Terça,2026-07,30
58403,Público,Agendamento de atendimento ao cliente,2026-07-20,Giovana de Miranda,Dúvidas,Alta,Resolvido,ST ALUMINIOS,kellyson,Empresa,Segunda,2026-07,30
58658,Público,Reinstalação do sistema + Atualização de build do Smart + Instalação de CEM HOMOLOGAÇÂO,2026-07-23,Giovana de Miranda,Instalação,Alta,Resolvido,ALUMASA,Henrique,Empresa,Quinta,2026-07,30
58665,Público,Reinstalação Smart CEM,2026-07-23,Giovana de Miranda,Instalação,Alta,Resolvido,ALUMASA,Henrique Cesconetto,Empresa,Quinta,2026-07,30
58136,Público,Atalho do sistema em rede,2026-07-16,Giovana de Miranda,Instalação,Alta,Resolvido,ESQUADRIAS SCHEID,Mônica,Empresa,Quinta,2026-07,29
58034,Público,Offline message,2026-07-15,Giovana de Miranda,Tickets Offline,Média,Resolvido,ST ALUMINIOS,Thiago,Empresa,Quarta,2026-07,29
58030,Público,Offline message,2026-07-14,Giovana de Miranda,Tickets Offline,Média,Resolvido,ST ALUMINIOS,Felipe Bidu,Empresa,Terça,2026-07,29
58035,Público,Mensagem offline,2026-07-15,Giovana de Miranda,Tickets Offline,Média,Resolvido,VITRALI ESQUADRIAS,Vitrali,Empresa,Quarta,2026-07,29
58758,Público,Dúvida referente a cadastrar barra especial em cadastro de perfil,2026-07-24,Giovana de Miranda,Dúvidas,Alta,Resolvido,M2 ESQUADRIAS DE ALUMINIO,Andrêza Queiroz,Empresa,Sexta,2026-07,30
58477,Público,Dúvida referente a cadastro de cores de vidros,2026-07-21,Giovana de Miranda,Dúvidas,Alta,Resolvido,USIMINAS SERRALHERIA,Vinícius Santos Arquitetura,Não classificado,Terça,2026-07,30
58827,Público,Atalho do sistema em rede,2026-07-27,Giovana de Miranda,Instalação,Alta,Resolvido,LAF SOROCABA,Giovanna Rocha,Empresa,Segunda,2026-07,31
58534,Público,Dúvida referente a cadastro de kit de vidro,2026-07-21,Giovana de Miranda,Dúvidas,Alta,Resolvido,ESQUADRITEMPER,Marcos,Empresa,Terça,2026-07,30
58130,Público,Teste de ping,2026-07-16,Giovana de Miranda,Instalação,Alta,Resolvido,ESQUADRITEMPER,Marcos,Empresa,Quinta,2026-07,29
59004,Público,Transferencia de departamento - financeiro + chat inativo,2026-07-29,Giovana de Miranda,Transferência de Departamento,Alta,Resolvido,ALUMIVIDROS,Cristiane,Empresa,Quarta,2026-07,31
58118,Público,Configuração de muda valor campo,2026-07-15,Giovana de Miranda,Dúvidas,Alta,Resolvido,ALUMNIX ESQUADRIAS,Projetos - Alumnix,Empresa,Quarta,2026-07,29
58372,Público,Acesso via HTML 5,2026-07-20,Giovana de Miranda,Nuvem Cloud,Alta,Resolvido,ALUSEVEN SERVICOS DE INSTALACAO DE ESQUADRIAS LTDA,Aluseven Orçamentos,Empresa,Segunda,2026-07,30
58588,Público,Personalização de relatório + chat inativo,2026-07-22,Giovana de Miranda,Dúvidas,Alta,Resolvido,INVICTA INSTALACOES DE VIDROS (ANTIGO 436),William Pereira,Empresa,Quarta,2026-07,30
58042,Público,Transferencia de departamento -  financeiro,2026-07-15,Giovana de Miranda,Transferência de Departamento,Alta,Resolvido,INVICTA INSTALACOES DE VIDROS (ANTIGO 436),William Pereira,Empresa,Quarta,2026-07,29
58085,Público,Atalho do sistema em rede,2026-07-15,Giovana de Miranda,Instalação,Alta,Resolvido,AMAZON TEMPER,Dyogo Victor,Empresa,Quarta,2026-07,29
58366,Público,Chat inativo,2026-07-20,Giovana de Miranda,Chat Inativo,Baixa,Resolvido,GRUPO VAX (ANTIGO 6687),ESQUADRIAS IANE,Não classificado,Segunda,2026-07,30
58384,Público,Melhoria - Adicionar função de nivel de acesso por status da obra,2026-07-20,Giovana de Miranda,Melhorias,Alta,Resolvido,LOJA DO VIDRO PIRACICABA,Flávio Projetos,Empresa,Segunda,2026-07,30
58691,Público,Agendamento de atendimento ao cliente,2026-07-23,Giovana de Miranda,Dúvidas,Alta,Resolvido,COSIBA SERVICOS INDUSTRIAIS,Ariane,Empresa,Quinta,2026-07,30
58572,Público,Dúvida referente a edição de formulas e condições de verificação,2026-07-22,Giovana de Miranda,Dúvidas,Alta,Resolvido,ESTILO ENGENHARIA DO ALUMINIO,jacyr freitas,Não classificado,Quarta,2026-07,30
58867,Público,Dúvida referente a emissão de relatórios para word + chat inativo,2026-07-27,Giovana de Miranda,Dúvidas,Alta,Resolvido,JM ESQUADRIAS DE ALUMINIO E VIDRACARIA EM GERAL,Denilson Ferreira,Empresa,Segunda,2026-07,31
58337,Público,Mensagem offline,2026-07-20,Giovana de Miranda,Tickets Offline,Média,Resolvido,ACO ALUMINIO COMERCIAL - EIRELI,Ana Maria,Empresa,Segunda,2026-07,30
58799,Público,Dúvida referente a existência de relatórios + chat inativo,2026-07-24,Giovana de Miranda,Dúvidas,Alta,Resolvido,ALUMIPRATA (ANTIGO 705),ISAIAS - Alumiprata,Empresa,Sexta,2026-07,30
58063,Público,Configuração de tempo de hibernação de tela,2026-07-15,Giovana de Miranda,Dúvidas,Alta,Resolvido,ALUTEC DF,Anael Júnior,Empresa,Quarta,2026-07,29
58468,Público,Chat inativo,2026-07-21,Giovana de Miranda,Chat Inativo,Baixa,Resolvido,VIDRACARIA SCHUCHARDT,Fernanda,Empresa,Terça,2026-07,30
58761,Público,Atualização de material ALUSHOW,2026-07-24,Giovana de Miranda,Dúvidas,Alta,Resolvido,SQUALUX,Marcelo Dutra,Empresa,Sexta,2026-07,30
58662,Público,Dúvida referente a edição de elemento construtivo,2026-07-23,Giovana de Miranda,Dúvidas,Alta,Resolvido,RD FABRICACOES,Sá - RD,Empresa,Quinta,2026-07,30
58739,Público,Salvar arquivos no servidor,2026-07-24,Giovana de Miranda,Nuvem Cloud,Alta,Resolvido,A.F.P CONSTRUTORA E ESQUADRIAS,Gabriella Ponte (Usuário MAC),Não classificado,Sexta,2026-07,30
58393,Público,Dúvida referente a cadastro de referencia de acabamento,2026-07-20,Giovana de Miranda,Dúvidas,Alta,Resolvido,MARCO TOFFOLI,Maria Eduarda,Empresa,Segunda,2026-07,30
58973,Público,Dúvida referente a formula tampedaco,2026-07-28,Giovana de Miranda,Dúvidas,Alta,Resolvido,FASTDOOR PORTAS AUTOMATICAS,Thaís Freitas,Não classificado,Terça,2026-07,31
58361,Público,Atualização de build da 0322 para 0707,2026-07-20,Giovana de Miranda,Atualização Versão e Build,Alta,Resolvido,VIDRO X ESQUADRIAS E ACESSORIOS,Tayan Ferreira,Empresa,Segunda,2026-07,30
58017,Público,Transferencia de departamento - comercial,2026-07-14,Giovana de Miranda,Transferência de Departamento,Alta,Resolvido,ALUMFER ALUMINIOS E FERRAGENS,Alexandre,Empresa,Terça,2026-07,29
58016,Público,Transferencia de departamento - CT,2026-07-14,Giovana de Miranda,Transferência de Departamento,Alta,Resolvido,ESTRUTURAL ALUMINIOS,Luan Machado Silveira,Empresa,Terça,2026-07,29
58148,Público,Bug - Link da aba Novidades não renderizado após atualização para a versão 3.6.26.0707 no ambiente Cloud,2026-07-16,Giovana de Miranda,Erros,Alta,Em atendimento,PERFIL,,Empresa,Quinta,2026-07,29
58355,Interno,Inconsistência no recálculo da obra com superfície extra - Valor líquido do acabamento maior que o valor bruto,2026-07-20,Giovana de Miranda,Erros,Alta,Novo,HIPERVIDRO,Guilherme,Empresa,Segunda,2026-07,30
58396,Interno,Melhoria – Inclusão de configuração de níveis de acesso por status da obra,2026-07-20,Giovana de Miranda,Melhorias,Alta,Novo,LOJA DO VIDRO PIRACICABA,Flávio Projetos,Empresa,Segunda,2026-07,30
58449,Interno,Melhoria Orçamento do CEM: Regras e Relatórios por Grupos e Tags ,2026-07-20,Giovana de Miranda,Melhorias,Alta,Novo,MOREIRA ESQUADRIAS,Lucas,Empresa,Segunda,2026-07,30
59002,Público,Dúvida referente a manutenção de vidros,2026-07-29,Giovana de Miranda,Dúvidas,Alta,Resolvido,GOVIDROS,Marcio Vieira,Empresa,Quarta,2026-07,31
58991,Público,Erro - Duplicar Kit em Aba Tabela no cadastro do KIT,2026-07-28,Giovana de Miranda,Erros,Alta,Em atendimento,Alumisoft Sistemas,Suporte Técnico » Giovana de Miranda,Empresa,Terça,2026-07,31
58995,Interno,Erro - Cadastro de KIT com navegação bloqueada e falha na duplicação,2026-07-28,Giovana de Miranda,Erros,Alta,Novo,ESQUADRIAS ORION,Kleber Braga,Empresa,Terça,2026-07,31
58399,Público,Dúvida referente em entrar na obra aberta em edição + chat inativo,2026-07-20,Giovana de Miranda,Dúvidas,Alta,Resolvido,NOROESTE VIDROS,Pedro (CONF. PROJETOS),Empresa,Segunda,2026-07,30
58899,Público,Offline message,2026-07-27,Giovana de Miranda,Tickets Offline,Média,Resolvido,ALCOR ALUMINIOS,Elton Teles,Não classificado,Segunda,2026-07,31
58857,Interno,Dúvida referente a deixar letra minúscula no TIPO na tipologia ,2026-07-27,Giovana de Miranda,Dúvidas,Alta,Novo,MAURICIO KAMINKER,Mauricio,Empresa,Segunda,2026-07,31
58369,Público,Transferencia de departamento - Financeiro,2026-07-20,Giovana de Miranda,Transferência de Departamento,Alta,Resolvido,ALLPRIME,Henrique,Atendimento CEM EXCLUSIVE,Segunda,2026-07,30
58418,Público,Dúvida referente a cadastro de vidros + chat inativo,2026-07-20,Giovana de Miranda,Dúvidas,Alta,Resolvido,URBAN ESQUADRIAS,Luccas Zanetti,Empresa,Segunda,2026-07,30
58032,Público,Offline message,2026-07-14,Giovana de Miranda,Tickets Offline,Média,Resolvido,NOVA VIDROS,Pedro Henrique,Empresa,Terça,2026-07,29
58335,Público,Offline message,2026-07-18,Giovana de Miranda,Tickets Offline,Média,Resolvido,PLENITUDE GLASS,Cleiton Kepler,Empresa,Sábado,2026-07,29
58370,Público,Acesso via HTML 5,2026-07-20,Giovana de Miranda,Nuvem Cloud,Alta,Resolvido,PLENITUDE GLASS,Cleiton Kepler,Empresa,Segunda,2026-07,30
58433,Público,Atualização de build da 0322 para 0707,2026-07-20,Giovana de Miranda,Atualização Versão e Build,Alta,Resolvido,QUALITA ALUMINIOS,MAICON FINGER,Empresa,Segunda,2026-07,30
58190,Público,Dúvida referente a cadastrar referencia em cadastro de acabamento,2026-07-16,Giovana de Miranda,Dúvidas,Alta,Resolvido,KOR ESQUADRIAS EM ALUMINIO LTDA,Ana Paula,Não classificado,Quinta,2026-07,29
58033,Público,Offline message,2026-07-14,Giovana de Miranda,Tickets Offline,Média,Resolvido,VIDRACARIA ATUAL,Nágela - Vidraçaria Atual,Empresa,Terça,2026-07,29
58932,Público,Dúvida referente a manutenção de obra,2026-07-28,Giovana de Miranda,Dúvidas,Alta,Resolvido,MARIO CELSO DE LIMA,Mario Celso De Lima,Empresa,Terça,2026-07,31
58967,Público,Atualização de material Grupo isa,2026-07-28,Giovana de Miranda,Dúvidas,Alta,Resolvido,MARIO CELSO DE LIMA,Mario Celso De Lima,Empresa,Terça,2026-07,31
58549,Público,Teste de ping e rede + chat inativo,2026-07-22,Giovana de Miranda,Instalação,Alta,Resolvido,WASHINGTON LUIZ NASCIMENTO DE SOUZA,Washington,Empresa,Quarta,2026-07,30
58912,Público,Dúvidas sobre calculo gerais,2026-07-28,Giovana de Miranda,Dúvidas,Alta,Resolvido,RAVELI ESQUADRIAS,Raveli Esquadrias,Empresa,Terça,2026-07,31
58565,Público,Backup do banco + limpa MOF,2026-07-22,Giovana de Miranda,Instalação,Alta,Resolvido,PORTS ALUMINIO,Breno,Empresa,Quarta,2026-07,30
58202,Público,Atualização de build 0707 + erro de registro de sistema,2026-07-16,Giovana de Miranda,Atualização Versão e Build,Alta,Resolvido,VIDRACARIA VITORIA,Suporte Técnico,Empresa,Quinta,2026-07,29
58711,Público,Dúvida na importação de obra + chat inativo,2026-07-23,Daniel Joaquim ,Dúvidas,Alta,Resolvido,ESQUADRIAS SCHEIN,Alison Lopes,Empresa,Quinta,2026-07,30
58735,Público,Atualização de versão 3.5 > 3.6.26.0707 + atualização de material MOF,2026-07-24,Daniel Joaquim ,Dúvidas,Alta,Resolvido,FRITZEN ESQUADRIAS,Fritzen Esquadrias,Empresa,Sexta,2026-07,30
58873,Público,"Dúvida em como funciona o """"separar aproveitamento de cortes por tipologia"""" + atalho do sistema",2026-07-27,Daniel Joaquim ,Dúvidas,Alta,Resolvido,FRITZEN ESQUADRIAS,Fritzen Esquadrias,Empresa,Segunda,2026-07,31
58694,Público,Erro de registro de sistema,2026-07-23,Daniel Joaquim ,Erros,Alta,Resolvido,VIDRAÇARIA ABATE,LETICIA,Empresa,Quinta,2026-07,30
58058,Público,Migração do local para o cloud,2026-07-15,Daniel Joaquim ,Instalação,Alta,Resolvido,SYSBUILDING,Luis Flavio,Empresa,Quarta,2026-07,29
58655,Público,"Atualização de material MOF (Alumasa, base-orçamento, decamp, hydro, nopla metais)",2026-07-23,Daniel Joaquim ,Dúvidas,Alta,Resolvido,PIGNUS ESQUADRIAS,Denis Oliveira,Empresa,Quinta,2026-07,30
58205,Público,Transferência de departamento - Financeiro,2026-07-16,Daniel Joaquim ,Transferência de Departamento,Alta,Resolvido,ALUCOMP (Antiga 419 - Perfglass),Marcia,Empresa,Quinta,2026-07,29
58274,Público,Relatório de produção sem cotas (importei as cotas na máquina do cliente),2026-07-17,Daniel Joaquim ,Dúvidas,Alta,Resolvido,NELSON VIDROS,Nelsinho,Empresa,Sexta,2026-07,29
58367,Público,Atualização de build 0707,2026-07-20,Daniel Joaquim ,Atualização Versão e Build,Alta,Resolvido,NASCIMENTO TORRES REPRESENTACAO COMERCIAL,LUCAS TORRES,Não classificado,Segunda,2026-07,30
58964,Público,Análise técnica na esquadria do cliente + aguardo do retorno referente a origem da esquadria,2026-07-28,Daniel Joaquim ,Dúvidas,Alta,Resolvido,ALUMISISTEM ESQUADRIAS,adilson,Empresa,Terça,2026-07,31
58222,Público,Dúvida diversas sobre a esquadria própria ,2026-07-16,Daniel Joaquim ,Dúvidas,Alta,Resolvido,VIDRO ALUMINIO E CIA,Cacildo Cavalcanti,Empresa,Quinta,2026-07,29
58559,Público,Dúvida em como retirar perfis especiais da obra ,2026-07-22,Daniel Joaquim ,Dúvidas,Alta,Resolvido,CENTRO DO ALUMINIO,Alyne,Empresa,Quarta,2026-07,30
58386,Público,Ativação do estoque técnico do CEM + personalização de relatório,2026-07-20,Daniel Joaquim ,Dúvidas,Alta,Resolvido,ENGEPRO INDUSTRIA E COMERCIO DE ESQUADRIAS LTDA,Carlos Klein,Não classificado,Segunda,2026-07,30
58249,Público,Transferência de departamento - Faktory,2026-07-17,Daniel Joaquim ,Transferência de Departamento,Alta,Resolvido,ALUMISHOW,CARLA GIANY,Empresa,Sexta,2026-07,29
58790,Público,Transferência de departamento - Faktory,2026-07-24,Daniel Joaquim ,Transferência de Departamento,Alta,Resolvido,BR VIDROS,Winicius,Empresa,Sexta,2026-07,30
58004,Público,"Atualização de material MOF (base, mercado)",2026-07-14,Daniel Joaquim ,Dúvidas,Alta,Resolvido,MARCO TOFFOLI,Maria Eduarda,Empresa,Terça,2026-07,29
58430,Público,Problemas ao acessar o link do EGCLOUD + chat inativo,2026-07-20,Daniel Joaquim ,Nuvem Cloud,Alta,Resolvido,METALKIT COMERCIO DE ACESSORIOS,Juliano Orçamentos,Empresa,Segunda,2026-07,30
58966,Público,Solicitação de liberação de projetista PERFIL + chat inativo,2026-07-28,Daniel Joaquim ,Dúvidas,Alta,Resolvido,RD FABRICACOES,Sá - RD,Empresa,Terça,2026-07,31
58648,Público,Dúvida em como salvar arquivos no EGCLOUD,2026-07-23,Daniel Joaquim ,Nuvem Cloud,Alta,Resolvido,RD FABRICACOES,Sá - RD,Empresa,Quinta,2026-07,30
58607,Público,Migração do local para o cloud,2026-07-22,Daniel Joaquim ,Instalação,Alta,Resolvido,RD FABRICACOES,Daniele Financeiro RD,Empresa,Quarta,2026-07,30
58429,Público,Problemas para acessar o link de acesso,2026-07-20,Daniel Joaquim ,Nuvem Cloud,Alta,Resolvido,TJ ESQUADRIAS DE ALUMINIO E VIDRAÇARIA,Tiago Figueiredo,Empresa (Cliente VIP),Segunda,2026-07,30
58806,Público,Dúvida em como salvar arquivos,2026-07-24,Daniel Joaquim ,Nuvem Cloud,Alta,Resolvido,RD FABRICACOES,Sá - RD,Empresa,Sexta,2026-07,30
58110,Público,Chat inativo,2026-07-15,Daniel Joaquim ,Chat Inativo,Baixa,Resolvido,GOVIDROS,Marcio Vieira,Empresa,Quarta,2026-07,29
58935,Público,"Atualização de material MOF (base, mercado, udinese)",2026-07-28,Daniel Joaquim ,Dúvidas,Alta,Resolvido,RD FABRICACOES,Sá - RD,Empresa,Terça,2026-07,31
58102,Público,Ativação do estoque técnico do CEM,2026-07-15,Daniel Joaquim ,Dúvidas,Alta,Resolvido,RJ ESQUADRIAS,RJ Produção,Empresa,Quarta,2026-07,29
58191,Público,Auto resolução,2026-07-16,Daniel Joaquim ,Chat Inativo,Baixa,Resolvido,JCM PORTAS E ESQUADRIAS EM ALUMINIO,JCM PORTAS,Não classificado,Quinta,2026-07,29
58841,Público,Dúvida na edição de elementos construtivos,2026-07-27,Daniel Joaquim ,Dúvidas,Alta,Resolvido,VIDRACARIA IPIRANGA,Ipiranga Vidros e Esquadrias Ltda,Empresa,Segunda,2026-07,31
58497,Público,Offline message - Orçamento Inovar - Eliane,2026-07-21,Daniel Joaquim ,Tickets Offline,Alta,Resolvido,INOVAR,Orçamento Inovar - Eliane,Empresa,Terça,2026-07,30
58820,Público,Dúvida na precificação de componente ,2026-07-27,Daniel Joaquim ,Dúvidas,Alta,Resolvido,VIDRACARIA CATALANA,Eduarda Aquino ?,Empresa,Segunda,2026-07,31
58839,Público,Dúvida em como apontar condição de pagamento no orçamento,2026-07-27,Daniel Joaquim ,Dúvidas,Alta,Resolvido,JM ESQUADRIAS DE ALUMINIO E VIDRACARIA EM GERAL,Denilson Ferreira,Empresa,Segunda,2026-07,31
58020,Público,Agendamento de migração do CEM da nuvem para o local,2026-07-14,Daniel Joaquim ,Dúvidas,Alta,Resolvido,JOIA ALUMINIO E VIDRO,Evandro Pena,Empresa,Terça,2026-07,29
58149,Público,Migração do Cloud para o local,2026-07-16,Daniel Joaquim ,Instalação,Alta,Resolvido,JOIA ALUMINIO E VIDRO,Evandro Pena,Empresa,Quinta,2026-07,29
58252,Público,Instalação de estrutura separada,2026-07-17,Daniel Joaquim ,Instalação,Alta,Resolvido,JOIA ALUMINIO E VIDRO,Evandro Pena,Empresa,Sexta,2026-07,29
58424,Público,Instalação de estrutura separada,2026-07-20,Daniel Joaquim ,Instalação,Alta,Resolvido,JOIA ALUMINIO E VIDRO,Evandro Pena,Empresa,Segunda,2026-07,30
58981,Público,Agendamento de atendimento,2026-07-28,Daniel Joaquim ,Dúvidas,Alta,Resolvido,JOIA ALUMINIO E VIDRO,Evandro Pena,Empresa,Terça,2026-07,31
58382,Público,Atualização de build 0707,2026-07-20,Daniel Joaquim ,Atualização Versão e Build,Alta,Resolvido,ACO ALUMINIO COMERCIAL - EIRELI,Ana Maria,Empresa,Segunda,2026-07,30
58724,Público,Dúvida em como usar descrição dinâmica,2026-07-23,Daniel Joaquim ,Dúvidas,Alta,Resolvido,SAM VIDROS,Felipe Couto,Empresa,Quinta,2026-07,30
58207,Público,Dúvida em como colocar superfícies na tipologia ,2026-07-16,Daniel Joaquim ,Dúvidas,Alta,Resolvido,ESTILO ENGENHARIA DO ALUMINIO,jacyr freitas,Não classificado,Quinta,2026-07,29
58277,Público,Upgrade -  ALUBAUEN  (971),2026-07-17,Daniel Joaquim ,Implantação,Alta,Resolvido,Alumisoft Sistemas,Implantacao,Empresa,Sexta,2026-07,29
58333,Público,Migração -  RD FABRICACOES (13615),2026-07-17,Daniel Joaquim ,Implantação,Alta,Resolvido,Alumisoft Sistemas,Implantacao,Empresa,Sexta,2026-07,29
58282,Público,Migração -  ALLPRIME  (7647),2026-07-17,Daniel Joaquim ,Implantação,Alta,Resolvido,Alumisoft Sistemas,Implantacao,Empresa,Sexta,2026-07,29
58075,Público,Upgrade -  ESTRUTURAL ALUMINIOS (13207),2026-07-15,Daniel Joaquim ,Implantação,Alta,Resolvido,Alumisoft Sistemas,Implantacao,Empresa,Quarta,2026-07,29
58916,Público,Implantação + treinamento -  REPÚBLICA ESQUADRIAS (1278),2026-07-28,Daniel Joaquim ,Implantação,Alta,Resolvido,Alumisoft Sistemas,Implantacao,Empresa,Terça,2026-07,31
58947,Público,Implantação + treinamento -  ALUMAX ESQUADRIAS DE ALUMINIO LTDA (13813),2026-07-28,Daniel Joaquim ,Implantação,Alta,Resolvido,Alumisoft Sistemas,Implantacao,Empresa,Terça,2026-07,31
58892,Público,Migração -  GFENDS ESQUADRIAS (12538),2026-07-27,Daniel Joaquim ,Implantação,Alta,Resolvido,Alumisoft Sistemas,Implantacao,Empresa,Segunda,2026-07,31
58780,Público,Implantação + treinamento -  COMERCIO DE VIDROS E ALUMINIOS (13808),2026-07-24,Daniel Joaquim ,Implantação,Alta,Resolvido,Alumisoft Sistemas,Implantacao,Empresa,Sexta,2026-07,30
58993,Público,Migração -  VIDRATTA VIDROS E ESQUADRIAS LTDA (13205),2026-07-28,Daniel Joaquim ,Implantação,Alta,Resolvido,Alumisoft Sistemas,Implantacao,Empresa,Terça,2026-07,31
58974,Público,Upgrade -  ALUMIPLUS  (13182),2026-07-28,Daniel Joaquim ,Implantação,Alta,Resolvido,Alumisoft Sistemas,Implantacao,Empresa,Terça,2026-07,31
58402,Público,Configuração de impressora universal do EGCLOUD,2026-07-20,Daniel Joaquim ,Nuvem Cloud,Alta,Resolvido,RAJA SOCIEDADE UNIPESSOAL LTDA,Carlos Carvalho,Não classificado,Segunda,2026-07,30
58792,Público,Problemas de infraestrutura no servidor (memória RAM em 70%),2026-07-24,Daniel Joaquim ,Erros,Alta,Resolvido,ELOGLASS,Eloglass - COMERCIAL,Empresa,Sexta,2026-07,30
58849,Público,Dúvida no nível de acesso,2026-07-27,Daniel Joaquim ,Dúvidas,Alta,Resolvido,LOJA DO VIDRO PIRACICABA,Flávio Projetos,Empresa,Segunda,2026-07,31
58475,Público,Dúvida no cadastro de componente (alterou quantidade de peças no cadastro oficial),2026-07-21,Daniel Joaquim ,Dúvidas,Alta,Resolvido,GUILES ESQUADRIAS,Joyce Gomes,Empresa,Terça,2026-07,30
58273,Público,Agendamento de atualização de build,2026-07-17,Daniel Joaquim ,Dúvidas,Alta,Resolvido,ALUMNIX ESQUADRIAS,Projetos - Alumnix,Empresa,Sexta,2026-07,29
58287,Público,Atualização de build 0707 + dúvida na importação de obra + autenticar esquadrias (não confere),2026-07-17,Daniel Joaquim ,Atualização Versão e Build,Alta,Resolvido,ALUMNIX ESQUADRIAS,Projetos - Alumnix,Empresa,Sexta,2026-07,29
58548,Público,"Erro de importação de obra (""""Uso reservado p/ essa empresa"""") + desativado a integração ao faktory",2026-07-22,Daniel Joaquim ,Dúvidas,Alta,Resolvido,ALUMNIX ESQUADRIAS,Projetos - Alumnix,Empresa,Quarta,2026-07,30
58642,Público,Dúvida na existência da tipologia CHRM-PCR500,2026-07-23,Daniel Joaquim ,Dúvidas,Alta,Resolvido,M2 ESQUADRIAS DE ALUMINIO,Andrêza Queiroz,Empresa,Quinta,2026-07,30
58390,Público,Ativação de serial interno,2026-07-20,Daniel Joaquim ,Dúvidas,Alta,Resolvido,Preference Mercosur,Daniel Silva - Técnico Preference,Empresa,Segunda,2026-07,30
58036,Público,Dúvida referente ao acesso ao site de treinamentos ,2026-07-15,Daniel Joaquim ,Transferência de Departamento,Alta,Resolvido,VITRALI ESQUADRIAS,Vitrali,Empresa,Quarta,2026-07,29
58037,Público,Instalação de base zerada,2026-07-15,Daniel Joaquim ,Instalação,Alta,Resolvido,ST ALUMINIOS,Thiago,Empresa,Quarta,2026-07,29
58139,Público,Dúvidas referente a instalação,2026-07-16,Daniel Joaquim ,Dúvidas,Alta,Resolvido,ST ALUMINIOS,Thiago Velasco,Empresa,Quinta,2026-07,29
58745,Público,Auto resolução,2026-07-24,Daniel Joaquim ,Chat Inativo,Baixa,Resolvido,MASTER ESQUADRIAS DE ALUMINIO,Anderson Viana,Empresa,Sexta,2026-07,30
58733,Público,Dúvida em como filtrar somente os CM na obra + dúvida em como salvar como tipologia,2026-07-24,Daniel Joaquim ,Dúvidas,Alta,Resolvido,ST ALUMINIOS,Willis,Empresa,Sexta,2026-07,30
58122,Público,Agendamento de instalação do sistema,2026-07-15,Daniel Joaquim ,Dúvidas,Alta,Resolvido,ART DESING ALUMINIO,Art Design Esquadrias,Empresa,Quarta,2026-07,29
58194,Público,Instalação de base zerada,2026-07-16,Daniel Joaquim ,Instalação,Alta,Resolvido,ART DESING ALUMINIO,Art Design Esquadrias,Empresa,Quinta,2026-07,29
58645,Público,Ajuste de relatório feito pelo Ricardo Camargo,2026-07-23,Daniel Joaquim ,Dúvidas,Alta,Resolvido,ARTMETAL,Fernanda Pcp - ARTMETAL????,Empresa,Quinta,2026-07,30
58622,Público,Personalização de relatórios envio a produtos (Ricardo vai fazer amanhã de manhã),2026-07-22,Daniel Joaquim ,Dúvidas,Alta,Resolvido,ARTMETAL,Fernanda Pcp - ARTMETAL????,Empresa,Quarta,2026-07,30
58413,Público,Dúvida sobre a reinstalação do sistema ,2026-07-20,Daniel Joaquim ,Dúvidas,Alta,Resolvido,PREMIUM  ESQUADRIAS,Douglas,Empresa,Segunda,2026-07,30
58975,Público,Atualização de build 0723,2026-07-28,Daniel Joaquim ,Atualização Versão e Build,Alta,Resolvido,INOVE ESQUADRIAS E VIDROS LTDA,Inove Esquadrias,Empresa,Terça,2026-07,31
58490,Público,Transferência de departamento - Comercial,2026-07-21,Daniel Joaquim ,Transferência de Departamento,Alta,Resolvido,LIBRIAN,Lucas Calzoni,Não classificado,Terça,2026-07,30
58877,Público,Transferência de departamento - Financeiro + chat inativo,2026-07-27,Daniel Joaquim ,Transferência de Departamento,Alta,Resolvido,GRUPO METAL CORES,Yasmin Carvalho,Empresa,Segunda,2026-07,31
58567,Público,Dúvida sobre a existência da linha Perfetta 75 da DECAMP,2026-07-22,Daniel Joaquim ,Dúvidas,Alta,Resolvido,LIDER DA ALTEROSA INDUSTRIAL,Cristiano,Empresa,Quarta,2026-07,30
58419,Público,Ativação dos PORTA CAMARÃO da DECAMP (cadastro > manuntenção),2026-07-20,Daniel Joaquim ,Dúvidas,Alta,Resolvido,AGM ESQUADRIAS,MOISES - AGM ESQUADRIAS,Empresa,Segunda,2026-07,30
58506,Público,Dúvida no calculo da regra do orçamento (ajuste na regra do cliente),2026-07-21,Daniel Joaquim ,Dúvidas,Alta,Resolvido,ESQUADRIMAR,Vinicius,Empresa,Terça,2026-07,30
58131,Público,Croquis da obra embaralhados,2026-07-16,Daniel Joaquim ,Dúvidas,Alta,Resolvido,INOVAR ESQUADRIAS E VIDROS LTDA,Inovar Esquadrias Comercial,Atendimento CEM EXCLUSIVE,Quinta,2026-07,29
58070,Público,Dúvida no cálculo de itens de projetista próprio (colocado valores fictícios para calculo),2026-07-15,Daniel Joaquim ,Dúvidas,Alta,Resolvido,COSBIEM,Emerson,Empresa,Quarta,2026-07,29
58018,Público,Dúvida em como funciona o duplicar a obra do CEM ,2026-07-14,Daniel Joaquim ,Dúvidas,Alta,Resolvido,CAMPOS ALTOS ESQUADRIAS,Estéfane Souza,Empresa,Terça,2026-07,29
58726,Público,Agendamento de atendimento para verificar valores de vidros e componentes,2026-07-23,Daniel Joaquim ,Dúvidas,Alta,Resolvido,ESQUADRIMAXXI ESQUADRIAS DE ALUMINIO,Ariana,Empresa,Quinta,2026-07,30
58464,Público,Dúvida em como alterar o croqui da esquadria com condições + adicionar esquadrias 3D,2026-07-21,Daniel Joaquim ,Dúvidas,Alta,Resolvido,AMAZON TEMPER,Dpto Técnico - MS Esquadrias,Não classificado,Terça,2026-07,30
58108,Público,Dúvida em como finalizar a obra,2026-07-15,Daniel Joaquim ,Dúvidas,Alta,Resolvido,AMAZON TEMPER,Dpto Técnico - MS Esquadrias,Não classificado,Quarta,2026-07,29
58082,Público,Dúvida no cadastro do vidro + chat inativo,2026-07-15,Daniel Joaquim ,Dúvidas,Alta,Resolvido,GAMA ESQUADRIAS,Flavio Neves,Empresa,Quarta,2026-07,29
58154,Público,Dúvida sobre a reinstalação do sistema + chat inativo,2026-07-16,Daniel Joaquim ,Dúvidas,Alta,Resolvido,VIAMETAL,Lavínia Mesquita,Empresa,Quinta,2026-07,29
58767,Público,Dúvida na existência da tipologia da gold 4 folhas sequênciais,2026-07-24,Daniel Joaquim ,Dúvidas,Alta,Resolvido,M T ALUMINIOS,Pedro Santana,Empresa,Sexta,2026-07,30
60010,Público,Atualização de build 0723 + chat inativo,2026-08-12,Daniel Joaquim ,Atualização Versão e Build,Alta,Resolvido,METALPAR,Guilherme Batista,Empresa,Quarta,2026-08,33
59602,Público,Transferência de departamento - Financeiro,2026-08-06,Daniel Joaquim ,Transferência de Departamento,Alta,Resolvido,PHV ENGENHARIA LTDA,FERNANDO,Empresa,Quinta,2026-08,32
59159,Público,Ajuste de relatório realizado pelo suporte,2026-07-30,Daniel Joaquim ,Dúvidas,Alta,Resolvido,TEM ALUMINIO,Cosme Lisboa,Empresa,Quinta,2026-07,31
59494,Público,Dúvida na importação de cadastro de esquadria,2026-08-05,Daniel Joaquim ,Dúvidas,Alta,Resolvido,ALUMI PORTAS E JANELAS,Antônio,Empresa,Quarta,2026-08,32
59391,Público,Banco de dados corrompido,2026-08-04,Daniel Joaquim ,Erros,Alta,Resolvido,JANELAO PORTAS E JAN,JULIANA,Empresa,Terça,2026-08,32
59335,Público,Agendamento de atendimento,2026-08-03,Daniel Joaquim ,Dúvidas,Alta,Resolvido,JANELAO PORTAS E JAN,JULIANA,Empresa,Segunda,2026-08,32
58683,Público,Atualização de versão 3.5.24.0120 > 3.6.26.0707 + Atualização de material MOF,2026-07-23,Daniel Joaquim ,Dúvidas,Alta,Resolvido,VIDROMETRO (ANTIGO10695),JESSICA,Empresa,Quinta,2026-07,30
58884,Público,Dúvida em como cadastrar um usuário,2026-07-27,Daniel Joaquim ,Dúvidas,Alta,Resolvido,CONCEITO ESQUADRIAS E VIDROS,Conceito Esquadrias e Vidros,Empresa,Segunda,2026-07,31
58831,Público,Dúvida na emissão de relatórios,2026-07-27,Daniel Joaquim ,Dúvidas,Alta,Resolvido,ALUZAP,Andriele ALUZAP,Empresa,Segunda,2026-07,31
58911,Público,Agendamento de atualização de sistema ,2026-07-28,Daniel Joaquim ,Dúvidas,Alta,Resolvido,FORTGLASS SOLUCOES EM VIDROS E ESQUADRIAS (ANTIGA 9445),Jalles Pereira,Atendimento CEM EXCLUSIVE,Terça,2026-07,31
58938,Público,Atualização de build 0723,2026-07-28,Daniel Joaquim ,Atualização Versão e Build,Alta,Resolvido,FORTGLASS SOLUCOES EM VIDROS E ESQUADRIAS (ANTIGA 9445),"Jalles Pereira,FORTGLASS SOLUCOES EM VIDROS E ESQUADRIAS (ANTIGA 9445) » Pedro Ítalo??",Atendimento CEM EXCLUSIVE,Terça,2026-07,31
59653,Público,Transferência de departamento - Financeiro,2026-08-06,Daniel Joaquim ,Transferência de Departamento,Alta,Resolvido,BSA ESQUADRIAS,Thalita Moraes,Empresa,Quinta,2026-08,32
58893,Público,duvida referente aos requisitos mínimos de hardware para utilização do sistema,2026-07-27,Patrick Nascimento,Dúvidas,Alta,Resolvido,ATENUA SOM,OPTEC  DATA CENTER,Empresa,Segunda,2026-07,31
59000,Público,Duvida referente a personalização de relatórios,2026-07-29,Patrick Nascimento,Dúvidas,Alta,Resolvido,ALUBAUEN,Comercial Alubauen,Empresa,Quarta,2026-07,31
59112,Público,duvida referente a como utilizar croquis 3D,2026-07-30,Patrick Nascimento,Dúvidas,Alta,Resolvido,ALUMIX COMERCIO DE CHAPAS E ALUMINIO,VALÉRIO,Empresa,Quinta,2026-07,31
59122,Público,duvida referente a como utilizar croquis 3D,2026-07-30,Patrick Nascimento,Dúvidas,Alta,Resolvido,ALUMIX COMERCIO DE CHAPAS E ALUMINIO,VALÉRIO,Empresa,Quinta,2026-07,31
59826,Público,Falha de acesso no EGCLOUD via RemoteApp ,2026-08-10,Patrick Nascimento,Nuvem Cloud,Alta,Resolvido,ALUMIX COMERCIO DE CHAPAS E ALUMINIO,VALÉRIO,Empresa,Segunda,2026-08,33
59854,Público,Duvida referente a como utilizar a tabela orientativa de componentes + duvida referente a substituição geral de componentes,2026-08-10,Patrick Nascimento,Dúvidas,Alta,Resolvido,ALUVIN,Gabriel Angelin(ALUVIN  Terceirizado),Empresa,Segunda,2026-08,33
58917,Público,atualização da linha PRIMORA R300,2026-07-28,Patrick Nascimento,Dúvidas,Alta,Resolvido,CRISTALMAIS (ANTIGO 883),Luis Xavier,Empresa,Terça,2026-07,31
58908,Público,chat inativo,2026-07-28,Patrick Nascimento,Chat Inativo,Baixa,Resolvido,CRISTALMAIS (ANTIGO 883),Luis Xavier,Empresa,Terça,2026-07,31
59766,Público,duvida referente a quantidade de caracteres para exportação para o Faktory + chat inativo,2026-08-10,Patrick Nascimento,Dúvidas,Alta,Resolvido,CRJ ESQUADRIAS DE ALUMINIO (ANTIGO 1215),JHONATÕ,Empresa,Segunda,2026-08,33
59447,Público,duvida referente ao formulário de solicitação de criação de projetos,2026-08-04,Patrick Nascimento,Dúvidas,Alta,Resolvido,TARGET CONSTRUCOES,Michele,Empresa,Terça,2026-08,32
59307,Público,duvida referente ao formulário de solicitação de criação de projetos,2026-08-03,Patrick Nascimento,Dúvidas,Alta,Resolvido,TARGET CONSTRUCOES,Michele,Empresa,Segunda,2026-08,32
59953,Público,Instalação de atalho em rede (mapeamento),2026-08-11,Patrick Nascimento,Instalação,Alta,Resolvido,TEM ALUMINIO,Cosme Lisboa,Empresa,Terça,2026-08,33
59996,Público,Instalação de atalho em rede (mapeamento),2026-08-12,Patrick Nascimento,Instalação,Alta,Resolvido,TEM ALUMINIO,Cosme Lisboa,Empresa,Quarta,2026-08,33
59914,Público,Atualização de material MOF (TERA METAIS),2026-08-11,Patrick Nascimento,Dúvidas,Alta,Resolvido,METAL DO VIDRO,Renata,Empresa,Terça,2026-08,33
59175,Público,solicitação de personalização de relatório,2026-07-30,Patrick Nascimento,Dúvidas,Alta,Resolvido,PERSONALIZZA ESQUADRIAS,Djalma C Vaz,Empresa,Quinta,2026-07,31
58599,Público,Duvida referente a erro de calculo do CEM + chat inativo,2026-07-22,Patrick Nascimento,Dúvidas,Alta,Resolvido,CAMPOS ALTOS ESQUADRIAS,Estéfane Souza,Empresa,Quarta,2026-07,30
58585,Público,chat inativo,2026-07-22,Patrick Nascimento,Chat Inativo,Baixa,Resolvido,CAMPOS ALTOS ESQUADRIAS,Estéfane Souza,Empresa,Quarta,2026-07,30
58474,Público,duvida referente a erro de exportação para o Faktory,2026-07-21,Patrick Nascimento,Dúvidas,Alta,Resolvido,ALUMISHOW,Rodrigo Moreira,Empresa,Terça,2026-07,30
58312,Público,erro de exportação para o Faktory,2026-07-17,Patrick Nascimento,Dúvidas,Alta,Resolvido,CRJ ESQUADRIAS DE ALUMINIO (ANTIGO 1215),TATIANE,Empresa,Sexta,2026-07,29
58830,Público,duvida referente ao calculo de quantidade de perfis,2026-07-27,Patrick Nascimento,Dúvidas,Alta,Resolvido,GAMA ESQUADRIAS,Flavio Neves,Empresa,Segunda,2026-07,31
58822,Público,duvida referente a erro de calculo,2026-07-27,Patrick Nascimento,Dúvidas,Alta,Resolvido,GAMA ESQUADRIAS,Flavio Neves,Empresa,Segunda,2026-07,31
58672,Público,Instalação de atalho em rede (mapeamento),2026-07-23,Patrick Nascimento,Instalação,Alta,Resolvido,ALUMIPLUS ITU LTDA,Alumiplus Vendas 1,Empresa,Quinta,2026-07,30
58193,Público,Duvida referente a como voltar o calculo da obra ,2026-07-16,Patrick Nascimento,Dúvidas,Alta,Resolvido,ESQUADRIMAXXI ESQUADRIAS DE ALUMINIO,Ariana,Empresa,Quinta,2026-07,29
58772,Público,duvida referente a precificação dos vidros,2026-07-24,Patrick Nascimento,Dúvidas,Alta,Resolvido,ESQUADRIMAXXI ESQUADRIAS DE ALUMINIO,Ariana,Empresa,Sexta,2026-07,30
58787,Público,duvida referente a precificação dos vidros,2026-07-24,Patrick Nascimento,Dúvidas,Alta,Resolvido,ESQUADRIMAXXI ESQUADRIAS DE ALUMINIO,Ariana,Empresa,Sexta,2026-07,30
58311,Público,Instalação de atalho em rede (mapeamento),2026-07-17,Patrick Nascimento,Instalação,Alta,Resolvido,CAMPOS ALTOS ESQUADRIAS,Estéfane Souza,Empresa,Sexta,2026-07,29
59007,Público,duvida referente a como desativar um projetista ,2026-07-29,Patrick Nascimento,Dúvidas,Alta,Resolvido,PREMIUM  ESQUADRIAS,Douglas,Empresa,Quarta,2026-07,31
58161,Público,Duvida referente a tipologia com croqui incorreto dentro do orçamento,2026-07-16,Patrick Nascimento,Dúvidas,Alta,Resolvido,JR DISTRIBUIDORA DE VIDROS,matheus de franca,Empresa,Quinta,2026-07,29
58654,Público,instalação do atalho em rede + alteração do ícone do sistema,2026-07-23,Patrick Nascimento,Instalação,Alta,Resolvido,DIVIBOX SAO GABRIEL,Juliana de Souza Pinto | Vendas Divibox,Empresa,Quinta,2026-07,30
58478,Público,duvida referente a erro de calculo,2026-07-21,Patrick Nascimento,Dúvidas,Alta,Resolvido,VIDRAÇARIA UNIÃO,Felyphy Silva,Empresa,Terça,2026-07,30
58495,Público,duvida referente a criação de esquadrias,2026-07-21,Patrick Nascimento,Dúvidas,Alta,Resolvido,VIDRAÇARIA UNIÃO,Felyphy Silva,Empresa,Terça,2026-07,30
58604,Público,transferência de departamento (Faktory),2026-07-22,Patrick Nascimento,Transferência de Departamento,Alta,Resolvido,ALUMISHOW,Rodrigopcp,Empresa,Quarta,2026-07,30
58546,Público,duvida referente a mensagem de sistema não registrado,2026-07-22,Patrick Nascimento,Dúvidas,Alta,Resolvido,V VILAR,Beatriz Rodrigues,Não classificado,Quarta,2026-07,30
58564,Público,duvida referente ao cadastro de kits dentro da obra,2026-07-22,Patrick Nascimento,Dúvidas,Alta,Resolvido,ARTEFAMA ESQUADRIAS E VIDRACARIA,Mayara - Artefama Esquadrias e Vidraçaria,Empresa,Quarta,2026-07,30
58718,Público,duvida referente a como criar tipologia ,2026-07-23,Patrick Nascimento,Dúvidas,Alta,Resolvido,VIDRAÇARIA UNIÃO,Felyphy Silva,Empresa,Quinta,2026-07,30
58626,Público,duvida referente a criação de esquadrias,2026-07-22,Patrick Nascimento,Dúvidas,Alta,Resolvido,FASTDOOR PORTAS AUTOMATICAS,Laura Moreira,Não classificado,Quarta,2026-07,30
58628,Público,duvida referente a alterações dentro da esquadria,2026-07-22,Patrick Nascimento,Dúvidas,Alta,Resolvido,ATUAL MOVEIS E DECORACAO E CASA DO MARCENEIRO,Pedro Henrique Feital,Empresa,Quarta,2026-07,30
58646,Público,transferência de departamento (Faktory),2026-07-23,Patrick Nascimento,Transferência de Departamento,Alta,Resolvido,ERGS,Tailane Felix,Empresa,Quinta,2026-07,30
58651,Público,duvida referente a alteração no cadastro do perfil dentro da esquadria,2026-07-23,Patrick Nascimento,Dúvidas,Alta,Resolvido,ALUIM METAIS,Ricardo Barros,Empresa,Quinta,2026-07,30
58089,Público,duvida referente a quantidade de barras incorreta,2026-07-15,Patrick Nascimento,Dúvidas,Alta,Resolvido,UNIT ENGENHARIA CONSTRUCOES E CONSULTORIA(ANTIGO 11454),Herbênio Vs esquadrias,Empresa,Quarta,2026-07,29
58245,Público,erro ao exportar obra para o Faktory,2026-07-17,Patrick Nascimento,Dúvidas,Alta,Resolvido,CRJ ESQUADRIAS DE ALUMINIO (ANTIGO 1215),RAYANE,Empresa,Sexta,2026-07,29
58284,Público,duvida referente a erro de exportação para o Faktory,2026-07-17,Patrick Nascimento,Dúvidas,Alta,Resolvido,CRJ ESQUADRIAS DE ALUMINIO (ANTIGO 1215),RAYANE,Empresa,Sexta,2026-07,29
58114,Público,erro de exportação para o Faktory,2026-07-15,Patrick Nascimento,Dúvidas,Alta,Resolvido,ALUMINOW ESQUADRIAS,Luciano Azevedo de Farias,Empresa,Quarta,2026-07,29
58048,Público,transferência de departamento (Faktory),2026-07-15,Patrick Nascimento,Transferência de Departamento,Alta,Resolvido,CRJ ESQUADRIAS DE ALUMINIO (ANTIGO 1215),Gabriela,Empresa,Quarta,2026-07,29
58442,Público,chat inativo,2026-07-20,Patrick Nascimento,Chat Inativo,Baixa,Resolvido,SERMETAL (ANTIGO 390),Sermetal,Empresa,Segunda,2026-07,30
59003,Público,duvida referente a opções de montagem ,2026-07-29,Patrick Nascimento,Dúvidas,Alta,Resolvido,CASAS MADESTILO (ANTIGO 8969),Gustavo,Empresa,Quarta,2026-07,31
58489,Público,duvida referente as opções de montagem da esquadria,2026-07-21,Patrick Nascimento,Dúvidas,Alta,Resolvido,SMD SERRALHERIA,Gustavo,Empresa,Terça,2026-07,30
58905,Público,Jadson Martins - CENTRO NORTE ESQUADRIAS,2026-07-28,Patrick Nascimento,Dúvidas,Alta,Resolvido,CENTRO NORTE ESQUADRIAS,Jadson Martins,Empresa,Terça,2026-07,31
58275,Público,transferência de departamento (Treinamento) ,2026-07-17,Patrick Nascimento,Transferência de Departamento,Alta,Resolvido,SUPLEMA,Serralheria Suplema,Empresa,Sexta,2026-07,29
58427,Público,duvida referente a como salvar croquis no EGCLOUD,2026-07-20,Patrick Nascimento,Nuvem Cloud,Alta,Resolvido,SYSBUILDING,Engenharia Sysbuilding,Empresa,Segunda,2026-07,30
58713,Público,duvida referente a emissão de relatórios,2026-07-23,Patrick Nascimento,Dúvidas,Alta,Resolvido,ESSENCIAL LA ESQUADRIAS,Departamento De Projetos Essencial,Empresa,Quinta,2026-07,30
58690,Público,duvida referente a emissão de relatórios,2026-07-23,Patrick Nascimento,Dúvidas,Alta,Resolvido,ESSENCIAL LA ESQUADRIAS,Departamento De Projetos Essencial,Empresa,Quinta,2026-07,30
58470,Público,duvida referente a erro de calculo,2026-07-21,Patrick Nascimento,Dúvidas,Alta,Resolvido,DURANT FACHADAS E ESQUADRIAS,Marceli,Empresa,Terça,2026-07,30
58086,Público,transferência de departamento (Faktory),2026-07-15,Patrick Nascimento,Transferência de Departamento,Alta,Resolvido,ALUMINOW ESQUADRIAS,ALUMINOW ESQUADRIAS » Alexandre Ribeiro,Empresa,Quarta,2026-07,29
58865,Público,duvida referente a quantidade de licenças do sistema,2026-07-27,Patrick Nascimento,Dúvidas,Alta,Resolvido,EASB (ALFRAME),Andressa Rodrigues,Empresa,Segunda,2026-07,31
58922,Público,duvida referente a erro de calculo,2026-07-28,Patrick Nascimento,Dúvidas,Alta,Resolvido,COSIBA SERVICOS INDUSTRIAIS,Ariane,Empresa,Terça,2026-07,31
58364,Público,Atualização de build (3.6.26.0707),2026-07-20,Patrick Nascimento,Atualização Versão e Build,Alta,Resolvido,ARTMETAL,Lorrany Ferreira,Empresa,Segunda,2026-07,30
58303,Público,duvida referente a como cadastrar margem no sistema,2026-07-17,Patrick Nascimento,Dúvidas,Alta,Resolvido,SAM VIDROS,Felipe Couto,Empresa,Sexta,2026-07,29
58414,Público,duvida referente a como duplicar uma obra,2026-07-20,Patrick Nascimento,Dúvidas,Alta,Resolvido,INOVAR,Orçamento Inovar - Eliane,Empresa,Segunda,2026-07,30
58639,Público,liberação de espessura do vidro de 10mm,2026-07-23,Patrick Nascimento,Dúvidas,Alta,Resolvido,PAULO OCTAVIANO INVESTIMENTOS IMOBILIARIOS,Khevin,Empresa,Quinta,2026-07,30
58663,Público,duvida referente ao cadastro de componente,2026-07-23,Patrick Nascimento,Dúvidas,Alta,Resolvido,VIDRACARIA CATALANA,Eduarda Aquino ?,Empresa,Quinta,2026-07,30
58039,Público,duvida referente a erro de calculo,2026-07-15,Patrick Nascimento,Dúvidas,Baixa,Resolvido,INOVAR,Orçamento Inovar - Eliane,Empresa,Quarta,2026-07,29
58818,Público,transferência de departamento (financeiro),2026-07-27,Patrick Nascimento,Transferência de Departamento,Alta,Resolvido,BRAVIN ESQUADRIAS,Felipe Bravin Esquadrias,Não classificado,Segunda,2026-07,31
58144,Público,"Duvida referente a como criar uma obra com o status """"Em Produção""""",2026-07-16,Patrick Nascimento,Dúvidas,Alta,Resolvido,MARTINELLI,,Empresa,Quinta,2026-07,29
58845,Público,duvida referente ao acréscimo do valor de frete dentro do orçamento,2026-07-27,Patrick Nascimento,Dúvidas,Alta,Resolvido,RD FABRICACOES,Sá - RD,Empresa,Segunda,2026-07,31
58023,Público,chat inativo,2026-07-14,Patrick Nascimento,Chat Inativo,Baixa,Resolvido,ESQUADRIUM - ESQUADRIAS E VIDROS,Junior,Empresa,Terça,2026-07,29
58183,Público,transferência de departamento (financeiro),2026-07-16,Patrick Nascimento,Transferência de Departamento,Alta,Resolvido,VÃO FINO ESQUADRIAS DE ALUMINIO,Ariane,Empresa,Quinta,2026-07,29
58432,Público,solicitação de personalização de relatório,2026-07-20,Patrick Nascimento,Dúvidas,Alta,Resolvido,SARAIVA VIDROS E ESQUADRIAS(DIMIFAL),Rodrigo Silva,Empresa,Segunda,2026-07,30
58298,Público,duvida referente a erro de calculo,2026-07-17,Patrick Nascimento,Dúvidas,Alta,Resolvido,MARCO TOFFOLI,Maria Eduarda,Empresa,Sexta,2026-07,29
58969,Público,duvida referente a como salvar arquivos em pdf no EGCLOUD,2026-07-28,Patrick Nascimento,Nuvem Cloud,Alta,Resolvido,VSB ESQUADRIAS,Vivian,Empresa,Terça,2026-07,31
58914,Público,configuração da impressora redirecionada,2026-07-28,Patrick Nascimento,Nuvem Cloud,Alta,Resolvido,MAGNUM ESQUADRIAS (ESPACO DO VIDRO),Bianca Alves Magnum Esquadrias,Empresa,Terça,2026-07,31
58800,Público,personalização de relatórios feito pelo suporte (alteração do logotipo),2026-07-24,Patrick Nascimento,Dúvidas,Alta,Resolvido,ALUCOMP (Antiga 419 - Perfglass),Alcindo,Empresa,Sexta,2026-07,30
58056,Público,duvida referente ao processo de backup do banco de dados do CEM,2026-07-15,Patrick Nascimento,Instalação,Alta,Resolvido,ALUMFER ALUMINIOS E FERRAGENS,Alexandre,Empresa,Quarta,2026-07,29
58197,Público,duvida referente a existência de perfil extra dentro da obra,2026-07-16,Patrick Nascimento,Dúvidas,Alta,Resolvido,NOROESTE VIDROS,Pedro (CONF. PROJETOS),Empresa,Quinta,2026-07,29
58129,Público,"Duvida referente a obra com status """"Em Produção""""",2026-07-16,Patrick Nascimento,Dúvidas,Alta,Resolvido,GRUPO VAX (Antiga 6687),João,Empresa,Quinta,2026-07,29
58888,Público,erro de access violation ao acessar o sistema,2026-07-27,Patrick Nascimento,Erros,Alta,Resolvido,INOVAR ESQUADRIAS E VIDROS LTDA,ADM - Francieli - Inovar,Atendimento CEM EXCLUSIVE,Segunda,2026-07,31
58059,Público,chat inativo,2026-07-15,Patrick Nascimento,Chat Inativo,Baixa,Resolvido,IMPERIAL ALUMINIO,Nathan,Empresa,Quarta,2026-07,29
58253,Público,duvida referente ao acabamento que não está aparecendo dentro da obra,2026-07-17,Patrick Nascimento,Dúvidas,Alta,Resolvido,D&A VIDROS,Douglas Antunes ????????,Empresa,Sexta,2026-07,29
58868,Público,duvida referente ao calculo de perfis especiais,2026-07-27,Patrick Nascimento,Dúvidas,Alta,Resolvido,Dyan Esquadrias de Alumínio Ltda,Henrique Caravanti,Empresa,Segunda,2026-07,31
58764,Público,duvida referente a erro no relatório de pagina de rosto,2026-07-24,Patrick Nascimento,Dúvidas,Alta,Resolvido,JOIA ALUMINIO E VIDRO,Wesley do Vale - Dep. Técnico,Empresa,Sexta,2026-07,30
58527,Público,duvida referente a emissão de relatório de proposta comercial,2026-07-21,Patrick Nascimento,Dúvidas,Baixa,Resolvido,ESQUAGLAS PRIME ESQUADRIAS E VIDROS,Alex Andrade,Empresa,Terça,2026-07,30
58209,Público,chat inativo,2026-07-16,Patrick Nascimento,Chat Inativo,Baixa,Resolvido,VIDRACARIA ATUAL,Nágela - Vidraçaria Atual,Empresa,Quinta,2026-07,29
58084,Público,duvida referente aos croquis técnicos dentro do relatório,2026-07-15,Patrick Nascimento,Dúvidas,Alta,Resolvido,NELSON VIDROS,Nelsinho,Empresa,Quarta,2026-07,29
58099,Público,chat inativo,2026-07-15,Patrick Nascimento,Chat Inativo,Baixa,Resolvido,UNIT ENGENHARIA CONSTRUCOES E CONSULTORIA(ANTIGO 11454),Jack Kohlhase,Empresa,Quarta,2026-07,29
58219,Público,chat inativo,2026-07-16,Patrick Nascimento,Chat Inativo,Baixa,Resolvido,UNIT ENGENHARIA CONSTRUCOES E CONSULTORIA(ANTIGO 11454),Antonio,Empresa,Quinta,2026-07,29
58881,Público,duvida referente a erro de calculo de componente,2026-07-27,Patrick Nascimento,Dúvidas,Alta,Resolvido,FACCE,denis,Empresa,Segunda,2026-07,31
58266,Público,transferência de departamento (Faktory),2026-07-17,Patrick Nascimento,Transferência de Departamento,Alta,Resolvido,ONIX COM. E INST. DE ESQUADRIAS E COMPONENTES EIRELI (ANTIGO 875),Leandro Novais,Empresa,Sexta,2026-07,29
58248,Público,transferência de departamento (Faktory),2026-07-17,Patrick Nascimento,Transferência de Departamento,Alta,Resolvido,ONIX COM. E INST. DE ESQUADRIAS E COMPONENTES EIRELI (ANTIGO 875),Leandro Novais,Empresa,Sexta,2026-07,29
58659,Público,duvida referente aos requisitos mínimos de hardware para utilização do sistema,2026-07-23,Patrick Nascimento,Dúvidas,Alta,Resolvido,RJ ALUMINIUM,Aluminium Esquadrias,Não classificado,Quinta,2026-07,30
58028,Público,duvida referente aos itens simplificados,2026-07-14,Patrick Nascimento,Dúvidas,Alta,Resolvido,KP ENGENHARIA (ANTIGO 8386),Rafael,Empresa,Terça,2026-07,29
58381,Público,EGCLOUD + autoresolução,2026-07-20,Pedro Cavalciuk,Nuvem Cloud,Alta,Resolvido,VIDROBOX,Vidrobox Pinda Fixo,Empresa,Segunda,2026-07,30
58160,Público,Transferência de departamento > Comercial (Licença adicional),2026-07-16,Pedro Cavalciuk,Transferência de Departamento,Alta,Resolvido,ALUBAUEN,Lucas,Empresa,Quinta,2026-07,29
58001,Público,Reinstalação de sistemas + Atualização de versão 3.5 > 3.6,2026-07-14,Pedro Cavalciuk,Instalação,Alta,Resolvido,GOVIDROS,Charles Menezes,Empresa,Terça,2026-07,29
59006,Público,Tranferencia de departamento > financeiro ,2026-07-29,Pedro Cavalciuk,Transferência de Departamento,Baixa,Resolvido,METAZIL,Vinícius Martins Frinhani,Empresa,Quarta,2026-07,31
58320,Público,Faktory,2026-07-17,Pedro Cavalciuk,Chat Inativo,Baixa,Resolvido,ESQUALYVALE ALUMINIO,Kellen Maciel,Empresa,Sexta,2026-07,29
58590,Público,Atualização de  material MOF (decamp),2026-07-22,Pedro Cavalciuk,Dúvidas,Alta,Resolvido,BWX ESQUADRIAS,Bruna,Empresa,Quarta,2026-07,30
58135,Público,Transferência para o financeiro ,2026-07-16,Pedro Cavalciuk,Transferência de Departamento,Média,Resolvido,ALUCOMP (Antiga 419 - Perfglass),Marcia,Empresa,Quinta,2026-07,29
58500,Público,Atalho via rede ,2026-07-21,Pedro Cavalciuk,Instalação,Alta,Resolvido,ALUMITEMPER,Mayra,Empresa,Terça,2026-07,30
58566,Público,Mapeamento via rede + alteração de cfgrede,2026-07-22,Pedro Cavalciuk,Instalação,Alta,Resolvido,VERTICAL ESQUADRIAS,Marcos,Empresa,Quarta,2026-07,30
58920,Público,Atualização de  material MOF ,2026-07-28,Pedro Cavalciuk,Dúvidas,Alta,Resolvido,ALCOR ALUMINIOS,Elton Teles,Não classificado,Terça,2026-07,31
58734,Público,Mapeamento via RemoteApp( cliente com servidor local),2026-07-24,Pedro Cavalciuk,Instalação,Alta,Resolvido,CONCEPT ALUMINIUM,Vini L.,Empresa,Sexta,2026-07,30
58358,Público,EGCLOUD + autoresolução,2026-07-20,Pedro Cavalciuk,Nuvem Cloud,Alta,Resolvido,ESQUADRIUM - ESQUADRIAS E VIDROS,Robson Oliveira,Empresa,Segunda,2026-07,30
58392,Público,Atualização de  material MOF (PERFIL),2026-07-20,Pedro Cavalciuk,Dúvidas,Alta,Resolvido,VIDRO X ESQUADRIAS E ACESSORIOS,Tayan Ferreira,Empresa,Segunda,2026-07,30
59001,Público,Precificação de kit de vidros,2026-07-29,Pedro Cavalciuk,Dúvidas,Alta,Resolvido,MARCO TOFFOLI,Maria Eduarda,Empresa,Quarta,2026-07,31
58492,Público,Duvida em como derrubar um usuário do sistema,2026-07-21,Pedro Cavalciuk,Dúvidas,Alta,Resolvido,SARAIVA VIDROS E ESQUADRIAS(DIMIFAL),Rodrigo Silva,Empresa,Terça,2026-07,30
58095,Público,Atalho via rede ,2026-07-15,Pedro Cavalciuk,Instalação,Alta,Resolvido,CONCEITO EM VIDROS E ESQUADRIAS,Warley Almeida,Empresa,Quarta,2026-07,29
58081,Público,Fazer backup do CEM para reinstalação ,2026-07-15,Pedro Cavalciuk,Instalação,Alta,Resolvido,RJ ESQUADRIAS,RJ Produção,Empresa,Quarta,2026-07,29
58828,Público,Adicionar acréscimo ao valor de venda,2026-07-27,Pedro Cavalciuk,Dúvidas,Alta,Resolvido,RD FABRICACOES,Sá - RD,Empresa,Segunda,2026-07,31
58044,Público,Atualização de  material MOF + Alteração de logo,2026-07-15,Pedro Cavalciuk,Chat Inativo,Baixa,Resolvido,GOVIDROS,Marcio Vieira,Empresa,Quarta,2026-07,29
58674,Público,Ajuste de acréscimo na venda,2026-07-23,Pedro Cavalciuk,Dúvidas,Alta,Resolvido,MASTER SERRALHERIA,alumimaster serralheria,Empresa,Quinta,2026-07,30
58362,Público,Cliente Faktory,2026-07-20,Pedro Cavalciuk,Transferência de Departamento,Alta,Resolvido,ST ALUMINIOS,Alex,Empresa,Segunda,2026-07,30
58824,Público,Atalho em rede + atualização de versão 0707,2026-07-27,Pedro Cavalciuk,Instalação,Alta,Resolvido,NOBRE ALUMINIO,Orçamentos Nobre Alumínio,Empresa,Segunda,2026-07,31
58907,Público,Personalização de relatório - remoção de numero de telefone,2026-07-28,Pedro Cavalciuk,Dúvidas,Alta,Resolvido,ZAKA ALUMINIOS,Lívia Querino,Empresa,Terça,2026-07,31
58581,Público,duvida em quantidade de perfis no retorico de corte,2026-07-22,Pedro Cavalciuk,Dúvidas,Alta,Resolvido,ALUMFER ALUMINIOS E FERRAGENS,Neilton Alumfer,Empresa,Quarta,2026-07,30
58176,Público,Transferência de departamento > Comercial (Adição de modulo ou upgrade),2026-07-16,Pedro Cavalciuk,Transferência de Departamento,Alta,Resolvido,MODO ACUSTICO,Aroldo José dos Santos Carvalho,Empresa,Quinta,2026-07,29
58660,Público,Chat inativos,2026-07-23,Pedro Cavalciuk,Chat Inativo,Baixa,Resolvido,SCANMETAL,Carol,Empresa,Quinta,2026-07,30
58247,Público,Duvida em como alterar a obra e atualizar no orçamento ,2026-07-17,Pedro Cavalciuk,Dúvidas,Alta,Resolvido,LAF SOROCABA,Giovanna Rocha,Empresa,Sexta,2026-07,29
58918,Público,Tranferencia de departamento > financeiro ,2026-07-28,Pedro Cavalciuk,Transferência de Departamento,Alta,Resolvido,NOVA VIDROS,Nova Vidros - Joice,Empresa,Terça,2026-07,31
58053,Público,Solicitação de liberação de material (grupo ISA),2026-07-15,Pedro Cavalciuk,Dúvidas,Alta,Resolvido,ST ALUMINIOS,Felipe Bidu,Empresa,Quarta,2026-07,29
58417,Público,Conexão errada cfgrede + atalho em rede,2026-07-20,Pedro Cavalciuk,Erros,Alta,Resolvido,VITRALI ESQUADRIAS,LUCAS QUEIROZ,Empresa,Segunda,2026-07,30
58997,Público,Offline message - Alan Costa,2026-07-29,Pedro Cavalciuk,Tickets Offline,Alta,Resolvido,ST ALUMINIOS,Alan Costa,Empresa,Quarta,2026-07,31
58573,Público,Duvida sobre reinstalação de sistema,2026-07-22,Pedro Cavalciuk,Dúvidas,Alta,Resolvido,PREMIUM  ESQUADRIAS,Douglas,Empresa,Quarta,2026-07,30
58201,Público,Ativação de tratamento de perfil ,2026-07-16,Pedro Cavalciuk,Dúvidas,Alta,Resolvido,LIBRIAN,Joana,Não classificado,Quinta,2026-07,29
58783,Público,Duvida em como alterar informações e aparecer no relatorio ,2026-07-24,Pedro Cavalciuk,Dúvidas,Alta,Resolvido,AMAZON TEMPER,Dpto Técnico - MS Esquadrias,Não classificado,Sexta,2026-07,30
58558,Público,Duvida em como achar linha 25 do base ,2026-07-22,Pedro Cavalciuk,Dúvidas,Alta,Resolvido,AMAZON TEMPER,Eduardo Araujo| Amazon Me,Não classificado,Quarta,2026-07,30
58342,Público,Criação de atalho via rede,2026-07-20,Pedro Cavalciuk,Instalação,Alta,Resolvido,CAMPOS ALTOS ESQUADRIAS,Estéfane Souza,Empresa,Segunda,2026-07,30
59673,Público,Sugestões de melhorias ,2026-08-07,Pedro Cavalciuk,Melhorias,Alta,Resolvido,INSTALAR VIDROS (CARVALHO VIDROS(7150)),Gruber,Empresa,Sexta,2026-08,32
59973,Público,Offline message - Guilherme Batista,2026-08-11,Pedro Cavalciuk,Tickets Offline,Alta,Resolvido,METALPAR,Guilherme Batista,Empresa,Terça,2026-08,33
59462,Público,Substituição de perfil + atalho em rede,2026-08-05,Pedro Cavalciuk,Dúvidas,Alta,Resolvido,2 IRMAOS,karen,Empresa,Quarta,2026-08,32
59483,Público,Salvar como a tipologia e alterar perfis,2026-08-05,Pedro Cavalciuk,Dúvidas,Alta,Resolvido,2 IRMAOS,karen,Empresa,Quarta,2026-08,32
59876,Público,Offline message - Adriana - Allprime,2026-08-11,Pedro Cavalciuk,Tickets Offline,Alta,Resolvido,ALLPRIME,Adriana - Allprime,Atendimento CEM EXCLUSIVE,Terça,2026-08,33
58775,Público,Duvida ao exportar ao faktory,2026-07-24,Pedro Cavalciuk,Dúvidas,Alta,Resolvido,CRISTAL VIDROS CHAPADA,Danielle,Empresa,Sexta,2026-07,30
58819,Público,Agendamento de Atualização de software  (31/07 ás 14:00),2026-07-27,Pedro Cavalciuk,Dúvidas,Alta,Resolvido,SOMMA ESQUADRIAS,Fabio,Empresa,Segunda,2026-07,31
58689,Público,Chat inativo,2026-07-23,Pedro Cavalciuk,Chat Inativo,Baixa,Resolvido,ST ALUMINIOS,Aline,Empresa,Quinta,2026-07,30
60000,Público,Duvidas gerais sobre viários assuntos ,2026-08-12,Pedro Cavalciuk,Dúvidas,Alta,Resolvido,ALUVIN,Gabriel Angelin(ALUVIN  Terceirizado),Empresa,Quarta,2026-08,33
58942,Público,troca de nome de usuário ,2026-07-28,Pedro Cavalciuk,Dúvidas,Alta,Resolvido,BP GLASS,Marcelo | Orçamentos,Empresa,Terça,2026-07,31
59491,Público,Perfis da HYDRO e PERFIL,2026-08-05,Pedro Cavalciuk,Dúvidas,Alta,Resolvido,REVISAR,André Luiz,Empresa,Quarta,2026-08,32
59722,Público,Pendencia financeira liberada pelo Camargo ,2026-08-07,Matheus Pulcinelli,Transferência de Departamento,Alta,Resolvido,SOLUTA ALUMINIO(CEMDELPHI e CEMMOBI),,Empresa,Sexta,2026-08,32
58795,Público,Instalação em estrutura separada ,2026-07-24,Matheus Pulcinelli,Instalação,Alta,Resolvido,ST ALUMINIOS,Alan Costa,Empresa,Sexta,2026-07,30
58929,Público,Chat inativo,2026-07-28,Matheus Pulcinelli,Chat Inativo,Baixa,Resolvido,ST ALUMINIOS,Alan Costa,Empresa,Terça,2026-07,31
58837,Interno,duvida referente a precificação do kilo do aluminio na obra ,2026-07-27,Matheus Pulcinelli,Dúvidas,Alta,Resolvido,STILLO (Antiga MF esquadrias - 1241),Mateus,Empresa,Segunda,2026-07,31
58887,Interno,Atualização de build ,2026-07-27,Matheus Pulcinelli,Atualização Versão e Build,Alta,Resolvido,ORION,Wellington,Empresa,Segunda,2026-07,31
59165,Público,Duvida referente ao usuario no CLOUD ,2026-07-30,Matheus Pulcinelli,Dúvidas,Alta,Resolvido,ALLPRIME,Adriana - Allprime,Atendimento CEM EXCLUSIVE,Quinta,2026-07,31
59526,Público,Duvida referente a CEM mobile ,2026-08-05,Matheus Pulcinelli,Chat Inativo,Baixa,Resolvido,TARGET CONSTRUCOES,Michele,Empresa,Quarta,2026-08,32
59628,Público,Duvida referente a emissao de relatorios no cloud ,2026-08-06,Matheus Pulcinelli,Dúvidas,Alta,Resolvido,ALLPRIME,Adriana - Allprime,Atendimento CEM EXCLUSIVE,Quinta,2026-08,32
59535,Público,Duvida referente a cadastro de perfil ,2026-08-05,Matheus Pulcinelli,Dúvidas,Alta,Resolvido,JS ESQUADRIAS,CAMILE,Empresa,Quarta,2026-08,32
58218,Público,Duvida referente a calculo de itens ,2026-07-16,Matheus Pulcinelli,Dúvidas,Alta,Resolvido,INOVAR ESQUADRIAS E VIDROS LTDA,Inovar Esquadrias Comercial,Atendimento CEM EXCLUSIVE,Quinta,2026-07,29
58620,Público,Duvida referente a condições de pagamento ,2026-07-22,Matheus Pulcinelli,Dúvidas,Alta,Resolvido,LEO FERRAGENS,Léo Vidro e Esquadria (Comercial),Empresa,Quarta,2026-07,30
58580,Público,Transferência de departamento - faktory,2026-07-22,Matheus Pulcinelli,Transferência de Departamento,Alta,Resolvido,ALUMISHOW,Rodrigo Moreira,Empresa,Quarta,2026-07,30
58491,Público,Atualização de build + atualização de material MOF ,2026-07-21,Matheus Pulcinelli,Dúvidas,Alta,Resolvido,AMAZON TEMPER,Eduardo Araujo| Amazon Me,Não classificado,Terça,2026-07,30
58486,Público,Duvida referente a cadastro de vidros ,2026-07-21,Matheus Pulcinelli,Dúvidas,Alta,Resolvido,EMBRAED,Luiz Balbinot,Empresa,Terça,2026-07,30
58198,Público,Agendamento de atualização de build ,2026-07-16,Matheus Pulcinelli,Dúvidas,Alta,Resolvido,LIBRIAN,Lucas Calzoni,Não classificado,Quinta,2026-07,29
58272,Público,Atualização de build ,2026-07-17,Matheus Pulcinelli,Atualização Versão e Build,Alta,Resolvido,LIBRIAN,Lucas Calzoni,Não classificado,Sexta,2026-07,29
58526,Interno,Melhorias,2026-07-21,Matheus Pulcinelli,Melhorias,Alta,Produtos,ALUMINIA BRASIL (ANTIGO 1753),Everton,Empresa,Terça,2026-07,30
58990,Público,Duvida referente a formulas dentro da tipologia em esquadria do cliente,2026-07-28,Matheus Pulcinelli,Dúvidas,Alta,Resolvido,ESTRUTURAL ALUMINIOS,,Empresa,Terça,2026-07,31
58937,Público,Duvida referente a substituições gerais,2026-07-28,Matheus Pulcinelli,Dúvidas,Alta,Resolvido,ESTRUTURAL ALUMINIOS,,Empresa,Terça,2026-07,31
58919,Público,Duvida referente a cadastro de vidros ,2026-07-28,Matheus Pulcinelli,Dúvidas,Alta,Resolvido,VAL AÇO PWJ,EDSON GALDINO,Atendimento CEM EXCLUSIVE,Terça,2026-07,31
58699,Público,Atualização de material MOF - DECAMP ,2026-07-23,Matheus Pulcinelli,Dúvidas,Alta,Resolvido,ESQUADSYSTEM ESQUADRIAS DE ALUMINIO (ANTIGO 9845),Estevan EsquadSystem,Não classificado,Quinta,2026-07,30
58440,Interno,Atalho do sistema em Rede,2026-07-20,Matheus Pulcinelli,Instalação,Alta,Resolvido,DIVIBOX SAO GABRIEL,Juliana de Souza Pinto | Vendas Divibox,Empresa,Segunda,2026-07,30
58100,Interno,Transferência de departamento - factory,2026-07-15,Matheus Pulcinelli,Transferência de Departamento,Alta,Resolvido,INOVAR,Eliane Inovar Comercial,Empresa,Quarta,2026-07,29
58087,Interno,Duvida referente a croquis inteligentes ,2026-07-15,Matheus Pulcinelli,Dúvidas,Alta,Resolvido,ALUMISISTEM ESQUADRIAS,Vagner Douglas,Empresa,Quarta,2026-07,29
58071,Público,Duvida referente a duplicar obra ,2026-07-15,Matheus Pulcinelli,Dúvidas,Alta,Resolvido,JEL (ANTIGA SEJAL 9926),Edinei,Empresa,Quarta,2026-07,29
58872,Público,Agendamento de atendimento ao cliente ,2026-07-27,Matheus Pulcinelli,Dúvidas,Alta,Resolvido,ESQUADRITEMPER,Marcos,Empresa,Segunda,2026-07,31
58299,Público,Transferência de departamento - comercial ,2026-07-17,Matheus Pulcinelli,Transferência de Departamento,Alta,Resolvido,MODO ACUSTICO,Aroldo José dos Santos Carvalho,Empresa,Sexta,2026-07,29
58612,Público,Acesso via remote APP (Windows update),2026-07-22,Matheus Pulcinelli,Nuvem Cloud,Alta,Resolvido,ESQUADRIUM - ESQUADRIAS E VIDROS,Matheus Alves - Consultor Esquadrium,Empresa,Quarta,2026-07,30
58313,Público,Integração com factory ,2026-07-17,Matheus Pulcinelli,Dúvidas,Alta,Resolvido,ALLPRIME,Jordana Marques Cardoso Dias,Empresa,Sexta,2026-07,29
58214,Público,Duvida referente ao calculo dos itens ,2026-07-16,Matheus Pulcinelli,Dúvidas,Alta,Resolvido,INOVAR,Orçamento Inovar - Eliane,Empresa,Quinta,2026-07,29
58083,Público,Atualização de build ,2026-07-15,Matheus Pulcinelli,Atualização Versão e Build,Alta,Resolvido,INOVAR,Orçamento Inovar - Eliane,Empresa,Quarta,2026-07,29
58704,Público,Duvida referente a emissão de relatorios para componentes ,2026-07-23,Matheus Pulcinelli,Dúvidas,Alta,Resolvido,VIDRACARIA CATALANA,Eduarda Aquino ?,Empresa,Quinta,2026-07,30
58529,Público,Duvida referente a calculo de itens ,2026-07-21,Matheus Pulcinelli,Dúvidas,Alta,Resolvido,GUERRAL,Guerral,Empresa,Terça,2026-07,30
58608,Público,Solicitação de material MOF - Tera Metais ,2026-07-22,Matheus Pulcinelli,Dúvidas,Alta,Resolvido,AWH ESQUADRIAS DE ALUMINIO,Gabriel awh,Empresa,Quarta,2026-07,30
58574,Público,Dúvida referente a filtros na obra ,2026-07-22,Matheus Pulcinelli,Dúvidas,Alta,Resolvido,CLEMENTE ACM &amp  DESIGN,Dyool,Empresa,Quarta,2026-07,30
58765,Público,Duvida referente a estoque técnico ,2026-07-24,Matheus Pulcinelli,Dúvidas,Alta,Resolvido,CLEMENTE ACM &amp  DESIGN,Dyool,Empresa,Sexta,2026-07,30
58944,Público,Transferência de departamento - financeiro ,2026-07-28,Matheus Pulcinelli,Transferência de Departamento,Alta,Resolvido,IMPERIAL ALUMINIO,Nathan,Empresa,Terça,2026-07,31
58693,Público,Transferência de departamento - ouvidoria ,2026-07-23,Matheus Pulcinelli,Transferência de Departamento,Alta,Resolvido,PREMIUM SOLUCOES EM ESQUADRIAS,Igor Wruck,Empresa,Quinta,2026-07,30
58883,Público,Erro de registro ,2026-07-27,Matheus Pulcinelli,Erros,Alta,Resolvido,BALDEX ESQUADRIAS E VIDROS,Adriana Morais,Empresa,Segunda,2026-07,31
58673,Público,Atualização de material MOF - BASE ORCAMENTO ,2026-07-23,Matheus Pulcinelli,Dúvidas,Alta,Resolvido,PIGNUS ESQUADRIAS,Denis Oliveira,Empresa,Quinta,2026-07,30
58615,Público,Atualização de build ,2026-07-22,Matheus Pulcinelli,Atualização Versão e Build,Alta,Resolvido,PIGNUS ESQUADRIAS,Denis Oliveira,Empresa,Quarta,2026-07,30
58779,Público,Duvida referente a calculo de itens ,2026-07-24,Matheus Pulcinelli,Dúvidas,Alta,Resolvido,KICHLER ESQUADRIAS,Giovanna Alves,Empresa,Sexta,2026-07,30
59286,Público,Envio de Forms para criação de uma esquadria + chat inativo,2026-08-03,Ana Clara,Dúvidas,Alta,Resolvido,TARGET CONSTRUCOES,Michele,Empresa,Segunda,2026-08,32
59205,Público,Dúvida sobre exclusão de uma tipologia,2026-07-31,Ana Clara,Dúvidas,Alta,Resolvido,GAMA ESQUADRIAS,Flávio,Empresa,Sexta,2026-07,31
59671,Público,Agendamento de  instalação do sistema em uma nova máquina,2026-08-07,Ana Clara,Dúvidas,Alta,Resolvido,JLA VIDRACARIA E ESQUADRIAS DE ALUMINIO,Tais,Empresa,Sexta,2026-08,32
59415,Público,Dúvida sobre existência de tipologias,2026-08-04,Ana Clara,Chat Inativo,Baixa,Resolvido,ALUMAX,Everton Alumax Alumínios,Empresa,Terça,2026-08,32
59300,Público,Dúvidas sobre cálculo de Tampedaco,2026-08-03,Ana Clara,Dúvidas,Alta,Resolvido,ALUVIN,Gabriel Angelin(ALUVIN  Terceirizado),Empresa,Segunda,2026-08,32
59254,Público,Duvidas referente a usar o Estoque técnico,2026-07-31,Davi Barros,Dúvidas,Média,Resolvido,VAL AÇO PWJ,THOMAS TÉCNICO,Atendimento CEM EXCLUSIVE,Sexta,2026-07,31
59189,Público,Erro de atualização do sistema,2026-07-31,Davi Barros,Atualização Versão e Build,Média,Resolvido,EMETAL,Paulo,Empresa,Sexta,2026-07,31
59141,Público,Offline message - Eduarda Aquino ?,2026-07-30,Fernando Camargo,Chat Inativo,,Em atendimento,VIDRACARIA CATALANA,Eduarda Aquino ?,Empresa,Quinta,2026-07,31
59731,Público,Duvida referente a cadastro de acabamentos (Referencia),2026-08-07,Diogo Rodrigues,Dúvidas,Alta,Resolvido,PORTE ESQUADRIAS,Hillary,Empresa,Sexta,2026-08,32
59656,Público,Duvida referente a gerar valor de orçamento,2026-08-06,Diogo Rodrigues,Dúvidas,Alta,Resolvido,DECORFLEX ESQUADRIAS,Sara,Empresa,Quinta,2026-08,32
59418,Interno,Aplicabilidade de Componentes - Geração de Relatorios,2026-08-04,Pazzis Gamboa,Melhorias,Alta,Produtos,SYNEREX,Alejandro,Empresa (Mercosul),Terça,2026-08,32
59276,Interno,USABILIDADE DO SOFTWARE,2026-07-31,Pazzis Gamboa,Dúvidas,Alta,Resolvido,RICSOFAN S. A.,Silvia Ferreira,Empresa (Mercosul),Sexta,2026-07,31
59597,Público,Dúvida referente ao código de obra ,2026-08-06,Gabriel Campos,Dúvidas,Alta,Resolvido,VIDRACARIA CAVASSIN LTDA,Katson,Empresa,Quinta,2026-08,32
59017,Público,Atualização de build 0707,2026-07-29,Gabriel Campos,Atualização Versão e Build,Alta,Resolvido,ATIMAKY ESQUADRIAS M,Engenharia Atimaky,Empresa,Quarta,2026-07,31
59568,Público,Dúvida referente a troca de ID de Perfis (CBA),2026-08-06,Gabriel Campos,Dúvidas,Alta,Resolvido,CBA,Guilherme Giberni,Empresa,Quinta,2026-08,32
59562,Público,Transferência de departamento - Financeiro (cliente inadimplente),2026-08-06,Gabriel Campos,Transferência de Departamento,Alta,Resolvido,ALVA ALUMINIO (ANTIGO 642),Adriano,Empresa,Quinta,2026-08,32
59946,Público,Dúvida referente a importação de obra ,2026-08-11,Gabriel Campos,Dúvidas,Alta,Resolvido,LP2 ENGENHARIA E ASSESSORIA LTDA,Lucas Petzold,Empresa,Terça,2026-08,33
59522,Público,Dúvida referente a emitir relatório de vendas,2026-08-05,Gabriel Campos,Dúvidas,Alta,Resolvido,CRJ ESQUADRIAS DE ALUMINIO (ANTIGO 1215),Tatiane Martins,Empresa,Quarta,2026-08,32
59169,Público,Dúvida referente a importar cadastro,2026-07-30,Gabriel Campos,Dúvidas,Alta,Resolvido,METALLUM,Italo,Empresa,Quinta,2026-07,31
59178,Público,Agendamento de instalação de sistema (Amanhã),2026-07-30,Gabriel Campos,Dúvidas,Alta,Resolvido,ESQUADROMINAS,Jaredy Soares,Empresa,Quinta,2026-07,31
60011,Público,Dúvida referente a existência de material MOF,2026-08-12,Gabriel Campos,Dúvidas,Alta,Resolvido,ALUVETRO ESQUADRIAS,Aluvetro Esquadrias,Empresa,Quarta,2026-08,33
59265,Público,Dúvida referente a editar tipologia ,2026-07-31,Gabriel Campos,Dúvidas,Alta,Resolvido,MARIO CELSO DE LIMA,Mario Celso De Lima,Empresa,Sexta,2026-07,31
59060,Público,Dúvida referente a cadastrar ícone ,2026-07-29,Gabriel Campos,Dúvidas,Alta,Resolvido,ALUMISANTOS ALUMINIOS,Daniel,Empresa,Quarta,2026-07,31
59843,Público,Transferência de departamento - Ouvidoria,2026-08-10,Gabriel Campos,Transferência de Departamento,Alta,Resolvido,MARCO TOFFOLI,Michele,Empresa,Segunda,2026-08,33
59964,Público,Agendamento de atendimento ao cliente ,2026-08-11,Gabriel Campos,Dúvidas,Alta,Resolvido,STM ESQUADRIAS,Eduardo/ Lucas,Empresa,Terça,2026-08,33
59350,Público,Agendamento de atendimento ao cliente ,2026-08-03,Gabriel Campos,Dúvidas,Alta,Resolvido,SAO JOSE  (RIBEIRAO),Serralheria São José,Empresa,Segunda,2026-08,32
59383,Público,Atualização de versão 0723 + atualização de material da Olga Color ,2026-08-04,Gabriel Campos,Atualização Versão e Build,Alta,Resolvido,SAO JOSE  (RIBEIRAO),Serralheria São José,Empresa,Terça,2026-08,32
59475,Público,Atualização de materiais MOF,2026-08-05,Gabriel Campos,Dúvidas,Alta,Resolvido,SAO JOSE  (RIBEIRAO),Serralheria São José,Empresa,Quarta,2026-08,32
59645,Público,Transferência de departamento - Relatório ,2026-08-06,Gabriel Campos,Transferência de Departamento,Alta,Resolvido,VM ESQUADRIAS EM ALUMINIO,Lucas Freitas,Empresa,Quinta,2026-08,32
59757,Público,Dúvida referente a atalho em rede,2026-08-10,Gabriel Campos,Dúvidas,Alta,Resolvido,VIDRACARIA KEOPS,Carolina,Empresa,Segunda,2026-08,33
59884,Público,Erro de conexão com a internet ,2026-08-11,Gabriel Campos,Erros,Alta,Resolvido,FORTGLASS SOLUCOES EM VIDROS E ESQUADRIAS (ANTIGA 9445),Cláudio José,Atendimento CEM EXCLUSIVE,Terça,2026-08,33
59469,Público,Atualização de versão 0723 ,2026-08-05,Gabriel Campos,Atualização Versão e Build,Alta,Resolvido,CARLOS HENRIQUE GOMES JUNIOR,Carlos Henrique,Empresa,Quarta,2026-08,32
59161,Público,Dúvida referente a formula do Tampedaco,2026-07-30,Gabriel Campos,Dúvidas,Alta,Resolvido,HIPERVIDRO,Guilherme,Empresa,Quinta,2026-07,31
59339,Público,Dúvida referente a cadastro de perfil especial ,2026-08-03,Gabriel Campos,Dúvidas,Alta,Resolvido,ESQUADRIA & CIA,Felipe,Empresa,Segunda,2026-08,32
59496,Público,Atualização de materiais MOF,2026-08-05,Gabriel Campos,Dúvidas,Alta,Resolvido,VIDRACARIA BARBOSA ESQ,Eduarda Ag Barbosa,Empresa,Quarta,2026-08,32
59253,Público,Dúvida referente a quantidade de perfis + agendamento de atendimento ao cliente ,2026-07-31,Gabriel Campos,Dúvidas,Alta,Resolvido,ALLUMI GOLD (L.M NORIYUKI),Allumi Gold Esquadrias,Empresa,Sexta,2026-07,31
59323,Público,Dúvida referente a erro de calculo (Medida da altura errada),2026-08-03,Gabriel Campos,Dúvidas,Alta,Resolvido,UNICA DESIGN,Augusto Gramiscelli Ferreira de Melo,Empresa (Atender Imediatamente),Segunda,2026-08,32
59919,Público,Auto solução ,2026-08-11,Gabriel Campos,Chat Inativo,Baixa,Resolvido,MEGANORDESTE,Fábio Bueno,Empresa,Terça,2026-08,33
59373,Público,Transferência de departamento - Financeiro (cliente inadimplente),2026-08-04,Gabriel Campos,Transferência de Departamento,Alta,Resolvido,ALUMIVIDROS,NETO,Empresa,Terça,2026-08,32
59310,Público,Dúvida referente a alterar usuário na aba controle,2026-08-03,Gabriel Campos,Dúvidas,Alta,Resolvido,ALUCOM,Elaine - Alucom Esquadrias,Empresa,Segunda,2026-08,32
59136,Público,Dúvida referente a erro de calculo + atualização de material Decamp,2026-07-30,Gabriel Campos,Dúvidas,Alta,Resolvido,KADRY ESQUADRIAS DE ALUMINIO LTDA,Danilo Rosa,Empresa,Quinta,2026-07,31
59802,Público,Dúvida referente a perfis especiais ,2026-08-10,Gabriel Campos,Dúvidas,Alta,Resolvido,BRWINDOW,Kellen,Empresa,Segunda,2026-08,33
59480,Público,Solicitação de liberação de material Alpa,2026-08-05,Gabriel Campos,Dúvidas,Alta,Resolvido,SERRALHERIA DO NICO,Nico Serralheria,Empresa,Quarta,2026-08,32
59130,Público,Atualização de material MOF,2026-07-30,Gabriel Campos,Dúvidas,Alta,Resolvido,FINNEZE ALUMINIO,Tone Filho,Empresa,Quinta,2026-07,31
59263,Público,Dúvida referente a reinstalação do sistema ,2026-07-31,Gabriel Campos,Dúvidas,Alta,Resolvido,PACHELE,Luis,Empresa,Sexta,2026-07,31
59343,Público,Atualização de versão 0723,2026-08-03,Gabriel Campos,Atualização Versão e Build,Alta,Resolvido,VIDRAZIL,Lucas Avila,Empresa,Segunda,2026-08,32
59352,Público,Agendamento de atualização de material ,2026-08-03,Gabriel Campos,Dúvidas,Alta,Resolvido,VIDRAZIL,Lucas Avila,Empresa,Segunda,2026-08,32
59591,Público,Erro ao abrir obra + chat inativo ,2026-08-06,Gabriel Campos,Erros,Alta,Resolvido,TOP MIX,Fabio Junior,Atendimento CEM EXCLUSIVE,Quinta,2026-08,32
59208,Público,Atualização de versão 0707,2026-07-31,Gabriel Campos,Atualização Versão e Build,Alta,Resolvido,PERFIL,Hernan Dario Chalarca Toro,Empresa,Sexta,2026-07,31
59287,Público,Mapeamento em rede,2026-08-03,Gabriel Campos,Instalação,Alta,Resolvido,ATUAL VIDROS,Carol - Atual Móveis e Esquadrias,Empresa,Segunda,2026-08,32
59190,Público,Dúvida referente a otimização de corte,2026-07-31,Gabriel Campos,Dúvidas,Alta,Resolvido,J GIANINI,Sérgio Fernando,Atendimento CEM EXCLUSIVE,Sexta,2026-07,31
59773,Público,Atalho em rede,2026-08-10,Gabriel Campos,Instalação,Alta,Resolvido,VIDRO ALUMINIO E CIA,Cacildo Cavalcanti,Empresa,Segunda,2026-08,33
59053,Público,Dúvida referente a gerar proposta com variáveis ,2026-07-29,Gabriel Campos,Dúvidas,Alta,Resolvido,CNN INOX,JULIANE,Empresa,Quarta,2026-07,31
59024,Público,Dúvida referente a existência de material MOF (Aluprime),2026-07-29,Gabriel Campos,Dúvidas,Alta,Resolvido,COSBIEM,Eliel Lacerda,Empresa,Quarta,2026-07,31
59351,Público,Mapeamento em rede,2026-08-03,Gabriel Campos,Instalação,Alta,Resolvido,CONSUTEC,Jéssica Silva,Empresa,Segunda,2026-08,32
59901,Público,Atualização de versão 0723,2026-08-11,Gabriel Campos,Atualização Versão e Build,Alta,Resolvido,CONSUTEC,Jéssica Silva,Empresa,Terça,2026-08,33
59311,Público,Dúvida referente a existência de material MOF,2026-08-03,Gabriel Campos,Dúvidas,Alta,Resolvido,RD FABRICACOES,Gabrielle,Empresa,Segunda,2026-08,32
59073,Público,Transferência de departamento - Faktory,2026-07-29,Gabriel Campos,Transferência de Departamento,Alta,Resolvido,VAL AÇO PWJ,Rafaela Martins,Atendimento CEM EXCLUSIVE,Quarta,2026-07,31
59621,Público,Lentidão no sistema ,2026-08-06,Gabriel Campos,Erros,Alta,Resolvido,VAL AÇO PWJ,Matheus,Atendimento CEM EXCLUSIVE,Quinta,2026-08,32
59478,Público,Transferência de departamento - Financeiro,2026-08-05,Gabriel Campos,Transferência de Departamento,Alta,Resolvido,ARETÊ ESQUADRIAS,Gabriel Santana.,Empresa,Quarta,2026-08,32
59116,Público,Dúvida referente a requisitos mínimos de hardware  ,2026-07-30,Gabriel Campos,Dúvidas,Alta,Resolvido,VIDRACARIA IPIRANGA,Ipiranga Vidros e Esquadrias Ltda,Empresa,Quinta,2026-07,31
59787,Público,Dúvida referente a cadastrar cores ,2026-08-10,Gabriel Campos,Dúvidas,Alta,Resolvido,ARTALUM,Francildo - Mano Tildo,Atendimento CEM EXCLUSIVE,Segunda,2026-08,33
59851,Público,Dúvida referente a criar tipologia do zero,2026-08-10,Gabriel Campos,Dúvidas,Alta,Resolvido,VIDRO & CIA,vidroeciabp2,Empresa,Segunda,2026-08,33
59020,Público,Atualização de versão 0707 + material Olga Color,2026-07-29,Gabriel Campos,Dúvidas,Alta,Resolvido,IBEA ALUMINIO,Carlos,Empresa,Quarta,2026-07,31
59392,Público,Dúvida referente a erro de calculo + chat inativo ,2026-08-04,Gabriel Campos,Dúvidas,Alta,Resolvido,LAF SOROCABA,Giovanna Rocha,Empresa,Terça,2026-08,32
59511,Público,Personalização de relatórios (Suporte) + envio para relatórios ,2026-08-05,Gabriel Campos,Transferência de Departamento,Alta,Resolvido,METALGLASS ESQUADRIAS DE ALUMINIO (ANTIGO 8073),Josianne Metal Glass Esquadrias,Empresa,Quarta,2026-08,32
59210,Público,Erro de falha na comunicação com o servidor ,2026-07-31,Gabriel Campos,Erros,Baixa,Resolvido,CRISTALMAIS (ANTIGO 883),FLAVIO MACHADO,Empresa,Sexta,2026-07,31
59361,Público,Dúvida referente a usar sistema no tablet,2026-08-03,Gabriel Campos,Chat Inativo,Baixa,Resolvido,EXTRA GLASS,Eduardo Benini,Empresa,Segunda,2026-08,32
59781,Público,Erro de tela sobreposta,2026-08-10,Gabriel Campos,Erros,Alta,Em atendimento,CONCEPT ALUMINIUM,Vini L.,Empresa,Segunda,2026-08,33
59105,Público,Dúvida referente a editar variáveis ,2026-07-30,Gabriel Campos,Dúvidas,Alta,Resolvido,EXCLUSIVA ESQUADRIAS (ANTIGO 10371),Exclusiva Esquadrias,Empresa,Quinta,2026-07,31
59378,Público,Dúvida referente a imprimir no EGCLOUD,2026-08-04,Gabriel Campos,Nuvem Cloud,Alta,Resolvido,ESQUADRIUM - ESQUADRIAS E VIDROS,Bruno - Esquadrium,Empresa,Terça,2026-08,32
59548,Público,Transferência de departamento - Financeiro,2026-08-05,Gabriel Campos,Transferência de Departamento,Alta,Resolvido,CASA LEO,Sabrina lucena,Empresa,Quarta,2026-08,32
59390,Público,Transferência de departamento - Financeiro (cliente inadimplente),2026-08-04,Gabriel Campos,Transferência de Departamento,Alta,Resolvido,LOJA DO VIDRO PIRACICABA,Flávio Projetos,Empresa,Terça,2026-08,32
59534,Público,Bloqueio do antivírus no Firebird ,2026-08-05,Gabriel Campos,Erros,Alta,Resolvido,SELTA,Nathalia,Não classificado,Quarta,2026-08,32
59080,Público,Agendamento de atualização de material ,2026-07-29,Gabriel Campos,Dúvidas,Alta,Resolvido,LINEAR ALUMINIO,Cassio Ricardo,Não classificado,Quarta,2026-07,31
59312,Público,Mapeamento em rede ,2026-08-03,Gabriel Campos,Instalação,Alta,Resolvido,GRUPO ISA,Tisec,Não classificado,Segunda,2026-08,32
59299,Público,Chat inativo,2026-08-03,Gabriel Campos,Chat Inativo,Baixa,Resolvido,MAGNUM ESQUADRIAS (ESPACO DO VIDRO),Marcio,Empresa,Segunda,2026-08,32
59071,Público,Chat inativo,2026-07-29,Gabriel Campos,Chat Inativo,Baixa,Resolvido,DELLO ESQUADRIAS DE ALUMINIO,João Carvalho,Empresa,Quarta,2026-07,31
59255,Público,Agendamento de atendimento ao cliente ,2026-07-31,Gabriel Campos,Dúvidas,Alta,Resolvido,GRUPO ISA,Tisec,Não classificado,Sexta,2026-07,31
59786,Público,Agendamento de atendimento ao cliente ,2026-08-10,Gabriel Campos,Dúvidas,Alta,Resolvido,ALCONORT,Samu,Atendimento CEM EXCLUSIVE,Segunda,2026-08,33
59124,Público,Transferência de departamento - Financeiro,2026-07-30,Gabriel Campos,Transferência de Departamento,Alta,Resolvido,ALUMIVIDROS,Cristiane,Empresa,Quinta,2026-07,31
59013,Público,Dúvida referente a desativar obra,2026-07-29,Gabriel Campos,Dúvidas,Alta,Resolvido,CENTRO NORTE ESQUADRIAS,Jadson Martins,Empresa,Quarta,2026-07,31
59459,Público,Volta de banco de dados ,2026-08-05,Gabriel Campos,Instalação,Alta,Resolvido,CENTRO NORTE ESQUADRIAS,Jadson Martins,Empresa,Quarta,2026-08,32
59446,Público,Agendamento de atendimento ao cliente ,2026-08-04,Gabriel Campos,Dúvidas,Alta,Resolvido,CENTRO NORTE ESQUADRIAS,Jadson Martins,Empresa,Terça,2026-08,32
59192,Público,Dúvida referente a dimensões de tipologias ,2026-07-31,Giovana de Miranda,Dúvidas,Alta,Resolvido,NOVO ALUMINIO,Projetos Sevven,Empresa,Sexta,2026-07,31
59240,Público,Atualização de materiais Hydro,2026-07-31,Giovana de Miranda,Dúvidas,Alta,Resolvido,NOVO ALUMINIO,Projetos Sevven,Empresa,Sexta,2026-07,31
59258,Público,Atualização de build,2026-07-31,Giovana de Miranda,Atualização Versão e Build,Alta,Resolvido,NOVO ALUMINIO,Projetos Sevven,Empresa,Sexta,2026-07,31
59789,Público,Atalho do sistema em rede,2026-08-10,Giovana de Miranda,Instalação,Alta,Resolvido,GRUPO ISA,Antônio Carlos - Agilisa,Não classificado,Segunda,2026-08,33
59911,Público,Chat inativo,2026-08-11,Giovana de Miranda,Chat Inativo,Baixa,Resolvido,SMART METAL,LUIZ QUADROS,Empresa,Terça,2026-08,33
59212,Público,Dúvida referente a selecionar vidro nas opções de montagem,2026-07-31,Giovana de Miranda,Dúvidas,Alta,Resolvido,PERFISUD,Guilherme Goulart,Empresa,Sexta,2026-07,31
59215,Público,Transferencia de departamento - CT,2026-07-31,Giovana de Miranda,Transferência de Departamento,Alta,Resolvido,PERFISUD,Guilherme Goulart,Empresa,Sexta,2026-07,31
59384,Público,Teste de ping e rede + chat inativo,2026-08-04,Giovana de Miranda,Instalação,Alta,Resolvido,AXIWIL,Nicole Ferreira - Corpora,Empresa,Terça,2026-08,32
59426,Público,Configuração de servidor (nova estrutura bin e calculo),2026-08-04,Giovana de Miranda,Instalação,Alta,Resolvido,LOJA DO VIDRO PIRACICABA,Flávio Projetos,Empresa,Terça,2026-08,32
59471,Público,Dúvida referente a aproveitamento por etapa,2026-08-05,Giovana de Miranda,Dúvidas,Alta,Resolvido,RAJA SOCIEDADE UNIPESSOAL LTDA,Carlos Carvalho,Não classificado,Quarta,2026-08,32
59633,Público,transferência de departamento - financeiro,2026-08-06,Giovana de Miranda,Transferência de Departamento,Alta,Resolvido,DURANT FACHADAS E ESQUADRIAS,Marceli,Empresa,Quinta,2026-08,32
59396,Público,Auto resolução,2026-08-04,Giovana de Miranda,Chat Inativo,Baixa,Resolvido,PREMIUM METAL (ANTIGO 9996),Ronne,Empresa,Terça,2026-08,32
59734,Público,Acesso via HTML 5,2026-08-07,Giovana de Miranda,Nuvem Cloud,Alta,Resolvido,WA ESQUADRIAS DE ALU,ALINE,Empresa,Sexta,2026-08,32
59585,Público,Dúvida referente a colocar arquivo de relatório na pasta rpts_custom,2026-08-06,Giovana de Miranda,Dúvidas,Alta,Resolvido,ESSENCIAL LA ESQUADRIAS,Departamento De Projetos Essencial,Empresa,Quinta,2026-08,32
59540,Público,Dúvida referente a emissão de relatorios,2026-08-05,Giovana de Miranda,Dúvidas,Alta,Resolvido,NOROESTE VIDROS,Pedro (CONF. PROJETOS),Empresa,Quarta,2026-08,32
59328,Público,Offline message,2026-08-03,Giovana de Miranda,Tickets Offline,Média,Resolvido,GRUPO VAX (Antiga 6687),João,Empresa,Segunda,2026-08,32
59015,Público,Dúvida referente a mix de obra em produção,2026-07-29,Giovana de Miranda,Dúvidas,Alta,Resolvido,ATENUA SOM,Marcos Projeto,Empresa,Quarta,2026-07,31
59250,Público,Atualização de materiais da decamp,2026-07-31,Giovana de Miranda,Dúvidas,Alta,Resolvido,VIDRACARIA CENTRAL,orcamento@vidracariacentral.com.br,Empresa,Sexta,2026-07,31
59894,Público,Personalização de relatório,2026-08-11,Giovana de Miranda,Dúvidas,Alta,Resolvido,L2 ASSESSORIA TECNICA,luciane de almeida leote,Não classificado,Terça,2026-08,33
59995,Público,Auto resolução,2026-08-12,Giovana de Miranda,Chat Inativo,Baixa,Resolvido,L2 ASSESSORIA TECNICA,luciane de almeida leote,Não classificado,Quarta,2026-08,33
59680,Público,Atualização de build,2026-08-07,Giovana de Miranda,Atualização Versão e Build,Alta,Resolvido,CLN ESQUADRIAS,Lucas Santos,Empresa,Sexta,2026-08,32
59989,Público,Atalho do sistema em rede + cadastro de vidro,2026-08-12,Giovana de Miranda,Instalação,Alta,Resolvido,SANTANA ESQUADRIAS M,Fernanda,Empresa,Quarta,2026-08,33
59666,Público,Dúvida referente á existência de material,2026-08-07,Giovana de Miranda,Dúvidas,Alta,Resolvido,ART ESQUADRIAS,Thiago,Não classificado,Sexta,2026-08,32
59271,Público,Teste de ping e rede,2026-07-31,Giovana de Miranda,Instalação,Alta,Resolvido,CRISTALMAIS (ANTIGO 883),FLAVIO MACHADO,Empresa,Sexta,2026-07,31
59679,Público,Dúvida referente á licenças disponíveis no sistema,2026-08-07,Giovana de Miranda,Dúvidas,Alta,Resolvido,ALL FORMA SOLUCOES EM ALUMINIO E MADEIRA (ANTIGO 878),Bianca,Empresa,Sexta,2026-08,32
59765,Público,Dúvida referente a emissão de romaneio + chat inativo,2026-08-10,Giovana de Miranda,Dúvidas,Alta,Resolvido,RJ ESQUADRIAS,RJ Produção,Empresa,Segunda,2026-08,33
59375,Público,Atualização de material Decamp,2026-08-04,Giovana de Miranda,Dúvidas,Alta,Resolvido,RD FABRICACOES,Sá - RD,Empresa,Terça,2026-08,32
59360,Público,Agendamento de atualização de material DECAMP,2026-08-03,Giovana de Miranda,Dúvidas,Alta,Resolvido,RD FABRICACOES,Sá - RD,Empresa,Segunda,2026-08,32
59355,Público,Atalho do sistema em rede,2026-08-03,Giovana de Miranda,Instalação,Alta,Resolvido,ESQUADRICENTER,Esquadricenter,Empresa,Segunda,2026-08,32
59950,Público,Acesso via remote app,2026-08-11,Giovana de Miranda,Nuvem Cloud,Alta,Resolvido,UNIKA VIDROS E ALUMINIO,Marcio Ricardo,Empresa,Terça,2026-08,33
59889,Público,Dúvida referente a cadastro de cores em vidros,2026-08-11,Giovana de Miranda,Dúvidas,Alta,Resolvido,M2 ESQUADRIAS DE ALUMINIO,Andrêza Queiroz,Empresa,Terça,2026-08,33
59076,Público,Transferencia de departamento - relatórios personalizados,2026-07-29,Giovana de Miranda,Transferência de Departamento,Alta,Resolvido,M2 ESQUADRIAS DE ALUMINIO,Andrêza Queiroz,Empresa,Quarta,2026-07,31
59283,Público,Dúvida referente a importar material,2026-08-03,Giovana de Miranda,Dúvidas,Alta,Resolvido,GUILES ESQUADRIAS,Joyce Gomes,Empresa,Segunda,2026-08,32
59091,Público,Personalização de relatórios ,2026-07-30,Giovana de Miranda,Dúvidas,Alta,Resolvido,ALUMAN,"""""Uma voz para quem quer voltar para casa""""",Empresa,Quinta,2026-07,31
59167,Público,Personalização de relatorios,2026-07-30,Giovana de Miranda,Dúvidas,Alta,Resolvido,ALUMAN,"""""Uma voz para quem quer voltar para casa""""",Empresa,Quinta,2026-07,31
59011,Público,Atualização de material VT-EXEMPLO + chat inativo,2026-07-29,Giovana de Miranda,Dúvidas,Alta,Resolvido,RD FABRICACOES,Gabrielle,Empresa,Quarta,2026-07,31
59400,Público,Vai chamar novamente,2026-08-04,Giovana de Miranda,Chat Inativo,Baixa,Resolvido,RD FABRICACOES,Gabrielle,Empresa,Terça,2026-08,32
59337,Público,Transferência de departamento - financeiro + chat inativo,2026-08-03,Giovana de Miranda,Transferência de Departamento,Alta,Resolvido,MOLDURENSE VIDROS,Yuta,Empresa,Segunda,2026-08,32
59807,Público,Dúvida referente a cadastro de materiais + otimização de perfis + alteração de projeto,2026-08-10,Giovana de Miranda,Dúvidas,Alta,Resolvido,HOFF - SOLUCOES EM ESQUADRIAS E VIDRO,Djeferson Campos,Empresa (Onboarding),Segunda,2026-08,33
59117,Público,Dúvida referente requisitos de hardware,2026-07-30,Giovana de Miranda,Dúvidas,Alta,Resolvido,VIDRACARIA IPIRANGA,Éder Dias,Empresa,Quinta,2026-07,31
59758,Público,Transferencia de departamento - Comercial,2026-08-10,Giovana de Miranda,Transferência de Departamento,Alta,Resolvido,JEL (ANTIGA SEJAL 9926),Henrique,Empresa,Segunda,2026-08,33
59041,Público,Auto resolução,2026-07-29,Giovana de Miranda,Chat Inativo,Baixa,Resolvido,INOVAR,Orçamento Inovar - Eliane,Empresa,Quarta,2026-07,31
59962,Público,Dúvida referente a liberação do sistema + chat inativo,2026-08-11,Giovana de Miranda,Dúvidas,Alta,Resolvido,OLI ESQUADRIAS,Rafa Cris,Não classificado,Terça,2026-08,33
59246,Público,Transferencia de departamento - relatórios personalizados,2026-07-31,Giovana de Miranda,Transferência de Departamento,Alta,Resolvido,TALENTUS ESQUADRIAS (Antiga 674),Ismael,Empresa,Sexta,2026-07,31
59885,Público,Liberação do sistema + chat inativo,2026-08-11,Giovana de Miranda,Dúvidas,Alta,Resolvido,ESQUADRIAS PARANÁ,Gabi/Sabrina,Empresa,Terça,2026-08,33
59110,Público,Transferencia de departamento - financeiro,2026-07-30,Giovana de Miranda,Transferência de Departamento,Alta,Resolvido,ALUMEN ESQUADRIAS DE ALUMINIO,Greice,Empresa,Quinta,2026-07,31
59063,Público,Atualização de build,2026-07-29,Giovana de Miranda,Atualização Versão e Build,Alta,Resolvido,CARLOS HENRIQUE GOMES JUNIOR,Jane,Empresa,Quarta,2026-07,31
59281,Público,Offline message,2026-08-03,Giovana de Miranda,Tickets Offline,Média,Em atendimento,ATUAL VIDROS,Carol - Atual Móveis e Esquadrias,Empresa,Segunda,2026-08,32
59225,Público,Atualização de build,2026-07-31,Giovana de Miranda,Atualização Versão e Build,Alta,Resolvido,AMX ESQUADRIAS EM ALUMINIO (Antiga 1059),Fabio Moura | AMX Esquadrias,Empresa,Sexta,2026-07,31
59827,Público,Transferencia de departamento - Comercial,2026-08-10,Giovana de Miranda,Transferência de Departamento,Alta,Resolvido,ALUMITER(Cancelado),Heilha Vithoria,Empresa,Segunda,2026-08,33
59326,Público,Offline message,2026-08-03,Giovana de Miranda,Tickets Offline,Média,Resolvido,RJ ESQUADRIAS,Enzo Bosnic,Empresa,Segunda,2026-08,32
59138,Público,Transferencia de departamento - faktory,2026-07-30,Giovana de Miranda,Transferência de Departamento,Alta,Resolvido,RJ ESQUADRIAS,Enzo Bosnic,Empresa,Quinta,2026-07,31
59616,Público,Link de acesso egcloud + salvar observações gerais,2026-08-06,Giovana de Miranda,Nuvem Cloud,Alta,Resolvido,RAPIDAO VIDROS (ANTIGO 7255),José Cláudio,Empresa,Quinta,2026-08,32
59102,Público,Atualização de build + analise de relatorio,2026-07-30,Giovana de Miranda,Atualização Versão e Build,Alta,Resolvido,UNIKA VIDROS E ALUMINIO,Edmar Carvalho,Empresa,Quinta,2026-07,31
59125,Público,transferência de departamento - relatórios personalizados,2026-07-30,Giovana de Miranda,Transferência de Departamento,Alta,Resolvido,ALQUALI,Martha Wittica,Empresa,Quinta,2026-07,31
59845,Público,Agendamento de atendimento ao cliente,2026-08-10,Giovana de Miranda,Dúvidas,Alta,Resolvido,JOIA ALUMINIO E VIDRO,Melissa Marôcco,Empresa,Segunda,2026-08,33
59450,Público,Auto resolução,2026-08-04,Giovana de Miranda,Chat Inativo,Baixa,Resolvido,EXALUM ALUMINIO,IVO GONÇALVES,Empresa,Terça,2026-08,32
59043,Público,Dúvida referente a formula tampedaco,2026-07-29,Giovana de Miranda,Dúvidas,Alta,Resolvido,ALUCOM,Elaine - Alucom Esquadrias,Empresa,Quarta,2026-07,31
59742,Público,Dúvida referente a formula tampedaco,2026-08-07,Giovana de Miranda,Dúvidas,Alta,Resolvido,HIPERVIDRO,Guilherme,Empresa,Sexta,2026-08,32
59764,Público,Dúvida referente a formula tampedaco,2026-08-10,Giovana de Miranda,Dúvidas,Alta,Resolvido,HIPERVIDRO,Guilherme,Empresa,Segunda,2026-08,33
59705,Público,Dúvida referente a melhoria de pedido de venda para funcionalidade no XML,2026-08-07,Giovana de Miranda,Melhorias,Alta,Resolvido,INSTALAR VIDROS (CARVALHO VIDROS(7150)),Carlos Eduardo de Souza Vieira,Empresa,Sexta,2026-08,32
59965,Público,Erro referente a substituições da obra (rowindex out of range),2026-08-11,Giovana de Miranda,Dúvidas,Alta,Resolvido,FORTGLASS SOLUCOES EM VIDROS E ESQUADRIAS (ANTIGA 9445),Cláudio José,Atendimento CEM EXCLUSIVE,Terça,2026-08,33
59887,Público,Dúvida referente à cadastro de referencia de acabamento,2026-08-11,Giovana de Miranda,Dúvidas,Alta,Resolvido,BRUBOX ALUMINIO E VIDRO (ANTIGO 896),Bruno Munhoz Soares,Empresa,Terça,2026-08,33
59340,Público,Dúvida referente a edição em elementos construtivos,2026-08-03,Giovana de Miranda,Dúvidas,Alta,Resolvido,ESQUADRIPRO,Marcus V K Camargo,Empresa,Segunda,2026-08,32
59302,Público,Dúvida referente a substituições gerais,2026-08-03,Giovana de Miranda,Dúvidas,Alta,Resolvido,ESQUADRIPRO,Marcus V K Camargo,Empresa,Segunda,2026-08,32
59704,Público,Transferencia de departamento - Comercial,2026-08-07,Giovana de Miranda,Transferência de Departamento,Alta,Resolvido,ENE VIDROS,Ailton Araujo,Empresa,Sexta,2026-08,32
59436,Público,Atualização de build,2026-08-04,Giovana de Miranda,Atualização Versão e Build,Alta,Resolvido,ALCONT ALUMÍNIO,Volmar da Silva,Empresa,Terça,2026-08,32
59278,Público,Offline message,2026-07-31,Giovana de Miranda,Tickets Offline,Média,Resolvido,BRUBOX ALUMINIO E VIDRO (ANTIGO 896),Bruno Munhoz Soares,Empresa,Sexta,2026-07,31
59065,Público,Atualização de build,2026-07-29,Giovana de Miranda,Atualização Versão e Build,Alta,Resolvido,WANIA LIDIANE PEREIRA,Wania,Não classificado,Quarta,2026-07,31
59754,Público,Erro de registro de sistema,2026-08-10,Giovana de Miranda,Erros,Alta,Resolvido,SP ESQUADRIAS,Carlos,Empresa,Segunda,2026-08,33
59280,Público,Offline message,2026-08-03,Giovana de Miranda,Tickets Offline,Média,Resolvido,J GIANINI,THOMAS TÉCNICO,Atendimento CEM EXCLUSIVE,Segunda,2026-08,32
59900,Público,Dúvida referente a exportar tabela de custos para excel,2026-08-11,Giovana de Miranda,Dúvidas,Alta,Resolvido,MAXIBELL PORTAS E JANELAS,Álvaro Moreira,Empresa,Terça,2026-08,33
59590,Público,"Personalização de etiquetas (Perfis, Vidros e Superficies)",2026-08-06,Giovana de Miranda,Dúvidas,Alta,Resolvido,COSBIEM,Eliel Lacerda,Empresa,Quinta,2026-08,32
59297,Público,Reiniciar banco,2026-08-03,Giovana de Miranda,Instalação,Alta,Resolvido,SUPER VETRO - QUALIDADE SUPERIOR EM VIDROS,Samuel Thomas,Empresa,Segunda,2026-08,32
59047,Público,Transferencia de departamento - Faktory,2026-07-29,Giovana de Miranda,Transferência de Departamento,Alta,Resolvido,BETO ESQUADRIAS,Beto Esquadrias,Empresa,Quarta,2026-07,31
59838,Público,Dúvida referente à níveis de acesso para obras em produção,2026-08-10,Giovana de Miranda,Dúvidas,Alta,Resolvido,CRISTAL VIDROS CHAPADA,Marco,Empresa,Segunda,2026-08,33
59772,Público,Dúvida referente a cadastro de perfis,2026-08-10,Giovana de Miranda,Dúvidas,Alta,Resolvido,EBENEZER (Antigo 552),ELTON,Empresa,Segunda,2026-08,33
59404,Público,Atualização de build,2026-08-04,Giovana de Miranda,Atualização Versão e Build,Alta,Resolvido,FACCE,denis,Empresa,Terça,2026-08,32
59808,Público,Transferencia de departamento - Relatorios personalizados,2026-08-10,Giovana de Miranda,Transferência de Departamento,Alta,Resolvido,DIALC,Bruno,Empresa,Segunda,2026-08,33
59735,Público,Dúvida referente à cadastro de croquis,2026-08-07,Giovana de Miranda,Dúvidas,Alta,Resolvido,ELLO,Jaylane,Empresa,Sexta,2026-08,32
59806,Público,Auto resolução,2026-08-10,Giovana de Miranda,Chat Inativo,Baixa,Resolvido,LP2 ENGENHARIA E ASSESSORIA LTDA,Lucas Petzold,Empresa,Segunda,2026-08,33
59059,Público,Dúvida referente a adicionar Modelo 3d na tipologia,2026-07-29,Giovana de Miranda,Dúvidas,Alta,Resolvido,GOIS ESQUADRIAS,Arthur,Empresa,Quarta,2026-07,31
59468,Público,Dúvida referente à níveis de acesso,2026-08-05,Giovana de Miranda,Dúvidas,Alta,Resolvido,ALUMIPRO ESQUADRIAS,Vitória,Empresa,Quarta,2026-08,32
59398,Público,Chat inativo,2026-08-04,Giovana de Miranda,Chat Inativo,Baixa,Resolvido,METALURGICA CENTENARIO,Camila,Empresa,Terça,2026-08,32
59726,Público,Configuração de registro de sistema para banco novo,2026-08-07,Giovana de Miranda,Instalação,Alta,Resolvido,Preference Mercosur,Iago Oliveira,Empresa,Sexta,2026-08,32
59417,Público,Atalho do sistema via rede,2026-08-04,Giovana de Miranda,Instalação,Alta,Resolvido,PORTE ESQUADRIAS,Otavio,Empresa,Terça,2026-08,32
59782,Público,Dúvida referente à composição de tipologia desatualizada,2026-08-10,Giovana de Miranda,Dúvidas,Alta,Resolvido,PORTE ESQUADRIAS,Otavio,Empresa,Segunda,2026-08,33
59309,Público,Dúvida referente a cadastro de acabamento,2026-08-03,Giovana de Miranda,Dúvidas,Alta,Resolvido,ALUMITEMPER,Mayra,Empresa,Segunda,2026-08,32
59353,Público,Dúvida referente a cadastro de referencia de acabamento,2026-08-03,Giovana de Miranda,Dúvidas,Alta,Resolvido,LOUGUESS,Paulo Henrique Breda Conceição,Empresa,Segunda,2026-08,32
59866,Público,Dúvida referente a exportar XML de vendas,2026-08-10,Giovana de Miranda,Dúvidas,Alta,Resolvido,LOUGUESS,Paulo Henrique Breda Conceição,Empresa,Segunda,2026-08,33
59652,Público,Dúvida em como usar o MIX de Obras,2026-08-06,Daniel Joaquim ,Dúvidas,Alta,Resolvido,ALTO PADRAO (ANTIGO 10177),Orçamentos - Alto Padrão Fachadas e Esquadrias,Empresa,Quinta,2026-08,32
59592,Público,Atalho do sistema em rede,2026-08-06,Daniel Joaquim ,Instalação,Alta,Resolvido,PORTE ESQUADRIAS,Otavio,Empresa,Quinta,2026-08,32
59756,Público,Atualização de build 0723,2026-08-10,Daniel Joaquim ,Atualização Versão e Build,Alta,Resolvido,LP2 ENGENHARIA E ASSESSORIA LTDA,Lucas Petzold,Empresa,Segunda,2026-08,33
59132,Público,Dúvida em como desativar perfil,2026-07-30,Daniel Joaquim ,Dúvidas,Alta,Resolvido,RJ ALUMINIUM,Aluminium Esquadrias,Não classificado,Quinta,2026-07,31
59519,Público,Dúvida em como desativar esquadrias,2026-08-05,Daniel Joaquim ,Dúvidas,Alta,Resolvido,ELLO,Jaylane,Empresa,Quarta,2026-08,32
59527,Público,Dúvida em como funciona desativar materiais,2026-08-05,Daniel Joaquim ,Dúvidas,Alta,Resolvido,ELLO,Jaylane,Empresa,Quarta,2026-08,32
59828,Público,Dúvida em como aplicar filtros individuais,2026-08-10,Daniel Joaquim ,Dúvidas,Alta,Resolvido,PAGOTTO ALUMINIO,Larissa,Empresa,Segunda,2026-08,33
59137,Público,Dúvida em como salvar arquivos do CEM no EGCLOUD,2026-07-30,Daniel Joaquim ,Nuvem Cloud,Alta,Resolvido,TECNICA,Marcela,Empresa,Quinta,2026-07,31
59282,Público,Alteração de Cfgrede para nome da máquina + atualização de build 0723,2026-08-03,Daniel Joaquim ,Dúvidas,Alta,Resolvido,VIDROS E FERRAGENS RABELO,Vidros e Ferragens Rabelo,Empresa,Segunda,2026-08,32
59111,Público,Atualização de build 0723 + atualização de material MOF (tera),2026-07-30,Daniel Joaquim ,Dúvidas,Alta,Resolvido,TERA METAIS,Roan Leonardo Silva,Empresa,Quinta,2026-07,31
59567,Público,Transferência de departamento - Comercial,2026-08-06,Daniel Joaquim ,Transferência de Departamento,Alta,Resolvido,ALCONORT,Setor Técnico,Atendimento CEM EXCLUSIVE,Quinta,2026-08,32
59027,Público,Análise na infraestrutura do cliente,2026-07-29,Daniel Joaquim ,Erros,Alta,Resolvido,JOIA ALUMINIO E VIDRO,"Evandro Pena,JOIA ALUMINIO E VIDRO » Wagner",Empresa,Quarta,2026-07,31
59883,Público,Dúvida na importação de cadastro de esquadria + atualização de material MOF (DECAMP),2026-08-11,Daniel Joaquim ,Dúvidas,Alta,Resolvido,SAO JOSE  (RIBEIRAO),Serralheria São José,Empresa,Terça,2026-08,33
59618,Público,Atualização de build 0723,2026-08-06,Daniel Joaquim ,Atualização Versão e Build,Alta,Resolvido,G4 ESQUADRIAS E FACHADAS,Bruno Lima,Empresa,Quinta,2026-08,32
59062,Público,Dúvida em como copiar e colar tipologia e alterar as medidas + personalização de relatórios + chat inativo,2026-07-29,Daniel Joaquim ,Dúvidas,Alta,Resolvido,VIDRACARIA KEOPS,Carolina,Empresa,Quarta,2026-07,31
59441,Público,Atalho do sistema em rede,2026-08-04,Daniel Joaquim ,Instalação,Alta,Resolvido,ESQUADRA SERRALHERIA,Kleiton,Empresa,Terça,2026-08,32
59637,Público,Erro de cálculo devido ao tamanho da bandeira,2026-08-06,Daniel Joaquim ,Dúvidas,Alta,Resolvido,ALUMITAM,PAULA,Empresa,Quinta,2026-08,32
59389,Público,Migração do local para o cloud,2026-08-04,Daniel Joaquim ,Instalação,Alta,Resolvido,ALUMIARTE ALUMINIO,Mauricio - Alumiarte Ltda,Empresa,Terça,2026-08,32
59072,Público,Chat inativo,2026-07-29,Daniel Joaquim ,Chat Inativo,Baixa,Resolvido,SAO LUIZ ESQUADRIAS DE ALUMINIO (ANTIGO 814),KATIA,Empresa,Quarta,2026-07,31
59859,Público,Dúvida em como apontar perfil especial,2026-08-10,Daniel Joaquim ,Dúvidas,Alta,Resolvido,ALOX ALUMINIUM,GRAZIELE,Empresa,Segunda,2026-08,33
59435,Público,Atualização de build 0723 + atualização de material MOF (todos) + agendamento atualização de material,2026-08-04,Daniel Joaquim ,Dúvidas,Alta,Resolvido,VIDRACARIA BARBOSA ESQ,Eduarda Ag Barbosa,Empresa,Terça,2026-08,32
59289,Público,Erro de tela sobreposta + atualização de build 0723,2026-08-03,Daniel Joaquim ,Erros,Alta,Resolvido,TLA ESQUADRIAS DE ALUMINIO LTDA,Thomas August,Empresa,Segunda,2026-08,32
59841,Público,Dúvida na substituição de perfil ,2026-08-10,Daniel Joaquim ,Dúvidas,Alta,Resolvido,MAURICIO KAMINKER,Mauricio,Empresa,Segunda,2026-08,33
59895,Público,Transferência de departamento - Financeiro + chat inativo,2026-08-11,Daniel Joaquim ,Transferência de Departamento,Alta,Resolvido,ALUMINIA PVC (ANTIGO 867),,Empresa,Terça,2026-08,33
59066,Público,Dúvida em como exportar o cadastro de componente da UDINESE pelo CEMTools,2026-07-29,Daniel Joaquim ,Dúvidas,Alta,Resolvido,JOIA ALUMINIO E VIDRO,Melissa Marôcco,Empresa,Quarta,2026-07,31
59840,Público,Dúvidas na integração via API com o CEM,2026-08-10,Daniel Joaquim ,Dúvidas,Alta,Resolvido,LOUGUESS,Diogo Rodrigues,Empresa,Segunda,2026-08,33
59784,Público,Dúvida na integração do CEM,2026-08-10,Daniel Joaquim ,Dúvidas,Alta,Resolvido,LOUGUESS,Diogo Rodrigues,Empresa,Segunda,2026-08,33
59728,Público,Dúvida no tampedaco + chat inativo,2026-08-07,Daniel Joaquim ,Dúvidas,Alta,Resolvido,VIDRARE - SOLUCOES EM VIDROS,Cleber Silva,Empresa,Sexta,2026-08,32
59465,Público,Dúvida em relação a lentidão + chat inativo,2026-08-05,Daniel Joaquim ,Erros,Baixa,Resolvido,DOMINIC ESQUADRIAS,Daiane,Empresa,Quarta,2026-08,32
59315,Público,Analise técnica na tipologia do base + chat inativo,2026-08-03,Daniel Joaquim ,Dúvidas,Alta,Resolvido,FINNEZE ALUMINIO,Tone Filho,Empresa,Segunda,2026-08,32
59367,Público,Dúvida no cálculo de itens,2026-08-03,Daniel Joaquim ,Dúvidas,Alta,Resolvido,FINNEZE ALUMINIO,Tone Filho,Empresa,Segunda,2026-08,32
59188,Público,Agendamento de atendimento para cadastrar vidro no sistema,2026-07-31,Daniel Joaquim ,Dúvidas,Alta,Resolvido,METASUL ESQUADRIAS DE ALUMINIO,DINIS,Empresa,Sexta,2026-07,31
59972,Público,Agendamento de atualização do CEM ,2026-08-11,Daniel Joaquim ,Dúvidas,Alta,Resolvido,AWH ESQUADRIAS DE ALUMINIO,Daniela,Empresa,Terça,2026-08,33
59991,Público,Atualização de build 0723 + atualização de material MOF (Perfil),2026-08-12,Daniel Joaquim ,Dúvidas,Alta,Resolvido,AWH ESQUADRIAS DE ALUMINIO,Daniela,Empresa,Quarta,2026-08,33
59740,Público,Chat inativo,2026-08-07,Daniel Joaquim ,Chat Inativo,Baixa,Resolvido,MONDO ALUMINIO CONSULTORIA EM ESQUADRIAS E FACHADAS,Daniel B.U,Empresa,Sexta,2026-08,32
60004,Público,Atualização de build 0213 > 0723,2026-08-12,Daniel Joaquim ,Atualização Versão e Build,Alta,Resolvido,MSE ESQUADRIAS,Luiz Augusto Araujo Rolla,Empresa,Quarta,2026-08,33
59403,Público,Analise técnica na opção de montagem do cliente + chat inativo,2026-08-04,Daniel Joaquim ,Dúvidas,Alta,Resolvido,VIDRO ALUMINIO E CIA,Cacildo Cavalcanti,Empresa,Terça,2026-08,32
59442,Público,Dúvida no cadastro de kit de vidro,2026-08-04,Daniel Joaquim ,Dúvidas,Alta,Resolvido,CNN INOX,JULIANE,Empresa,Terça,2026-08,32
59382,Público,Erro de não confere na esquadria,2026-08-04,Daniel Joaquim ,Erros,Alta,Resolvido,PERFIL,Hernan Dario Chalarca Toro,Empresa,Terça,2026-08,32
59943,Público,Migração do local para o cloud,2026-08-11,Daniel Joaquim ,Instalação,Alta,Resolvido,STAL ESQUADRIAS,Robson Ganzella,Empresa,Terça,2026-08,33
59643,Público,Agendamento de migração para o CLOUD,2026-08-06,Daniel Joaquim ,Dúvidas,Alta,Resolvido,STAL ESQUADRIAS,Robson Ganzella,Empresa,Quinta,2026-08,32
59103,Público,Dúvida em como trocar o código da esquadria + dúvida em como desativar esquadrias,2026-07-30,Daniel Joaquim ,Dúvidas,Alta,Resolvido,VIDRACARIA CATALANA,Eduarda Aquino ?,Empresa,Quinta,2026-07,31
59538,Público,Chat inativo,2026-08-05,Daniel Joaquim ,Chat Inativo,Baixa,Resolvido,RD FABRICACOES,Gabrielle,Empresa,Quarta,2026-08,32
59493,Público,Chat inativo,2026-08-05,Daniel Joaquim ,Chat Inativo,Baixa,Resolvido,RD FABRICACOES,Gabrielle,Empresa,Quarta,2026-08,32
59168,Público,Chat inativo,2026-07-30,Daniel Joaquim ,Chat Inativo,Baixa,Resolvido,RD FABRICACOES,Gabrielle,Empresa,Quinta,2026-07,31
59942,Público,Auto resolução,2026-08-11,Daniel Joaquim ,Chat Inativo,Baixa,Resolvido,ALUMAN,"""""Uma voz para quem quer voltar para casa""""",Empresa,Terça,2026-08,33
59907,Público,Dúvida em como salvar como a esquadria GOL-PCR200,2026-08-11,Daniel Joaquim ,Dúvidas,Alta,Resolvido,VIDRO & CIA,vidroeciabp2,Empresa,Terça,2026-08,33
59347,Público,Agendamento de atendimento para fórmula de passo,2026-08-03,Daniel Joaquim ,Dúvidas,Alta,Resolvido,P.A ESQUADRIAS DE ALUMINIO,GUSTAVO,Não classificado,Segunda,2026-08,32
59634,Público,Atualização de build 0322 > 0723 + atualização de material MOF (base-orçamento),2026-08-06,Daniel Joaquim ,Dúvidas,Alta,Resolvido,JCM PORTAS E ESQUADRIAS EM ALUMINIO,Jorge de Santana Rodrigue,Não classificado,Quinta,2026-08,32
59268,Público,Atualização de build 0723 + chat inativo,2026-07-31,Daniel Joaquim ,Atualização Versão e Build,Alta,Resolvido,METALGLASS ESQUADRIAS DE ALUMINIO (ANTIGO 8073),Josianne Metal Glass Esquadrias,Empresa,Sexta,2026-07,31
59923,Público,Dúvida em como derrubar usuário ,2026-08-11,Daniel Joaquim ,Dúvidas,Alta,Resolvido,BWX ESQUADRIAS,Douglas Faria,Empresa,Terça,2026-08,33
59916,Público,Dúvida em como desbloquear tipos de vidros na esquadria,2026-08-11,Daniel Joaquim ,Dúvidas,Alta,Resolvido,MARCO TOFFOLI,Maria Eduarda,Empresa,Terça,2026-08,33
59023,Público,Transferência de departamento - Financeiro,2026-07-29,Daniel Joaquim ,Transferência de Departamento,Alta,Resolvido,UNIT ESQUADRIAS,"Jônatas,UNIT ESQUADRIAS » UNIT Técnico",Empresa,Quarta,2026-07,31
59577,Público,Dúvida no desbloqueio de vidro de espessura de vidro,2026-08-06,Daniel Joaquim ,Dúvidas,Alta,Resolvido,SANTANA ESQUADRIAS M,Fernanda,Empresa,Quinta,2026-08,32
59738,Público,Classes/ids dos acabamentos embaralhados,2026-08-07,Daniel Joaquim ,Dúvidas,Alta,Resolvido,CLN ESQUADRIAS,Lucas Santos,Empresa,Sexta,2026-08,32
59708,Público,Agendamento de atendimento,2026-08-07,Daniel Joaquim ,Dúvidas,Alta,Resolvido,CLN ESQUADRIAS,Lucas Santos,Empresa,Sexta,2026-08,32
59342,Público,Atalho do sistema em rede,2026-08-03,Daniel Joaquim ,Instalação,Alta,Resolvido,CLEMENTE ACM &amp  DESIGN,Dyool,Empresa,Segunda,2026-08,32
59849,Público,Dúvida na precificação de componentes,2026-08-10,Daniel Joaquim ,Dúvidas,Alta,Resolvido,GRUPO VAX (Antiga 6687),João,Empresa,Segunda,2026-08,33
59204,Público,Migração do local para o cloud,2026-07-31,Daniel Joaquim ,Instalação,Alta,Resolvido,VIDRATTA,Felipe Abreu,Empresa,Sexta,2026-07,31
59880,Público,Ajuste no relatório feito pelo suporte,2026-08-11,Daniel Joaquim ,Dúvidas,Alta,Resolvido,ESSENCIAL LA ESQUADRIAS,Departamento De Projetos Essencial,Empresa,Terça,2026-08,33
59913,Público,Chat inativo,2026-08-11,Daniel Joaquim ,Chat Inativo,Baixa,Resolvido,ESQUADRIPRO,EsquadriPro,Empresa,Terça,2026-08,33
59012,Público,Dúvida na existência na linha Elegance Mirror da HYDRO ,2026-07-29,Daniel Joaquim ,Dúvidas,Alta,Resolvido,DURANT FACHADAS E ESQUADRIAS,Marceli,Empresa,Quarta,2026-07,31
59546,Público,Lentidão no CEM devido a rede do cliente,2026-08-05,Daniel Joaquim ,Erros,Alta,Resolvido,PASSOLD SISTEMAS DE FACHADA,Edinei Cimardi,Empresa,Quarta,2026-08,32
59657,Público,Transferência de departamento - Financeiro + chat inativo,2026-08-06,Daniel Joaquim ,Transferência de Departamento,Alta,Resolvido,DURANT FACHADAS E ESQUADRIAS,GUSTAVO DURANT,Empresa,Quinta,2026-08,32
59598,Público,Upgrade -  ALMAIS ESQUADRIAS (6688),2026-08-06,Daniel Joaquim ,Implantação,Alta,Resolvido,Alumisoft Sistemas,Implantacao,Empresa,Quinta,2026-08,32
59624,Público,Upgrade -  REALIZA ESQUADRIAS (13746),2026-08-06,Daniel Joaquim ,Implantação,Alta,Resolvido,Alumisoft Sistemas,Implantacao,Empresa,Quinta,2026-08,32
59745,Público,Upgrade -  ALCONORT  (440),2026-08-07,Daniel Joaquim ,Implantação,Alta,Resolvido,Alumisoft Sistemas,Implantacao,Empresa,Sexta,2026-08,32
59555,Público,Upgrade -  A.F.P CONSTRUTORA E ESQUADRIAS (12887),2026-08-05,Daniel Joaquim ,Implantação,Alta,Resolvido,Alumisoft Sistemas,Implantacao,Empresa,Quarta,2026-08,32
59523,Público,Upgrade -  JLA VIDRAÇARIA E ESQUADRIAS (11797),2026-08-05,Daniel Joaquim ,Implantação,Alta,Resolvido,Alumisoft Sistemas,Implantacao,Empresa,Quarta,2026-08,32
59488,Público,Implantação + treinamento -  SCM GROUP TECMATIC MAQUINAS E EQUIPAMENTOS LTDA (13822),2026-08-05,Daniel Joaquim ,Implantação,Alta,Resolvido,Alumisoft Sistemas,Implantacao,Empresa,Quarta,2026-08,32
59083,Público,Downgrade -  VIDRACARIA CRISTIANO (13526),2026-07-29,Daniel Joaquim ,Implantação,Alta,Resolvido,Alumisoft Sistemas,Implantacao,Empresa,Quarta,2026-07,31
59104,Público,Migração -  COMERCIO DE VIDROS E ALUMINIOS (13808),2026-07-30,Daniel Joaquim ,Implantação,Alta,Resolvido,Alumisoft Sistemas,Implantacao,Empresa,Quinta,2026-07,31
59010,Público,Implantação + treinamento -  ALUMM ESQUADRIAS (13814),2026-07-29,Daniel Joaquim ,Implantação,Alta,Resolvido,Alumisoft Sistemas,Implantacao,Empresa,Quarta,2026-07,31
59038,Público,Implantação + treinamento -  IKA ESQUADRIAS DE ALUMINIO LTDA (13215),2026-07-29,Daniel Joaquim ,Implantação,Alta,Resolvido,Alumisoft Sistemas,Implantacao,Empresa,Quarta,2026-07,31
59196,Público,Migração -  ALUMIARTE ALUMINIO (1328),2026-07-31,Daniel Joaquim ,Implantação,Alta,Resolvido,Alumisoft Sistemas,Implantacao,Empresa,Sexta,2026-07,31
59140,Público,Implantação sem treinamento -  ESQUADROMINAS  (12753),2026-07-30,Daniel Joaquim ,Implantação,Alta,Resolvido,Alumisoft Sistemas,Implantacao,Empresa,Quinta,2026-07,31
59162,Público,Implantação sem treinamento -  CEFAP CENTRO DE FORMAÇÃO E APERFEICOAMENTO PROFISSIONAL LTDA (3533),2026-07-30,Daniel Joaquim ,Implantação,Alta,Resolvido,Alumisoft Sistemas,Implantacao,Empresa,Quinta,2026-07,31
59379,Público,Implantação sem treinamento -  GALPAO 33 (13817),2026-08-04,Daniel Joaquim ,Implantação,Alta,Resolvido,Alumisoft Sistemas,Implantacao,Empresa,Terça,2026-08,32
59220,Público,Implantação + treinamento -  ALUT ESQUADRIAS (13816),2026-07-31,Daniel Joaquim ,Implantação,Alta,Resolvido,Alumisoft Sistemas,Implantacao,Empresa,Sexta,2026-07,31
59272,Público,Upgrade -  INOVE ESQUADRIAS (13575),2026-07-31,Daniel Joaquim ,Implantação,Alta,Resolvido,Alumisoft Sistemas,Implantacao,Empresa,Sexta,2026-07,31
59888,Público,Upgrade -  PRIME VIDROS E ALUMINIO (10902),2026-08-11,Daniel Joaquim ,Implantação,Alta,Resolvido,Alumisoft Sistemas,Implantacao,Empresa,Terça,2026-08,33
59099,Público,Atualização de material MOF (TEXA),2026-07-30,Daniel Joaquim ,Dúvidas,Alta,Resolvido,LINEAR ALUMINIO,Cassio Ricardo,Não classificado,Quinta,2026-07,31
59847,Público,Chat inativo,2026-08-10,Daniel Joaquim ,Chat Inativo,Baixa,Resolvido,SMART METAL,LUIZ QUADROS,Empresa,Segunda,2026-08,33
59824,Público,Dúvida no cadastro de vidro + chat inativo,2026-08-10,Daniel Joaquim ,Dúvidas,Alta,Resolvido,SMART METAL,LUIZ QUADROS,Empresa,Segunda,2026-08,33
59771,Público,Dúvida na edição de condição de verificação + chat inativo,2026-08-10,Daniel Joaquim ,Dúvidas,Alta,Resolvido,FINESTRA & CIA,Finestra Esquadrias de Alumínio,Não classificado,Segunda,2026-08,33
59954,Público,Erro de calculo devido a falta de informações + chat inativo,2026-08-11,Daniel Joaquim ,Dúvidas,Alta,Resolvido,FINESTRA & CIA,Finestra Esquadrias de Alumínio,Não classificado,Terça,2026-08,33
59070,Público,Chat inativo,2026-07-29,Daniel Joaquim ,Chat Inativo,Baixa,Resolvido,MONTALUMI ESQUADRIAS,Montalumi - Orçamentos,Empresa,Quarta,2026-07,31
59692,Público,Dúvida em como editar elemento construtivo,2026-08-07,Daniel Joaquim ,Dúvidas,Alta,Resolvido,VIDRO & CIA,vidroeciabp2,Empresa,Sexta,2026-08,32
59783,Público,Instalação de atalho em rede (mapeamento) + importação de cadastro de esquadrias,2026-08-10,Patrick Nascimento,Instalação,Alta,Resolvido,FC DESENVOLVIMENTOS DE PROJETOS DE COMPRA E VENDA(DELPHI E CEMMOBI),Fernando Carvalho,Empresa,Segunda,2026-08,33
59219,Público,duvida de como alterar a linha da esquadria,2026-07-31,Patrick Nascimento,Dúvidas,Alta,Resolvido,FINESTRA & CIA,Finestra Esquadrias de Alumínio,Não classificado,Sexta,2026-07,31
59777,Público,transferência de departamento (financeiro),2026-08-10,Patrick Nascimento,Transferência de Departamento,Alta,Resolvido,SAM VIDROS,Thyago,Empresa,Segunda,2026-08,33
59449,Público,chat inativo,2026-08-04,Patrick Nascimento,Chat Inativo,Baixa,Resolvido,ALUSEVEN SERVICOS DE INSTALACAO DE ESQUADRIAS LTDA,Aluseven Orçamentos,Empresa,Terça,2026-08,32
59674,Público,Instalação de atalho em rede (mapeamento),2026-08-07,Patrick Nascimento,Instalação,Alta,Resolvido,GRUPO ISA,Antônio Carlos - Agilisa,Não classificado,Sexta,2026-08,32
59171,Público,solicitação de personalização de relatório,2026-07-30,Patrick Nascimento,Dúvidas,Alta,Resolvido,ELOGLASS,Eloglass - COMERCIAL,Empresa,Quinta,2026-07,31
59693,Público,duvida referente a similaridade de perfis,2026-08-07,Patrick Nascimento,Dúvidas,Alta,Resolvido,SCANMETAL,Carol,Empresa,Sexta,2026-08,32
59566,Público,Instalação de atalho em rede (mapeamento),2026-08-06,Patrick Nascimento,Instalação,Alta,Resolvido,AMAZON TEMPER,Dyogo Victor,Empresa,Quinta,2026-08,32
59341,Público,duvida de como reativar o cadastro do vidro,2026-08-03,Patrick Nascimento,Dúvidas,Alta,Resolvido,GRUPO VAX (Antiga 6687),João,Empresa,Segunda,2026-08,32
59729,Público,duvida referente a similaridade de perfis,2026-08-07,Patrick Nascimento,Dúvidas,Alta,Resolvido,ESTRUTURAL ALUMINIOS,Nayara Silveira,Empresa,Sexta,2026-08,32
59267,Público,Auto resolução,2026-07-31,Patrick Nascimento,Chat Inativo,Baixa,Resolvido,LINO ESQUADRIAS,Marcia,Não classificado,Sexta,2026-07,31
59018,Público,Atualização de build (3.6.26.0723),2026-07-29,Patrick Nascimento,Atualização Versão e Build,Alta,Resolvido,MARCEL DE ASSIS ALEIXO CHAVES,Thamirys,Empresa,Quarta,2026-07,31
59718,Público,transferência de departamento (financeiro),2026-08-07,Patrick Nascimento,Transferência de Departamento,Alta,Resolvido,IDEAL ESQUADRIAS,Gabriel,Empresa,Sexta,2026-08,32
59470,Público,duvida referente aos arquivos do CEM,2026-08-05,Patrick Nascimento,Dúvidas,Alta,Resolvido,VIDRO X ESQUADRIAS E ACESSORIOS,Tayan Ferreira,Empresa,Quarta,2026-08,32
59867,Público,duvida referente a esquadrias maiores que 6 metros (tampedaco),2026-08-10,Patrick Nascimento,Dúvidas,Alta,Resolvido,EQAC SERVICOS,Eng. Cleidson Chausse,Não classificado,Segunda,2026-08,33
59791,Público,Erro de conexão com o banco de dados ,2026-08-10,Patrick Nascimento,Erros,Alta,Resolvido,HM ESQUADRIAS,Hm esquadrias,Empresa,Segunda,2026-08,33
59881,Público,duvida referente a emissão de relatórios de materiais,2026-08-11,Patrick Nascimento,Dúvidas,Alta,Resolvido,VITRALFER METALURGI,Anderson,Empresa,Terça,2026-08,33
59345,Público,duvida referente ao calculo de perfis da esquadria,2026-08-03,Patrick Nascimento,Dúvidas,Alta,Resolvido,IMPERIAL ALUMINIO,Daniel Chiconelli,Empresa,Segunda,2026-08,32
59641,Público,duvida referente ao cadastro de cor,2026-08-06,Patrick Nascimento,Dúvidas,Alta,Resolvido,RD FABRICACOES,Sá - RD,Empresa,Quinta,2026-08,32
59886,Público,solicitação de liberação da PERFIL ALUMINIO,2026-08-11,Patrick Nascimento,Dúvidas,Alta,Resolvido,RD FABRICACOES,Sá - RD,Empresa,Terça,2026-08,33
59968,Público,duvida referente a substituição de perfil,2026-08-11,Patrick Nascimento,Dúvidas,Alta,Resolvido,RD FABRICACOES,Sá - RD,Empresa,Terça,2026-08,33
59249,Público,chat inativo,2026-07-31,Patrick Nascimento,Chat Inativo,Baixa,Resolvido,LAF SOROCABA,Giovanna Rocha,Empresa,Sexta,2026-07,31
59152,Público,duvida referente a erro de calculo,2026-07-30,Patrick Nascimento,Dúvidas,Alta,Resolvido,VIDRACARIA IPIRANGA,Ipiranga Vidros e Esquadrias Ltda,Empresa,Quinta,2026-07,31
59897,Público,Instalação de base zerada + atualização de build,2026-08-11,Patrick Nascimento,Instalação,Alta,Resolvido,METAL LINE ESQUADRIAS,Beatriz,Empresa (Onboarding),Terça,2026-08,33
59377,Público,Duvida referente a lentidão do sistema,2026-08-04,Patrick Nascimento,Instalação,Alta,Resolvido,VAL AÇO PWJ,Matheus,Atendimento CEM EXCLUSIVE,Terça,2026-08,32
59259,Público,Agendamento de migração para o CLOUD,2026-07-31,Patrick Nascimento,Dúvidas,Alta,Resolvido,STAL ESQUADRIAS,Robson Ganzella,Empresa,Sexta,2026-07,31
59658,Público,solicitação de personalização de relatório,2026-08-06,Patrick Nascimento,Dúvidas,Alta,Resolvido,ALUMINIA BRASIL (ANTIGO 1753),Rogerio,Empresa,Quinta,2026-08,32
59803,Público,transferência de departamento (financeiro),2026-08-10,Patrick Nascimento,Transferência de Departamento,Alta,Resolvido,ESQUADRIAS PARANÁ,Gabi/Sabrina,Empresa,Segunda,2026-08,33
59992,Público,chat inativo,2026-08-12,Patrick Nascimento,Chat Inativo,Baixa,Resolvido,ALL-GLASS ALUMINIOS E VIDROS,Junior,Empresa,Quarta,2026-08,33
59291,Público,duvida referente a como cadastrar vidro ,2026-08-03,Patrick Nascimento,Dúvidas,Alta,Resolvido,METASUL ESQUADRIAS DE ALUMINIO,DINIS,Empresa,Segunda,2026-08,32
59821,Público,transferência de departamento (financeiro),2026-08-10,Patrick Nascimento,Transferência de Departamento,Alta,Resolvido,VIDRAZIL,Lucas Avila,Empresa,Segunda,2026-08,33
59700,Público,chat inativo,2026-08-07,Patrick Nascimento,Chat Inativo,Baixa,Resolvido,TOP MIX,Fabio Junior,Atendimento CEM EXCLUSIVE,Sexta,2026-08,32
59106,Público,erro de REST request failed,2026-07-30,Patrick Nascimento,Erros,Alta,Resolvido,ALUMAX,Livia,Empresa,Quinta,2026-07,31
59149,Público,duvida referente a como cadastrar vidro + chat inativo,2026-07-30,Patrick Nascimento,Dúvidas,Alta,Resolvido,WR VIDROS,Stefany,Empresa,Quinta,2026-07,31
59193,Público,erro de CEP geral ao exportar obra para o faktory,2026-07-31,Patrick Nascimento,Dúvidas,Alta,Resolvido,FERREIRA CAMARGO VIDROS E ALUMINIOS,Bruno,Empresa,Sexta,2026-07,31
59574,Público,duvida referente a classe id dos perfis que estão incorretos no relatórios de perfis,2026-08-06,Patrick Nascimento,Dúvidas,Alta,Resolvido,NILTON DOS SANTOS ROCHA,NILTON DOS SANTOS ROCHA » Nilton Rocha,Empresa,Quinta,2026-08,32
59200,Público,Atualização de build (0322 para 0723),2026-07-31,Patrick Nascimento,Atualização Versão e Build,Alta,Resolvido,RAJAS,Julia Sofia,Empresa,Sexta,2026-07,31
59131,Público,Felipe - ROTA ESQUADRIAS E SERVIÇOS,2026-07-30,Patrick Nascimento,Chat Inativo,Baixa,Resolvido,ROTA ESQUADRIAS E SERVIÇOS,Felipe,Empresa,Quinta,2026-07,31
59651,Público,duvida referente ao cadastro de vidro,2026-08-06,Patrick Nascimento,Dúvidas,Alta,Resolvido,ARTEFAL (ANTIGO 8861),Ewerton,Empresa,Quinta,2026-08,32
59108,Público,atualização de todos os materiais MOF do sistema,2026-07-30,Patrick Nascimento,Dúvidas,Alta,Resolvido,VIDRACARIA SANTOS,samuel barbosa,Empresa,Quinta,2026-07,31
59127,Público,duvida referente ao perfil extra que não aparece no relatório,2026-07-30,Patrick Nascimento,Dúvidas,Alta,Resolvido,ARTEFAL (ANTIGO 8861),Ewerton,Empresa,Quinta,2026-07,31
59736,Público,Atualização de build (0718 para 0723) + agendamento de atualização de material,2026-08-07,Patrick Nascimento,Atualização Versão e Build,Alta,Resolvido,SAO LUIZ ESQUADRIAS DE ALUMINIO (ANTIGO 814),KATIA,Empresa,Sexta,2026-08,32
59236,Público,duvida referente a como exportar um orçamento para o faktory,2026-07-31,Patrick Nascimento,Dúvidas,Alta,Resolvido,ESQUADRIAS ORION,Kleber Braga,Empresa,Sexta,2026-07,31
59759,Público,solicitação de personalização de relatório,2026-08-10,Patrick Nascimento,Dúvidas,Alta,Resolvido,INSTALAR VIDROS (CARVALHO VIDROS(7150)),Carlos Eduardo de Souza Vieira,Empresa,Segunda,2026-08,33
59698,Público,transferência de departamento (financeiro),2026-08-07,Patrick Nascimento,Transferência de Departamento,Alta,Resolvido,CORREIA INDUSTRIA E COMERCIO DE ESQUADRIAS,Daniel,Empresa,Sexta,2026-08,32
59461,Público,duvida referente a mão de obra,2026-08-05,Patrick Nascimento,Dúvidas,Alta,Resolvido,ALUNOBRE,Lucas,Empresa,Quarta,2026-08,32
59467,Público,duvida referente a relatório personalizado,2026-08-05,Patrick Nascimento,Dúvidas,Alta,Resolvido,FORTGLASS SOLUCOES EM VIDROS E ESQUADRIAS (ANTIGA 9445),Cláudio José,Atendimento CEM EXCLUSIVE,Quarta,2026-08,32
59969,Público,Instalação de atalho em rede (mapeamento),2026-08-11,Patrick Nascimento,Instalação,Alta,Resolvido,VIDRACARIA KEOPS,Carolina,Empresa,Terça,2026-08,33
59985,Público,Instalação de atalho em rede (mapeamento),2026-08-12,Patrick Nascimento,Instalação,Alta,Resolvido,VIDRACARIA KEOPS,Carolina,Empresa,Quarta,2026-08,33
59937,Público,Instalação de atalho em rede (mapeamento),2026-08-11,Patrick Nascimento,Instalação,Alta,Resolvido,VIDRACARIA KEOPS,Carolina,Empresa,Terça,2026-08,33
59593,Público,Estevam - ALPA ALUMINIO,2026-08-06,Patrick Nascimento,Transferência de Departamento,Alta,Resolvido,ALPA ALUMINIO,Estevam,Empresa,Quinta,2026-08,32
59314,Público,Agendamento de atualização de build,2026-08-03,Patrick Nascimento,Dúvidas,Alta,Resolvido,DMETAL ESQUADRIAS DE ALUMINIO (ANTIGO 10257),Fernando,Empresa,Segunda,2026-08,32
59445,Público,duvida referente a como cadastrar niveis de acesso ,2026-08-04,Patrick Nascimento,Dúvidas,Alta,Resolvido,EURONOBRE ESQUADRIAS (ANTIGO AMAURY ALVES 7655),DAniela,Empresa,Terça,2026-08,32
59243,Público,duvida referente a existência de caixilho de vidro temperado no sistema + chat inativo,2026-07-31,Patrick Nascimento,Dúvidas,Alta,Resolvido,BRUBOX ALUMINIO E VIDRO (ANTIGO 896),Bruno Munhoz Soares,Empresa,Sexta,2026-07,31
59230,Público,Offline message - Tiago Santos,2026-07-31,Patrick Nascimento,Tickets Offline,Alta,Resolvido,REINVENTA REPRESENTACOES,Tiago Santos,Empresa,Sexta,2026-07,31
59899,Público,duvida referente a ativação do estoque técnico ,2026-08-11,Patrick Nascimento,Dúvidas,Alta,Resolvido,J GIANINI,THOMAS TÉCNICO,Atendimento CEM EXCLUSIVE,Terça,2026-08,33
59661,Público,chat inativo,2026-08-06,Patrick Nascimento,Chat Inativo,Baixa,Resolvido,VIDROS & DECORACOES VITRINE(DELPHI & CEMMOBI),Guilherme,Empresa,Quinta,2026-08,32
59195,Público,duvida referente a alterar a informação do tipo dentro da substituição de perfis,2026-07-31,Patrick Nascimento,Dúvidas,Alta,Resolvido,ITEFAL,FABIO ANTONIO,Atendimento CEM EXCLUSIVE,Sexta,2026-07,31
59532,Público,erro ao acessar o CEM (Reiniciado o serviço do FireBird),2026-08-05,Patrick Nascimento,Erros,Alta,Resolvido,SUPER VETRO - QUALIDADE SUPERIOR EM VIDROS,Samuel Thomas,Empresa,Quarta,2026-08,32
59067,Público,Agendamento de atualização de build,2026-07-29,Patrick Nascimento,Dúvidas,Alta,Resolvido,ALUVETRO ESQUADRIAS,Paulo Cesar Leonardi,Empresa,Quarta,2026-07,31
59536,Público,duvida referente a criação de esquadrias,2026-08-05,Patrick Nascimento,Dúvidas,Alta,Resolvido,EBENEZER (Antigo 552),ELTON,Empresa,Quarta,2026-08,32
59177,Público,agendamento de atualização da ALUMINORTE,2026-07-30,Patrick Nascimento,Dúvidas,Alta,Resolvido,CRISTAL VIDROS CHAPADA,Marco,Empresa,Quinta,2026-07,31
59517,Público,duvida referente a mensagem de erro ao exportar para o faktory,2026-08-05,Patrick Nascimento,Dúvidas,Alta,Resolvido,VIDRAÇARIA ABATE,LETICIA,Empresa,Quarta,2026-08,32
59409,Público,duvida referente a como alterar a senha do EGCLOUD,2026-08-04,Patrick Nascimento,Nuvem Cloud,Alta,Resolvido,INOVE ESQUADRIAS E VIDROS LTDA,Marcelo Mendes,Empresa,Terça,2026-08,32
59525,Público,agendamento de atualização da CBA,2026-08-05,Patrick Nascimento,Dúvidas,Alta,Resolvido,METAZIL,Vinícius Martins Frinhani,Empresa,Quarta,2026-08,32
59362,Público,transferência de departamento (financeiro),2026-08-03,Patrick Nascimento,Transferência de Departamento,Alta,Resolvido,MALTA INDUSTRIA DE ESQUADRIAS (antiga Perfil),Erika,Empresa,Segunda,2026-08,32
59174,Público,Agendamento de atualização de build,2026-07-30,Patrick Nascimento,Dúvidas,Baixa,Resolvido,ALUVETRO ESQUADRIAS,Aluvetro Esquadrias,Empresa,Quinta,2026-07,31
59588,Público,Atualização de material MOF (CBA),2026-08-06,Patrick Nascimento,Dúvidas,Alta,Resolvido,METAZIL,Vinícius Martins Frinhani,Empresa,Quinta,2026-08,32
59074,Público,Agendamento de atualização de build,2026-07-29,Patrick Nascimento,Dúvidas,Alta,Resolvido,EMETAL,Paulo,Empresa,Quarta,2026-07,31
59892,Público,Agendamento de atualização de material MOF (TERA METAIS),2026-08-11,Patrick Nascimento,Dúvidas,Alta,Resolvido,METAL DO VIDRO,Henrique Metal Do Vidro,Empresa,Terça,2026-08,33
59690,Público,Instalação de atalho em rede (mapeamento),2026-08-07,Patrick Nascimento,Instalação,Alta,Resolvido,ESQUADRIAS HIPER,Daniela Hiper Box,Empresa,Sexta,2026-08,32
59032,Público,duvida referente a erro de calculo,2026-07-29,Patrick Nascimento,Dúvidas,Alta,Resolvido,KOR ESQUADRIAS EM ALUMINIO LTDA,Ana Paula,Não classificado,Quarta,2026-07,31
60006,Público,duvida referente a como realizar impressão no EGCLOUD,2026-08-12,Patrick Nascimento,Nuvem Cloud,Alta,Resolvido,TECNOFEAL,Priscila,Empresa,Quarta,2026-08,33
59252,Público,duvida referente a erro de calculo,2026-07-31,Patrick Nascimento,Dúvidas,Alta,Resolvido,DEVTEC SOLUCOES PARA SUA OBRA,Araujo Inox,Não classificado,Sexta,2026-07,31
59346,Público,transferência de departamento (financeiro),2026-08-03,Patrick Nascimento,Transferência de Departamento,Alta,Resolvido,CASA RS,Anna Mara,Empresa,Segunda,2026-08,32
59431,Público,Atualização de BUILD 0723,2026-08-04,Pedro Cavalciuk,Atualização Versão e Build,Alta,Resolvido,CONCEITO VIDROS E ESQUADRIAS,Rodrigo,Empresa,Terça,2026-08,32
59609,Público,Offline message - Daiana Oliveira,2026-08-06,Pedro Cavalciuk,Tickets Offline,Alta,Resolvido,ALMAIS ESQUADRIAS DE ALUMINIO,Daiana Oliveira,Empresa,Quinta,2026-08,32
59638,Público,Ativação de licença no sistema,2026-08-06,Pedro Cavalciuk,Dúvidas,Alta,Resolvido,ALMAIS ESQUADRIAS DE ALUMINIO,Daiana Oliveira,Empresa,Quinta,2026-08,32
59187,Público,Offline message - Camila,2026-07-31,Pedro Cavalciuk,Tickets Offline,Alta,Resolvido,METALURGICA CENTENARIO,Camila,Empresa,Sexta,2026-07,31
59057,Público,Offline message - Arthur Amorim,2026-07-29,Pedro Cavalciuk,Tickets Offline,Alta,Resolvido,GOIS ESQUADRIAS,Arthur Amorim,Empresa,Quarta,2026-07,31
59713,Público,Offline message - ??,2026-08-07,Pedro Cavalciuk,Tickets Offline,Alta,Resolvido,GRUPO VAX (ANTIGO 6687),??,Não classificado,Sexta,2026-08,32
59905,Público,Mapeamento via rede + alteração de cfgrede,2026-08-11,Pedro Cavalciuk,Instalação,Alta,Resolvido,NELSON VIDROS,Nelsinho,Empresa,Terça,2026-08,33
59926,Público,Modificação de condição de verificação ,2026-08-11,Pedro Cavalciuk,Dúvidas,Alta,Resolvido,JOIA ALUMINIO E VIDRO,Wesley do Vale - Dep. Técnico,Empresa,Terça,2026-08,33
59369,Público,Offline message - Marcelo Mendes,2026-08-03,Pedro Cavalciuk,Tickets Offline,Alta,Resolvido,INOVE ESQUADRIAS E VIDROS LTDA,Marcelo Mendes,Empresa,Segunda,2026-08,32
59370,Público,Offline message - Lucas Petzold,2026-08-04,Pedro Cavalciuk,Tickets Offline,Alta,Resolvido,LP2 ENGENHARIA E ASSESSORIA LTDA,Lucas Petzold,Empresa,Terça,2026-08,32
59558,Público,Offline message - Adriano,2026-08-06,Pedro Cavalciuk,Tickets Offline,Alta,Resolvido,ALVA ALUMINIO (ANTIGO 642),Adriano,Empresa,Quinta,2026-08,32
59482,Público,Liberação de sistema ,2026-08-05,Pedro Cavalciuk,Erros,Alta,Resolvido,SCHWANCK ESQUADRIAS DE PVC,Sinara Santos,Empresa,Quarta,2026-08,32
59665,Público,Offline message - Flavio,2026-08-07,Pedro Cavalciuk,Tickets Offline,Alta,Resolvido,MAX VIDROS PARNAIBA(CEMMOBI),Flavio,Empresa (CEMMOBI),Sexta,2026-08,32
59209,Público,Atualização de  material MOF ,2026-07-31,Pedro Cavalciuk,Dúvidas,Alta,Resolvido,CRISTAL VIDROS CHAPADA,Marco,Empresa,Sexta,2026-07,31
59513,Público,Atualização de versão 3.5 > 3.6 + atualização de material MOF ,2026-08-05,Pedro Cavalciuk,Atualização Versão e Build,Alta,Resolvido,SERRALHERIA FC,contato serralheriafc.com.br,Empresa,Quarta,2026-08,32
59372,Público,Tranferencia de departamento > financeiro ,2026-08-04,Pedro Cavalciuk,Transferência de Departamento,Alta,Resolvido,MOLDURENSE VIDROS,Anderson Lopes,Empresa,Terça,2026-08,32
59801,Público,Colcoar croqui dentro do perfil ,2026-08-10,Pedro Cavalciuk,Dúvidas,Alta,Resolvido,EBENEZER (Antigo 552),ELTON,Empresa,Segunda,2026-08,33
59940,Público,Mapeamento via rede,2026-08-11,Pedro Cavalciuk,Instalação,Alta,Resolvido,ANA ESQUADRIAS,Start Link - Técnicos,Empresa,Terça,2026-08,33
59050,Público,Modificação nas variáveis da esquadria não oficial,2026-07-29,Pedro Cavalciuk,Dúvidas,Alta,Resolvido,ALLPRIME,Emilly,Atendimento CEM EXCLUSIVE,Quarta,2026-07,31
59931,Público,Offline message - Compras Primo Vidros,2026-08-11,Pedro Cavalciuk,Tickets Offline,Alta,Resolvido,PRIMO VIDROS,Compras Primo Vidros,Empresa,Terça,2026-08,33
59936,Público,Tranferencia de departamento > financeiro ,2026-08-11,Pedro Cavalciuk,Transferência de Departamento,Alta,Resolvido,PRIMO VIDROS,Compras Primo Vidros,Empresa,Terça,2026-08,33
59044,Público,Salvar como uma esquadria,2026-07-29,Pedro Cavalciuk,Dúvidas,Alta,Resolvido,BETA BOX,Adriano Beta,Empresa,Quarta,2026-07,31
59035,Público,Atualização de  material MOF (PERFIL),2026-07-29,Pedro Cavalciuk,Dúvidas,Alta,Resolvido,BETA BOX,Adriano Beta,Empresa,Quarta,2026-07,31
59183,Público,Offline message - Vidros e Ferragens Rabelo,2026-07-30,Pedro Cavalciuk,Tickets Offline,Alta,Resolvido,VIDROS E FERRAGENS RABELO,Vidros e Ferragens Rabelo,Empresa,Quinta,2026-07,31
59872,Público,Offline message - THOMAS TÉCNICO ,2026-08-11,Pedro Cavalciuk,Tickets Offline,Alta,Resolvido,J GIANINI,THOMAS TÉCNICO,Atendimento CEM EXCLUSIVE,Terça,2026-08,33
59284,Público,Ativação estoque técnico ,2026-08-03,Pedro Cavalciuk,Dúvidas,Alta,Resolvido,J GIANINI,THOMAS TÉCNICO,Atendimento CEM EXCLUSIVE,Segunda,2026-08,32
59686,Público,Atualização de  material MOF CBA,2026-08-07,Pedro Cavalciuk,Dúvidas,Alta,Resolvido,WANIA LIDIANE PEREIRA,Wania,Não classificado,Sexta,2026-08,32
59238,Público,Tranferencia de departamento > ouvidora ,2026-07-31,Pedro Cavalciuk,Transferência de Departamento,Alta,Resolvido,REINVENTA REPRESENTACOES,Tiago Santos,Empresa,Sexta,2026-07,31
59710,Público,Edição e criação de variáveis em opções de montagem,2026-08-07,Pedro Cavalciuk,Dúvidas,Alta,Resolvido,ESQUADRIFOUR ESQUADRIAS,Vinicius Dubiella,Empresa,Sexta,2026-08,32
59501,Público,Transferência de departamento > Comercial (Licença adicional),2026-08-05,Pedro Cavalciuk,Transferência de Departamento,Alta,Resolvido,ARTALUM,Cristhiane Pereira,Atendimento CEM EXCLUSIVE,Quarta,2026-08,32
59186,Público,Offline message - Bruno Munhoz Soares,2026-07-30,Pedro Cavalciuk,Tickets Offline,Alta,Resolvido,BRUBOX ALUMINIO E VIDRO (ANTIGO 896),Bruno Munhoz Soares,Empresa,Quinta,2026-07,31
59921,Público,Atualização de  material MOF (SCHUCO),2026-08-11,Pedro Cavalciuk,Dúvidas,Alta,Resolvido,SÃO PAULO ESQUADRIAS,Gabriel Rainha,Empresa,Terça,2026-08,33
59663,Público,Offline message - ODAIR,2026-08-06,Pedro Cavalciuk,Tickets Offline,Alta,Resolvido,ESQUADRIMIG ALUMINIO E VIDRO,ODAIR,Empresa,Quinta,2026-08,32
59123,Público,Emissão de relatórios de perfil com etapa de obra ,2026-07-30,Pedro Cavalciuk,Dúvidas,Alta,Resolvido,DIAGONAL ESQUADRIAS,LUCAS,Empresa,Quinta,2026-07,31
59231,Público,Offline message - Kleber Braga,2026-07-31,Pedro Cavalciuk,Tickets Offline,Alta,Resolvido,ESQUADRIAS ORION,Kleber Braga,Empresa,Sexta,2026-07,31
59752,Público,Offline message - Carolina,2026-08-10,Pedro Cavalciuk,Tickets Offline,Alta,Resolvido,VIDRACARIA KEOPS,Carolina,Empresa,Segunda,2026-08,33
59456,Público,Offline message - Carlos Henrique,2026-08-05,Pedro Cavalciuk,Tickets Offline,Alta,Resolvido,CARLOS HENRIQUE GOMES JUNIOR,Carlos Henrique,Empresa,Quarta,2026-08,32
59810,Público,Atualização de  material MOF ,2026-08-10,Pedro Cavalciuk,Dúvidas,Alta,Resolvido,SAO LUIZ ESQUADRIAS DE ALUMINIO (ANTIGO 814),KATIA,Empresa,Segunda,2026-08,33
59601,Público,Alterar preços de componentes ,2026-08-06,Pedro Cavalciuk,Dúvidas,Alta,Resolvido,ARTE CENTER,Eleomar Freitas da Silva,Empresa,Quinta,2026-08,32
59452,Público,Offline message - Felipe,2026-08-04,Pedro Cavalciuk,Tickets Offline,Alta,Resolvido,ESQUADRIA & CIA,Felipe,Empresa,Terça,2026-08,32
59432,Público,Tranferencia de departamento > financeiro ,2026-08-04,Pedro Cavalciuk,Transferência de Departamento,Alta,Resolvido,EXALUM ALUMINIO,IVO GONÇALVES,Empresa,Terça,2026-08,32
59406,Público,Cadastro de acabamento no CEM,2026-08-04,Pedro Cavalciuk,Dúvidas,Alta,Resolvido,ALUVETRO ESQUADRIAS,Carolina,Empresa,Terça,2026-08,32
59760,Público,Erro de calculo em usar contramarco na obra ,2026-08-10,Pedro Cavalciuk,Dúvidas,Alta,Resolvido,KADRY ESQUADRIAS DE ALUMINIO LTDA,Danilo Rosa,Empresa,Segunda,2026-08,33
59119,Público,usuário sobreposto do egcloud,2026-07-30,Pedro Cavalciuk,Nuvem Cloud,Alta,Resolvido,IMPERIAL ESQUADRIAS DE ALUMINIO,Marcelo,Empresa,Quinta,2026-07,31
59994,Público,Autoresolução,2026-08-12,Pedro Cavalciuk,Chat Inativo,Baixa,Resolvido,PROJECOM ESQUADRIAS,Giullianne,Empresa,Quarta,2026-08,33
59819,Público,Mensagem offline - Diogo Rodrigues,2026-08-10,Pedro Cavalciuk,Tickets Offline,Alta,Resolvido,LOUGUESS,Diogo Rodrigues,Empresa,Segunda,2026-08,33
59662,Público,Offline message - Prodal Esquadrias,2026-08-06,Pedro Cavalciuk,Tickets Offline,Alta,Resolvido,PRODAL,Prodal Esquadrias,Empresa,Quinta,2026-08,32
59816,Público,Offline message - Heilha Vithoria,2026-08-10,Pedro Cavalciuk,Tickets Offline,Alta,Resolvido,ALUMITER(Cancelado),Heilha Vithoria,Empresa,Segunda,2026-08,33
59986,Público,Liberação de sistema ,2026-08-12,Pedro Cavalciuk,Transferência de Departamento,Alta,Resolvido,TALENTUS ESQUADRIAS (Antiga 674),Ismael,Empresa,Quarta,2026-08,33
59785,Público,Inadimplência- transferência de departamento > financeiro ,2026-08-10,Pedro Cavalciuk,Chat Inativo,Baixa,Resolvido,ALUMINAS (A&L ESQUADRIAS),Lucineia Lopes,Empresa,Segunda,2026-08,33
59571,Público,Remoção de informações nas opções de montagem ,2026-08-06,Pedro Cavalciuk,Dúvidas,Alta,Resolvido,VIDRO ALUMINIO E CIA,Cacildo Cavalcanti,Empresa,Quinta,2026-08,32
59610,Público,Offline message - Bruno Lima,2026-08-06,Pedro Cavalciuk,Tickets Offline,Alta,Resolvido,G4 ESQUADRIAS E FACHADAS,Bruno Lima,Empresa,Quinta,2026-08,32
59371,Público,Offline message - Sá - RD,2026-08-04,Pedro Cavalciuk,Tickets Offline,Alta,Resolvido,RD FABRICACOES,Sá - RD,Empresa,Terça,2026-08,32
59753,Público,Offline message - Henrique,2026-08-10,Pedro Cavalciuk,Tickets Offline,Alta,Resolvido,JEL (ANTIGA SEJAL 9926),Henrique,Empresa,Segunda,2026-08,33
59977,Público,Offline message - Rafa Cris ,2026-08-11,Pedro Cavalciuk,Tickets Offline,Alta,Resolvido,OLI ESQUADRIAS,Rafa Cris,Não classificado,Terça,2026-08,33
59454,Público,Offline message - Orçamento Inovar - Eliane,2026-08-04,Pedro Cavalciuk,Tickets Offline,Alta,Resolvido,INOVAR,Orçamento Inovar - Eliane,Empresa,Terça,2026-08,32
59316,Público,Chat inativo,2026-08-03,Pedro Cavalciuk,Chat Inativo,Baixa,Resolvido,MOLDURENSE VIDROS,Yuta,Empresa,Segunda,2026-08,32
59906,Público,Chat inaitvo,2026-08-11,Pedro Cavalciuk,Chat Inativo,Baixa,Resolvido,PAULO OCTAVIANO INVESTIMENTOS IMOBILIARIOS,Khevin,Empresa,Terça,2026-08,33
59818,Público,Offline message - Gustavo ,2026-08-10,Pedro Cavalciuk,Tickets Offline,Alta,Resolvido,CASAS MADESTILO (ANTIGO 8969),Gustavo,Empresa,Segunda,2026-08,33
59984,Público,Transferência de departamento > P.I,2026-08-12,Pedro Cavalciuk,Transferência de Departamento,Alta,Resolvido,USIMINAS SERRALHERIA,Vinícius Santos Arquitetura,Não classificado,Quarta,2026-08,33
59194,Público,Agendamento de reinstalação de sistema as 15:50 ,2026-07-31,Pedro Cavalciuk,Dúvidas,Alta,Resolvido,METALGLASS ESQUADRIAS DE ALUMINIO (ANTIGO 8073),Josianne Metal Glass Esquadrias,Empresa,Sexta,2026-07,31
59088,Público,Offline message - Cristal Vidros,2026-07-29,Pedro Cavalciuk,Tickets Offline,Alta,Resolvido,CRISTAL VIDROS(CEMMOBI),Cristal Vidros,Empresa (CEMMOBI),Quarta,2026-07,31
59510,Público,Offline message - Josianne Metal Glass Esquadrias,2026-08-05,Pedro Cavalciuk,Tickets Offline,Alta,Resolvido,METALGLASS ESQUADRIAS DE ALUMINIO (ANTIGO 8073),Josianne Metal Glass Esquadrias,Empresa,Quarta,2026-08,32
59664,Público,Offline message - Thiago,2026-08-06,Pedro Cavalciuk,Tickets Offline,Alta,Resolvido,ART ESQUADRIAS,Thiago,Não classificado,Quinta,2026-08,32
59751,Público,Offline message - Hm esquadrias,2026-08-10,Pedro Cavalciuk,Tickets Offline,Alta,Resolvido,HM ESQUADRIAS,Hm esquadrias,Empresa,Segunda,2026-08,33
59893,Público,Realizar tampedaco,2026-08-11,Pedro Cavalciuk,Dúvidas,Alta,Resolvido,EQAC SERVICOS,Eng. Cleidson Chausse,Não classificado,Terça,2026-08,33
59423,Público,Offline message - Daniel Chiconelli,2026-08-04,Pedro Cavalciuk,Tickets Offline,Alta,Resolvido,IMPERIAL ALUMINIO,Daniel Chiconelli,Empresa,Terça,2026-08,32
59387,Público,Tranferencia de departamento > financeiro ,2026-08-04,Pedro Cavalciuk,Transferência de Departamento,Alta,Resolvido,OLIVAZ ESQUADRIAS,Olivaz Esquadrias,Empresa,Terça,2026-08,32
59612,Público,Mensagem offline - luciane de almeida leote,2026-08-06,Pedro Cavalciuk,Tickets Offline,Alta,Resolvido,L2 ASSESSORIA TECNICA,luciane de almeida leote,Não classificado,Quinta,2026-08,32
59608,Público,Mensagem offline - luciane de almeida leote,2026-08-06,Pedro Cavalciuk,Tickets Offline,Alta,Resolvido,L2 ASSESSORIA TECNICA,luciane de almeida leote,Não classificado,Quinta,2026-08,32
59874,Público,Mensagem offline - luciane de almeida leote,2026-08-11,Pedro Cavalciuk,Tickets Offline,Alta,Resolvido,L2 ASSESSORIA TECNICA,luciane de almeida leote,Não classificado,Terça,2026-08,33
59321,Público,Tranferencia de departamento > financeiro ,2026-08-03,Pedro Cavalciuk,Transferência de Departamento,Alta,Resolvido,VSB ESQUADRIAS,Joice,Empresa,Segunda,2026-08,32
59714,Público,Offline message - Gabriel,2026-08-07,Pedro Cavalciuk,Tickets Offline,Alta,Resolvido,IDEAL ESQUADRIAS,Gabriel,Empresa,Sexta,2026-08,32
59988,Público,Alteração da imagem de inicio do CEM (Splash),2026-08-12,Pedro Cavalciuk,Erros,Alta,Resolvido,CONCEPT ALUMINIUM,Vini L.,Empresa,Quarta,2026-08,33
59979,Público,Mensagem offline - luciane de almeida leote,2026-08-12,Pedro Cavalciuk,Tickets Offline,Alta,Resolvido,L2 ASSESSORIA TECNICA,luciane de almeida leote,Não classificado,Quarta,2026-08,33
59775,Público,Criação de regra que calculo custo de sobra de perfil e acabamento ,2026-08-10,Pedro Cavalciuk,Dúvidas,Alta,Resolvido,RN ESQUADRIAS,Guilherme Camargo,Empresa,Segunda,2026-08,33
59877,Público,Offline message - Departamento De Projetos Essencial,2026-08-11,Pedro Cavalciuk,Tickets Offline,Alta,Resolvido,ESSENCIAL LA ESQUADRIAS,Departamento De Projetos Essencial,Empresa,Terça,2026-08,33
59090,Público,Personalização de relatório pra o cliente,2026-07-30,Pedro Cavalciuk,Dúvidas,Alta,Resolvido,ESSENCIAL LA ESQUADRIAS,Departamento De Projetos Essencial,Empresa,Quinta,2026-07,31
59040,Público,Adicionar relatório personalizado dentro do servidor,2026-07-29,Pedro Cavalciuk,Dúvidas,Alta,Resolvido,ESSENCIAL LA ESQUADRIAS,Departamento De Projetos Essencial,Empresa,Quarta,2026-07,31
59870,Público,Offline message - EsquadriPro,2026-08-10,Pedro Cavalciuk,Tickets Offline,Alta,Resolvido,ESQUADRIPRO,EsquadriPro,Empresa,Segunda,2026-08,33
59211,Público,Reinstalação de sistema + criação de atalho via rede,2026-07-31,Pedro Cavalciuk,Instalação,Alta,Resolvido,GRUPO ISA,Tisec,Não classificado,Sexta,2026-07,31
59749,Público,Offline message - Antônio Carlos - Agilisa,2026-08-10,Pedro Cavalciuk,Tickets Offline,Alta,Resolvido,GRUPO ISA,Antônio Carlos - Agilisa,Não classificado,Segunda,2026-08,33
59904,Público,Adicionar acs database no servidor e na estação,2026-08-11,Pedro Cavalciuk,Dúvidas,Alta,Resolvido,PAULO OCTAVIANO INVESTIMENTOS IMOBILIARIOS,Suporte TI CSC - Plantão,Empresa,Terça,2026-08,33
59873,Público,Offline message - Antônio Carlos - Agilisa,2026-08-11,Pedro Cavalciuk,Tickets Offline,Alta,Resolvido,GRUPO ISA,Antônio Carlos - Agilisa,Não classificado,Terça,2026-08,33
59879,Público,Chat inativo,2026-08-11,Pedro Cavalciuk,Chat Inativo,Baixa,Resolvido,GRUPO ISA,Antônio Carlos - Agilisa,Não classificado,Terça,2026-08,33
59145,Público,Chat inativo,2026-07-30,Pedro Cavalciuk,Chat Inativo,Baixa,Resolvido,SMART METAL,LUIZ QUADROS,Empresa,Quinta,2026-07,31
59087,Público,Mensagem offline - NET VIDROS(CEMMOBI),2026-07-29,Pedro Cavalciuk,Tickets Offline,Alta,Resolvido,NET VIDROS(CEMMOBI),,Empresa (CEMMOBI),Quarta,2026-07,31
59508,Público,Mensagem offline - NET VIDROS(CEMMOBI),2026-08-05,Pedro Cavalciuk,Tickets Offline,Alta,Resolvido,NET VIDROS(CEMMOBI),,Empresa (CEMMOBI),Quarta,2026-08,32
59235,Público,Offline message - Projetos Sevven,2026-07-31,Pedro Cavalciuk,Tickets Offline,Alta,Resolvido,NOVO ALUMINIO,Projetos Sevven,Empresa,Sexta,2026-07,31
59748,Público,Offline message - Fernando Carvalho,2026-08-10,Pedro Cavalciuk,Tickets Offline,Alta,Resolvido,FC DESENVOLVIMENTOS DE PROJETOS DE COMPRA E VENDA(DELPHI E CEMMOBI),Fernando Carvalho,Empresa,Segunda,2026-08,33
59750,Público,Offline message - Thyago,2026-08-10,Pedro Cavalciuk,Tickets Offline,Alta,Resolvido,SAM VIDROS,Thyago,Empresa,Segunda,2026-08,33
59709,Público,Relatou que estava com problema ao abrir a obra + chat inativo,2026-08-07,Matheus Pulcinelli,Chat Inativo,Baixa,Resolvido,VITRINE & ARTE,Financeiro Vitrine,Empresa,Sexta,2026-08,32
59448,Público,Atalho do sistema em Rede,2026-08-04,Matheus Pulcinelli,Instalação,Alta,Resolvido,ESQUADRICENTER,Esquadricenter,Empresa,Terça,2026-08,32
59557,Público,Duvida referente a croqui corrompido ,2026-08-05,Matheus Pulcinelli,Dúvidas,Alta,Resolvido,FINESTRA & CIA,Finestra Esquadrias de Alumínio,Não classificado,Quarta,2026-08,32
59599,Público,Auto solução ,2026-08-06,Matheus Pulcinelli,Chat Inativo,Baixa,Resolvido,ESQUADRIUM - ESQUADRIAS E VIDROS,Matheus Alves - Consultor Esquadrium,Empresa,Quinta,2026-08,32
59402,Público,Tranferencia de departamento - financeiro ,2026-08-04,Matheus Pulcinelli,Transferência de Departamento,Alta,Resolvido,LOJA DO VIDRO PIRACICABA,Flávio Projetos,Empresa,Terça,2026-08,32
59410,Público,Duvida referente a cadastro de componentes ,2026-08-04,Matheus Pulcinelli,Dúvidas,Alta,Resolvido,JEL (ANTIGA SEJAL 9926),Washington,Empresa,Terça,2026-08,32
59257,Público,Transferência de departamento - relatório + chat inativo,2026-07-31,Matheus Pulcinelli,Transferência de Departamento,Alta,Resolvido,JEL (ANTIGA SEJAL 9926),Washington,Empresa,Sexta,2026-07,31
59600,Público,Duvida referente a backup do banco,2026-08-06,Matheus Pulcinelli,Dúvidas,Alta,Resolvido,DIALC,Valmir Pinheiro,Empresa,Quinta,2026-08,32
59909,Público,Licença liberada pelo relacionamentos ,2026-08-11,Matheus Pulcinelli,Transferência de Departamento,Alta,Resolvido,L &amp  R PORTAS,L&R PORTAS,Não classificado,Terça,2026-08,33
60005,Público,Atualização de build ,2026-08-12,Matheus Pulcinelli,Atualização Versão e Build,Alta,Resolvido,ESSENCIAL LA ESQUADRIAS,Departamento De Projetos Essencial,Empresa,Quarta,2026-08,33
59586,Público,Duvida referente a selecionar arquivos no cloud ,2026-08-06,Matheus Pulcinelli,Dúvidas,Alta,Resolvido,VIDRATTA,Felipe Abreu,Empresa,Quinta,2026-08,32
59256,Público,Duvida referente a acesso ao remoteAPP,2026-07-31,Matheus Pulcinelli,Nuvem Cloud,Alta,Resolvido,VIDRATTA,Felipe Abreu,Empresa,Sexta,2026-07,31
59831,Público,Duvida referente a emissão de romaneios ,2026-08-10,Matheus Pulcinelli,Dúvidas,Alta,Resolvido,BR ALUMINIUM FRAME (ANTIGO 10501),João Vitor Martins,Empresa,Segunda,2026-08,33
59861,Público,Transferência de departamento - comercial ,2026-08-10,Matheus Pulcinelli,Transferência de Departamento,Alta,Resolvido,VIDROS E ESQUADRIAS CAMPOS LTDA,Rafaelle Souza,Empresa,Segunda,2026-08,33
59908,Público,Duvida referente a login do nuvem cloud ,2026-08-11,Matheus Pulcinelli,Dúvidas,Alta,Resolvido,ESQUADRIUM - ESQUADRIAS E VIDROS,Bruno - Esquadrium,Empresa,Terça,2026-08,33
59655,Público,luciane de almeida leote - L2 ASSESSORIA TECNICA ,2026-08-06,Matheus Pulcinelli,Dúvidas,Alta,Resolvido,L2 ASSESSORIA TECNICA,luciane de almeida leote,Não classificado,Quinta,2026-08,32
59902,Público,Agendamento de atalho em rede,2026-08-11,Matheus Pulcinelli,Dúvidas,Alta,Resolvido,SANTANA ESQUADRIAS M,Fernanda,Empresa,Terça,2026-08,33
59520,Público,Duvida referente a esquadria pre filtrada ,2026-08-05,Matheus Pulcinelli,Dúvidas,Alta,Resolvido,ESQUADRIUM - ESQUADRIAS E VIDROS,Junior,Empresa,Quarta,2026-08,32
59334,Público,Agendamento de atualização de material,2026-08-03,Matheus Pulcinelli,Dúvidas,Alta,Resolvido,RD FABRICACOES,Sá - RD,Empresa,Segunda,2026-08,32
59793,Público,Atalho do sistema em Rede,2026-08-10,Matheus Pulcinelli,Instalação,Alta,Resolvido,LAF SOROCABA,Giovanna Rocha,Empresa,Segunda,2026-08,33
59357,Público,Agendamento para atendimento ao cliente ,2026-08-03,Matheus Pulcinelli,Dúvidas,Alta,Resolvido,LAF SOROCABA,Giovanna Rocha,Empresa,Segunda,2026-08,32
59963,Público,Chat inativo,2026-08-11,Matheus Pulcinelli,Chat Inativo,Baixa,Resolvido,QUALITY VIDROS E ESQUADRIAS DE ALUMINIO,Ricardo Planejamentos Quality,Não classificado,Terça,2026-08,33
59226,Público,Duvida referente a  trocar linha no orçamento ,2026-07-31,Matheus Pulcinelli,Dúvidas,Alta,Resolvido,RD FABRICACOES,Gabrielle,Empresa,Sexta,2026-07,31
59365,Público,Duvida referente a duplicar obra ,2026-08-03,Matheus Pulcinelli,Dúvidas,Alta,Resolvido,RD FABRICACOES,Gabrielle,Empresa,Segunda,2026-08,32
59721,Público,Duvidas referente a fórmula do TAMPEDACO,2026-08-07,Matheus Pulcinelli,Dúvidas,Média,Resolvido,GOVIDROS,Marcio Vieira,Empresa,Sexta,2026-08,32
59148,Público,Duvida referente a existencia de material MOF + chat inativo ,2026-07-30,Matheus Pulcinelli,Dúvidas,Alta,Resolvido,EUNIX ALUMINIO,Maurício Berto,Empresa,Quinta,2026-07,31
59158,Público,Verificação de licença ,2026-07-30,Matheus Pulcinelli,Erros,Alta,Resolvido,PORMADE PORTAS,Nicole Ramos,Empresa,Quinta,2026-07,31
59910,Público,Duvida referente a precificação de superfícies ,2026-08-11,Matheus Pulcinelli,Dúvidas,Alta,Resolvido,VIDRO VIVO,Danielle,Empresa,Terça,2026-08,33
59030,Público,Duvida referente a atualização ,2026-07-29,Matheus Pulcinelli,Atualização Versão e Build,Alta,Resolvido,ATIMAKY ESQUADRIAS M,Ricardo_mf,Empresa,Quarta,2026-07,31
59330,Público,Duvida referente a data de emissão de relatorios ,2026-08-03,Matheus Pulcinelli,Dúvidas,Alta,Resolvido,RJ ESQUADRIAS,Enzo Bosnic,Empresa,Segunda,2026-08,32
59121,Público,Transferência de departamento - relatórios,2026-07-30,Matheus Pulcinelli,Transferência de Departamento,Alta,Resolvido,RJ ESQUADRIAS,Enzo Bosnic,Empresa,Quinta,2026-07,31
59956,Público,Licença liberada pelo relacionamentos ,2026-08-11,Matheus Pulcinelli,Transferência de Departamento,Alta,Resolvido,WR VIDROS,Stefany,Empresa,Terça,2026-08,33
59711,Público,Duvida referente a orçamento + chat inativo,2026-08-07,Matheus Pulcinelli,Dúvidas,Alta,Resolvido,WR VIDROS,Stefany,Empresa,Sexta,2026-08,32
59173,Público,Duvida referente a similaridades em perfis ,2026-07-30,Matheus Pulcinelli,Dúvidas,Alta,Resolvido,JOIA ALUMINIO E VIDRO,Melissa Marôcco,Empresa,Quinta,2026-07,31
59524,Público,Transferência de departamento - relatório ,2026-08-05,Matheus Pulcinelli,Transferência de Departamento,Alta,Resolvido,JOIA ALUMINIO E VIDRO,Melissa Marôcco,Empresa,Quarta,2026-08,32
59922,Público,Personalização de relatório feita por suporte,2026-08-11,Matheus Pulcinelli,Dúvidas,Alta,Resolvido,JOIA ALUMINIO E VIDRO,Melissa Marôcco,Empresa,Terça,2026-08,33
59606,Público,Duvida referente a desativar obra,2026-08-06,Matheus Pulcinelli,Dúvidas,Alta,Resolvido,MARABA ESQUADRIAS,Paula Melo,Empresa,Quinta,2026-08,32
59151,Público,Verificação de licença ,2026-07-30,Matheus Pulcinelli,Erros,Alta,Resolvido,VIDRACARIA DOIS IRMÃOS,Valmir,Empresa,Quinta,2026-07,31
59685,Público,Duvida referente a etapas,2026-08-07,Matheus Pulcinelli,Dúvidas,Alta,Resolvido,ARTEFAL (ANTIGO 8861),Ewerton,Empresa,Sexta,2026-08,32
59825,Público,Reiniciação do firebird ,2026-08-10,Matheus Pulcinelli,Dúvidas,Alta,Resolvido,TONETTO E TROVA ESQUADRIAS E VIDROS (ANTIGO 10754),Daniel Zutin,Empresa,Segunda,2026-08,33
59589,Público,Duvida referente a precificação de materiais ,2026-08-06,Matheus Pulcinelli,Dúvidas,Alta,Resolvido,ARTE CENTER,Eleomar Freitas da Silva,Empresa,Quinta,2026-08,32
59129,Público,Duvida referente a cadastro de vidros .,2026-07-30,Matheus Pulcinelli,Dúvidas,Alta,Resolvido,ESQUADRIAS ORION,Kleber Braga,Empresa,Quinta,2026-07,31
59270,Público,Duvida referente a tempedaco,2026-07-31,Matheus Pulcinelli,Dúvidas,Alta,Resolvido,ALUVIN,Julio Cesar Gomes,Empresa,Sexta,2026-07,31
59420,Público,Auto solução ,2026-08-04,Matheus Pulcinelli,Dúvidas,Alta,Resolvido,ALUMIARTE ALUMINIO,Mauricio - Alumiarte Ltda,Empresa,Terça,2026-08,32
59648,Público,Habilitar estoque técnico - DLL ,2026-08-06,Matheus Pulcinelli,Dúvidas,Alta,Resolvido,FORTGLASS SOLUCOES EM VIDROS E ESQUADRIAS (ANTIGA 9445),Cláudio José,Atendimento CEM EXCLUSIVE,Quinta,2026-08,32
59623,Público,Licença expirada,2026-08-06,Matheus Pulcinelli,Transferência de Departamento,Alta,Resolvido,BSB VIDROS E ALUMINIO,Beto,Empresa,Quinta,2026-08,32
59401,Público,Duvida referente a derrubar usuario ,2026-08-04,Matheus Pulcinelli,Dúvidas,Alta,Resolvido,VIDRACARIA AGUA BRANCA,Vanessa,Empresa,Terça,2026-08,32
59796,Público,Duvida referente a senha do nuvem cloud,2026-08-10,Matheus Pulcinelli,Dúvidas,Alta,Resolvido,ENE VIDROS,Ailton Araujo,Empresa,Segunda,2026-08,33
59422,Público,Auto solução ,2026-08-04,Matheus Pulcinelli,Dúvidas,Alta,Resolvido,QUATTRO VETRO,NIVEA,Empresa,Terça,2026-08,32
59743,Público,Duvida referente a cadastro de cores,2026-08-07,Matheus Pulcinelli,Dúvidas,Alta,Resolvido,JB VIDROS E ESQUADRIAS (ANTIGO 9267),JB Vidros Esquadrias,Empresa,Sexta,2026-08,32
59967,Público,Erro na descrição da obra,2026-08-11,Matheus Pulcinelli,Dúvidas,Alta,Resolvido,OGB ESQUADRIAS,Vinicius Clemente,Empresa,Terça,2026-08,33
59739,Público,Duvida referente a salvar como ,2026-08-07,Matheus Pulcinelli,Dúvidas,Alta,Resolvido,VETRO FABRICAÇÃO DE ESQUADRIAS DE METAL,Isadora,Empresa,Sexta,2026-08,32
59798,Público,Atualização de build ,2026-08-10,Matheus Pulcinelli,Atualização Versão e Build,Alta,Resolvido,SIRAL,Alberto,Empresa,Segunda,2026-08,33
59725,Público,Dúvida sobre cadastro de cores,2026-08-07,Matheus Pulcinelli,Dúvidas,Alta,Resolvido,JB VIDROS E ESQUADRIAS (ANTIGO 9267),JB Vidros Esquadrias,Empresa,Sexta,2026-08,32
59863,Público,Daniel - ALUMISANTOS ALUMINIOS,2026-08-10,Matheus Pulcinelli,Chat Inativo,Baixa,Resolvido,ALUMISANTOS ALUMINIOS,Daniel,Empresa,Segunda,2026-08,33
59918,Público,Agendamento para reinstalação ,2026-08-11,Matheus Pulcinelli,Dúvidas,Alta,Resolvido,VIDRAÇARIA BOM PASTOR,Kelly Christina Bueno de Souza,Empresa,Terça,2026-08,33
59951,Público,Atalho do sistema em Rede,2026-08-11,Matheus Pulcinelli,Instalação,Alta,Resolvido,VIDRAÇARIA BOM PASTOR,Kelly Christina Bueno de Souza,Empresa,Terça,2026-08,33
59939,Público,Atalho do sistema em Rede,2026-08-11,Matheus Pulcinelli,Instalação,Alta,Resolvido,VIDRAÇARIA BOM PASTOR,Kelly Christina Bueno de Souza,Empresa,Terça,2026-08,33
59434,Público,Auto solução ,2026-08-04,Matheus Pulcinelli,Dúvidas,Alta,Resolvido,INOVE ESQUADRIAS E VIDROS LTDA,Marcelo Mendes,Empresa,Terça,2026-08,32
59486,Público,Chat inativo,2026-08-05,Matheus Pulcinelli,Chat Inativo,Baixa,Resolvido,METAZIL,Vinícius Martins Frinhani,Empresa,Quarta,2026-08,32
59829,Público,Atalho do sistema em Rede,2026-08-10,Matheus Pulcinelli,Instalação,Alta,Resolvido,LIDER DA ALTEROSA INDUSTRIAL,Thainá - Dp Técnico,Empresa,Segunda,2026-08,33
59221,Público,Instalação de base zerada,2026-07-31,Matheus Pulcinelli,Instalação,Alta,Resolvido,ESQUADROMINAS,Jaredy Soares,Empresa,Sexta,2026-07,31
59439,Público,"Atualização de material MOF - Perfil, udinese",2026-08-04,Matheus Pulcinelli,Dúvidas,Alta,Resolvido,BWX ESQUADRIAS,Bruna,Empresa,Terça,2026-08,32
59730,Público,Atualização de material MOF - Perfil + atualização de versão e build ,2026-08-07,Matheus Pulcinelli,Atualização Versão e Build,Alta,Resolvido,ESQUAD SOLUÇÕES EM ESQUADRIAS,Esquad Soluções em Esquadrias,Empresa,Sexta,2026-08,32
59800,Público,Duvida referente a opções em relatórios ,2026-08-10,Matheus Pulcinelli,Dúvidas,Alta,Resolvido,ESQUAD SOLUÇÕES EM ESQUADRIAS,Esquad Soluções em Esquadrias,Empresa,Segunda,2026-08,33
59033,Público,Erro de esquadria inconsistente - Autenticar esquadria e Mudei valor campo,2026-07-29,Matheus Pulcinelli,Erros,Alta,Resolvido,IMPERIAL ALUMINIO,Nathan,Empresa,Quarta,2026-07,31
59348,Público,Atalho do sistema,2026-08-03,Matheus Pulcinelli,Instalação,Alta,Resolvido,ESQUADRIAS HIPER,Daniela Hiper Box,Empresa,Segunda,2026-08,32
59164,Público,Transferência de departamento - financeiro ,2026-07-30,Matheus Pulcinelli,Transferência de Departamento,Alta,Resolvido,ESQUALYVALE ALUMINIO,Kellen Maciel,Empresa,Quinta,2026-07,31
59805,Público,Duvida referente a nova licença no cloud,2026-08-10,Matheus Pulcinelli,Dúvidas,Alta,Resolvido,A.F.P CONSTRUTORA E ESQUADRIAS,Gabriella Ponte (Usuário MAC),Não classificado,Segunda,2026-08,33
59304,Público,Dúvida sobre cálculo de tipologia,2026-08-03,Ana Clara,Dúvidas,Alta,Resolvido,CONCEITO ESQUADRIAS E VIDROS,Conceito Esquadrias,Empresa,Segunda,2026-08,32
59516,Público,Dúvida sobre automatizar arredondamento,2026-08-05,Ana Clara,Melhorias,Alta,Em atendimento,LOUGUESS,Paulo Henrique Breda Conceição,Empresa,Quarta,2026-08,32
59503,Público,Chat Inativo,2026-08-05,Ana Clara,Chat Inativo,Baixa,Resolvido,Dyan Esquadrias de Alumínio Ltda,Henrique Caravanti,Empresa,Quarta,2026-08,32
59472,Público,Dúvida sobre atalho CEM ,2026-08-05,Ana Clara,Instalação,Alta,Resolvido,METALURGICA CENTENARIO,Camila,Empresa,Quarta,2026-08,32
59191,Público,Dúvida sobre como colocar atalho do CEM,2026-07-31,Ana Clara,Instalação,Alta,Resolvido,METALURGICA CENTENARIO,Camila,Empresa,Sexta,2026-07,31
59320,Público,Cliente inadimplente,2026-08-03,Ana Clara,Transferência de Departamento,Alta,Resolvido,MALTA INDUSTRIA DE ESQUADRIAS (antiga Perfil),Erika,Empresa,Segunda,2026-08,32
59144,Público,Problemas de conexão com o servidor do CEM,2026-07-30,Ana Clara,Nuvem Cloud,Alta,Resolvido,SMART METAL,Smart Metal Esquadrias,Empresa,Quinta,2026-07,31
59622,Público,Dúvidas para acessar o EGCloud,2026-08-06,Ana Clara,Dúvidas,Alta,Resolvido,ALLPRIME,Emilly,Atendimento CEM EXCLUSIVE,Quinta,2026-08,32
59699,Público,Dúvida sobre cadastro de cores + chat inativo,2026-08-07,Ana Clara,Dúvidas,Alta,Resolvido,JB VIDROS E ESQUADRIAS (ANTIGO 9267),JB Vidros Esquadrias,Empresa,Sexta,2026-08,32
59605,Público,Transferência Faktory ,2026-08-06,Ana Clara,Transferência de Departamento,Baixa,Resolvido,ARTALUM,Cristhiane Pereira,Atendimento CEM EXCLUSIVE,Quinta,2026-08,32
59703,Público,Chat Inativo,2026-08-07,Ana Clara,Chat Inativo,Baixa,Resolvido,HIPERVIDRO,Guilherme,Empresa,Sexta,2026-08,32
59156,Público,Transferência de departamento Faktory,2026-07-30,Ana Clara,Transferência de Departamento,Alta,Resolvido,ESQUADRITEMPER,Luis  Simioni,Empresa,Quinta,2026-07,31
59572,Público,Cliente inadimplente,2026-08-06,Ana Clara,Transferência de Departamento,Alta,Resolvido,JC ESQUADRIAS (ANTIGO 489),Joelmar Bussolotto,Empresa,Quinta,2026-08,32
59217,Público,Dúvida em como colocar um relatório personalizado no sistema,2026-07-31,Ana Clara,Dúvidas,Alta,Resolvido,FEDERAL BOX & VIDROS,Suellen,Empresa,Sexta,2026-07,31
59629,Público,Dúvida sobre como excluir uma obra + Chat inativo,2026-08-06,Ana Clara,Dúvidas,Alta,Resolvido,MARABA ESQUADRIAS,Paula Melo,Empresa,Quinta,2026-08,32
59626,Público,Dúvida sobre procedimento de troca de máquina +  Chat Inativo ,2026-08-06,Ana Clara,Dúvidas,Alta,Resolvido,ROYAL,Elizabete,Empresa,Quinta,2026-08,32
59569,Público,Atualização de Versão CEM ,2026-08-06,Ana Clara,Atualização Versão e Build,Alta,Resolvido,PORTAL ALUMINIUM,Guilherme - Portal Aluminum,Empresa,Quinta,2026-08,32
59691,Público,Dúvida sobre adicionar componentes + chat inativo,2026-08-07,Ana Clara,Dúvidas,Alta,Resolvido,ALUIM METAIS,Giovana,Empresa,Sexta,2026-08,32
59199,Público,Agendamento de atualização de material,2026-07-31,Ana Clara,Dúvidas,Alta,Resolvido,VAL AÇO PWJ,Matheus,Atendimento CEM EXCLUSIVE,Sexta,2026-07,31
59292,Público,Autoresolução,2026-08-03,Ana Clara,Chat Inativo,Baixa,Resolvido,RD FABRICACOES,Gabrielle,Empresa,Segunda,2026-08,32
59324,Público,Dúvida sobre lista de modelos,2026-08-03,Ana Clara,Dúvidas,Alta,Resolvido,VIDRACARIA CATALANA,Eduarda Aquino ?,Empresa,Segunda,2026-08,32
59477,Público,Dúvida sobre cálculo de tipologias,2026-08-05,Ana Clara,Dúvidas,Alta,Resolvido,LAF SOROCABA,Giovanna Rocha,Empresa,Quarta,2026-08,32
59376,Público,Dúvida sobre cálculo de perfil,2026-08-04,Ana Clara,Dúvidas,Alta,Resolvido,ESQUADRIUM - ESQUADRIAS E VIDROS,Junior,Empresa,Terça,2026-08,32
59385,Público,Dúvida sobre orçamento entre obras distintas,2026-08-04,Ana Clara,Dúvidas,Alta,Resolvido,RJ ESQUADRIAS,Micael RJ Esquadrias,Empresa,Terça,2026-08,32
59476,Público,Chat Inativo,2026-08-05,Ana Clara,Chat Inativo,Baixa,Resolvido,TLE ESQUADRIAS DE ALUMINIO,Tamara,Empresa,Quarta,2026-08,32
59416,Público,Dúvida sobre precificação de componentes,2026-08-04,Ana Clara,Dúvidas,Alta,Resolvido,RD FABRICACOES,Sá - RD,Empresa,Terça,2026-08,32
59596,Público,Dúvida sobre cálculo de tipologia,2026-08-06,Ana Clara,Dúvidas,Alta,Resolvido,RD FABRICACOES,Sá - RD,Empresa,Quinta,2026-08,32
59248,Público,Dúvida sobre cálculo de tipologia,2026-07-31,Ana Clara,Dúvidas,Alta,Resolvido,COSIBA SERVICOS INDUSTRIAIS,Ariane,Empresa,Sexta,2026-07,31
60252,Público,Transferencia de departamento - financeiro,2026-08-14,Administradores,Transferência de Departamento,Alta,Resolvido,LS ALUMINIO,THAIS,Empresa,Sexta,2026-08,33
59120,Público,transferencia Financeiro ,2026-07-30,Davi Barros,Transferência de Departamento,Média,Resolvido,ESQUADRIMAIS-ESQUADRIAS DE ALUMINIO E VIDRACARIA,Esquadrimais Esquadrias De Aluminio E Vidracaria.,Empresa,Quinta,2026-07,31
59166,Público,Tentativa de atualização do sistema CEM (Erro pra atualizar),2026-07-30,Davi Barros,Dúvidas,Alta,Resolvido,EMETAL,"Phillip Emetal,EMETAL » Paulo",Empresa,Quinta,2026-07,31
59414,Interno,transferencia Financeiro ,2026-08-04,Davi Barros,Transferência de Departamento,Média,Resolvido,FERMAX,Matheus Henrique Leal,Empresa,Terça,2026-08,32
60262,Público,Transferência de departamento Financeiro,2026-08-14,Diogo Rodrigues,Transferência de Departamento,Alta,Resolvido,CITTY GLASS ESQUADRIAS DE ALUMINIO E VIDRO ME,Juliano,Empresa,Sexta,2026-08,33
60830,Público,Transferência de departamento - Financeiro,2026-08-20,Gabriel Campos,Transferência de Departamento,Alta,Resolvido,MSE ESQUADRIAS,Johann Forni,Empresa,Quinta,2026-08,34
60371,Público,Dúvida referente a substituição de perfis + solicitação de material ,2026-08-17,Gabriel Campos,Dúvidas,Alta,Resolvido,TEMPERCAMPOS,Jessica,Empresa,Segunda,2026-08,34
61042,Público,Dúvida referente a gerar relatório,2026-08-25,Gabriel Campos,Dúvidas,Alta,Novo,METALGLASS ESQUADRIAS DE ALUMINIO (ANTIGO 8073),Victor Gabriel,Empresa,Terça,2026-08,35
60835,Público,Erro de calculo (Tipologia errada - Travessa),2026-08-20,Gabriel Campos,Dúvidas,Alta,Resolvido,ALMAC,Eduardo Maciel,Empresa,Quinta,2026-08,34
60381,Público,Lentidão no sistema ,2026-08-17,Gabriel Campos,Erros,Alta,Resolvido,SMART METAL,Jessica Portes,Empresa,Segunda,2026-08,34
61020,Público,Atualização de versão 0723 + autenticar esquadrias ,2026-08-24,Gabriel Campos,Atualização Versão e Build,Alta,Resolvido,VIDRAÇARIA ABATE,LETICIA,Empresa,Segunda,2026-08,35
60015,Público,Reinstalação de sistema + mapeamento em rede,2026-08-12,Gabriel Campos,Instalação,Alta,Resolvido,STM ESQUADRIAS,Eduardo/ Lucas,Empresa,Quarta,2026-08,33
60083,Público,Erros ao exportar obra (Esquadrias incompatíveis) ,2026-08-13,Gabriel Campos,Erros,Alta,Resolvido,WANIA LIDIANE PEREIRA,Wania,Não classificado,Quinta,2026-08,33
60602,Público,Reinstalação de sistema ,2026-08-19,Gabriel Campos,Instalação,Alta,Resolvido,CONSUTEC,Jéssica Silva,Empresa,Quarta,2026-08,34
60495,Público,Dúvida referente a integração com o Faktory,2026-08-18,Gabriel Campos,Dúvidas,Alta,Resolvido,VM ESQUADRIAS EM ALUMINIO,Lucas Freitas,Empresa,Terça,2026-08,34
60640,Interno,Dúvida referente a etapas dentro da obra,2026-08-20,Gabriel Campos,Dúvidas,Alta,Resolvido,DIAGONAL ESQUADRIAS,LUCAS,Empresa,Quinta,2026-08,34
60299,Público,Dúvida referente a calculo de itens + chat inativo ,2026-08-17,Gabriel Campos,Dúvidas,Alta,Resolvido,ARTALUM,Cristhiane Pereira,Atendimento CEM EXCLUSIVE,Segunda,2026-08,34
60823,Público,Auto solução ,2026-08-20,Gabriel Campos,Chat Inativo,Baixa,Resolvido,ALUMISANTOS ALUMINIOS,Daniel,Empresa,Quinta,2026-08,34
60435,Público,Dúvida referente a atualizar material,2026-08-18,Gabriel Campos,Dúvidas,Alta,Resolvido,VIDRAZIL,Lucas Avila,Empresa,Terça,2026-08,34
60305,Público,Atualização de materiais MOF (Aluminorte),2026-08-17,Gabriel Campos,Dúvidas,Alta,Resolvido,VIDRO VIVO,Danielle,Empresa,Segunda,2026-08,34
60042,Público,Chat inativo,2026-08-12,Gabriel Campos,Chat Inativo,Baixa,Resolvido,G4 ESQUADRIAS E FACHADAS,Bruno Lima,Empresa,Quarta,2026-08,33
60063,Público,Agendamento de atualização de material ,2026-08-12,Gabriel Campos,Dúvidas,Alta,Resolvido,ARTEFAL (ANTIGO 8861),Ewerton,Empresa,Quarta,2026-08,33
60087,Público,Transferência de departamento - Comercial,2026-08-13,Gabriel Campos,Transferência de Departamento,Alta,Resolvido,ALUF,ALUF SERRALHERIA- ORÇAMENTOS,Empresa,Quinta,2026-08,33
60802,Público,Transferência de departamento - Relatório ,2026-08-20,Gabriel Campos,Transferência de Departamento,Alta,Resolvido,DECOR ESQUADRIAS,Fernando,Empresa,Quinta,2026-08,34
60969,Público,Atualização de materiais MOF + atualização de build,2026-08-24,Gabriel Campos,Dúvidas,Baixa,Resolvido,DECOR ESQUADRIAS,Fernando,Empresa,Segunda,2026-08,35
60329,Público,Dúvida referente a cadastrar perdas por perfil ,2026-08-17,Gabriel Campos,Dúvidas,Alta,Resolvido,LUCHI ESQUADRIAS EM ALUMINIO,Temístocles - Departamento Técnico,Empresa,Segunda,2026-08,34
60077,Público,Erro de tela sobreposta,2026-08-13,Gabriel Campos,Erros,Alta,Resolvido,BRWINDOW,Kellen,Empresa,Quinta,2026-08,33
60354,Público,Dúvida referente a filtrar vidro por tipologias ,2026-08-17,Gabriel Campos,Dúvidas,Alta,Resolvido,UNIKA VIDROS E ALUMINIO,Edmar Carvalho,Empresa,Segunda,2026-08,34
60813,Público,Personalização de relatórios (Suporte),2026-08-20,Gabriel Campos,Dúvidas,Alta,Resolvido,UNIKA VIDROS E ALUMINIO,Edmar Carvalho,Empresa,Quinta,2026-08,34
61074,Público,Chat inativo,2026-08-25,Gabriel Campos,Chat Inativo,Baixa,Resolvido,FINNEZE ALUMINIO,Tone Filho,Empresa,Terça,2026-08,35
60616,Público,Dúvida referente a gerar proposta,2026-08-19,Gabriel Campos,Dúvidas,Alta,Resolvido,RAPIDAO VIDROS (ANTIGO 7255),José Cláudio,Empresa,Quarta,2026-08,34
60648,Público,Atualização de materiais MOF ,2026-08-20,Gabriel Campos,Dúvidas,Alta,Resolvido,RAPIDAO VIDROS (ANTIGO 7255),José Cláudio,Empresa,Quinta,2026-08,34
60601,Público,Solicitação de material MOF (Alushow) ,2026-08-19,Gabriel Campos,Dúvidas,Alta,Resolvido,RAPIDAO VIDROS (ANTIGO 7255),José Cláudio,Empresa,Quarta,2026-08,34
60532,Público,Mapeamento em rede,2026-08-19,Gabriel Campos,Instalação,Alta,Resolvido,ROYAL,Elizabete,Empresa,Quarta,2026-08,34
59971,Público,Agendamento de atendimento ao cliente ,2026-08-11,Gabriel Campos,Dúvidas,Alta,Resolvido,VETRA PRIME ESQUADRIAS ( ANTIGO 13700),Vetra Prime Esquadrias,Não classificado,Terça,2026-08,33
59429,Interno,Dúvida referente a erro de calculo ,2026-08-04,Gabriel Campos,Dúvidas,Alta,Resolvido,LAF SOROCABA,Isabely,Não classificado,Terça,2026-08,32
59642,Público,Agendamento de atendimento ao cliente ,2026-08-06,Gabriel Campos,Dúvidas,Alta,Resolvido,PRISMATECH (Antiga 5288 Prismaglass),Eduardo Marcelino,Empresa,Quinta,2026-08,32
60432,Público,Dúvida referente a aplicar tabela de preço como padrão,2026-08-18,Gabriel Campos,Dúvidas,Alta,Resolvido,ALUVIN,Gabriel Angelin(ALUVIN  Terceirizado),Empresa,Terça,2026-08,34
60543,Público,Mapeamento em rede,2026-08-19,Gabriel Campos,Instalação,Alta,Resolvido,JLA VIDRACARIA E ESQUADRIAS DE ALUMINIO,Tais,Empresa,Quarta,2026-08,34
60284,Público,Agendamento de atendimento ao cliente ,2026-08-14,Gabriel Campos,Dúvidas,Alta,Resolvido,URBAN ESQUADRIAS,Edinei Carloto,Empresa,Sexta,2026-08,33
60318,Público,Dúvida referente a acessar CEMMOBI,2026-08-17,Gabriel Campos,Dúvidas,Alta,Resolvido,MONDO ALUMINIO CONSULTORIA EM ESQUADRIAS E FACHADAS,Bruno Kern,Empresa,Segunda,2026-08,34
60278,Público,Dúvida referente a gerar orçamento ,2026-08-14,Gabriel Campos,Dúvidas,Alta,Resolvido,METAL DO VIDRO,Renata,Empresa,Sexta,2026-08,33
60197,Público,Atualização de materiais MOF (Aluprime e Tera Metais) Tabela de Preços Tera Metais,2026-08-14,Gabriel Campos,Dúvidas,Alta,Resolvido,METAL DO VIDRO,Renata,Empresa,Sexta,2026-08,33
60875,Público,Atualização de versão 0723,2026-08-21,Gabriel Campos,Atualização Versão e Build,Alta,Resolvido,METAL DO VIDRO,Renata,Empresa,Sexta,2026-08,34
60227,Público,Dúvida referente a alteração de opções de montagem ,2026-08-14,Gabriel Campos,Dúvidas,Alta,Resolvido,FORTGLASS SOLUCOES EM VIDROS E ESQUADRIAS (ANTIGA 9445),Cláudio José,Atendimento CEM EXCLUSIVE,Sexta,2026-08,33
60360,Público,Chat inativo,2026-08-17,Gabriel Campos,Chat Inativo,Baixa,Resolvido,CENTER VIDROS,Jamille Bahia C.V,Empresa,Segunda,2026-08,34
60995,Público,Dúvida referente a cadastro de vidro ,2026-08-24,Gabriel Campos,Dúvidas,Alta,Resolvido,CENTER VIDROS,Jamille Bahia C.V,Empresa,Segunda,2026-08,35
61027,Público,Agendamento de atualização de material ,2026-08-24,Gabriel Campos,Dúvidas,Alta,Resolvido,COLPANY VIDROS,Icaro,Empresa,Segunda,2026-08,35
60935,Público,Erro de licença + atualização de versão 0723,2026-08-24,Gabriel Campos,Erros,Alta,Resolvido,ALUBRAS,Vitor,Empresa,Segunda,2026-08,35
61006,Público,Dúvida referente a vincular croquis SVG,2026-08-24,Gabriel Campos,Dúvidas,Alta,Resolvido,ALUTECH ESQUADRIAS DE ALUMINIO,Lippa,Empresa,Segunda,2026-08,35
59115,Interno,Dúvida referente a existência de material MOF,2026-07-30,Gabriel Campos,Dúvidas,Alta,Resolvido,BP GLASS,Renata,Empresa,Quinta,2026-07,31
59143,Público,Transferência de departamento - Relatório ,2026-07-30,Gabriel Campos,Transferência de Departamento,Alta,Resolvido,CAMPGLASS (ANTIGO 724),Campglass,Empresa,Quinta,2026-07,31
59244,Público,Agendamento de atendimento ao cliente ,2026-07-31,Gabriel Campos,Dúvidas,Alta,Resolvido,GRUPO ISA,Ana Tigre - Agilisa,Não classificado,Sexta,2026-07,31
59318,Público,Mapeamento em rede,2026-08-03,Gabriel Campos,Instalação,Alta,Resolvido,GRUPO ISA,Ana Tigre - Agilisa,Não classificado,Segunda,2026-08,32
59331,Público,Mapeamento em rede + Chat inativo ,2026-08-03,Gabriel Campos,Instalação,Alta,Resolvido,GRUPO ISA,Cassiano Cavalciuk,Não classificado,Segunda,2026-08,32
59054,Público,Chat inativo,2026-07-29,Gabriel Campos,Chat Inativo,Baixa,Resolvido,BP GLASS,Financeiro - Vidraçaria São Cristóvão,Empresa,Quarta,2026-07,31
59069,Público,Dúvida referente a alterar senha de usuário ,2026-07-29,Gabriel Campos,Dúvidas,Alta,Resolvido,BP GLASS,Financeiro - Vidraçaria São Cristóvão,Empresa,Quarta,2026-07,31
59780,Público,Dúvida referente a usar o CEMTools,2026-08-10,Gabriel Campos,Dúvidas,Alta,Resolvido,ALUMITEX ESQUADRIAS,Dayane,Empresa,Segunda,2026-08,33
59443,Público,Dúvida referente a migração cloud\local,2026-08-04,Gabriel Campos,Instalação,Baixa,Resolvido,ATENUA SOM,OPTEC  DATA CENTER,Empresa,Terça,2026-08,32
59366,Público,Agendamento de atendimento ao cliente ,2026-08-03,Gabriel Campos,Dúvidas,Alta,Resolvido,ATENUA SOM,OPTEC  DATA CENTER,Empresa,Segunda,2026-08,32
59998,Público,Atualização de materiais MOF,2026-08-12,Gabriel Campos,Dúvidas,Alta,Resolvido,MF ESQUADRIAS E VIDROS,MF Esquadrias E Vidros,Empresa,Quarta,2026-08,33
59242,Público,Ajuste no CEMTOOLS,2026-07-31,Gabriel Campos,Dúvidas,Alta,Resolvido,STILLO (Antiga MF esquadrias - 1241),Mateus,Empresa,Sexta,2026-07,31
59993,Público,Dúvida referente a cálculo de orçamento ,2026-08-12,Gabriel Campos,Dúvidas,Alta,Resolvido,FUTURAL ALUMINIO,Futura Esquadrias de Alumínio,Empresa,Quarta,2026-08,33
59797,Público,Dúvida referente a calculo de itens na obra,2026-08-10,Gabriel Campos,Dúvidas,Alta,Resolvido,PRISCILA MENDES MORAIS,Priscila,Empresa,Segunda,2026-08,33
59982,Público,Agendamento de atendimento ao cliente ,2026-08-12,Gabriel Campos,Dúvidas,Alta,Resolvido,ALCONORT,Sarah Saboia,Atendimento CEM EXCLUSIVE,Quarta,2026-08,33
59833,Público,Agendamento de atendimento ao cliente ,2026-08-10,Gabriel Campos,Dúvidas,Alta,Resolvido,ALCONORT,Sarah Saboia,Atendimento CEM EXCLUSIVE,Segunda,2026-08,33
59882,Público,Agendamento de atendimento ao cliente ,2026-08-11,Gabriel Campos,Dúvidas,Alta,Resolvido,ALCONORT,Sarah Saboia,Atendimento CEM EXCLUSIVE,Terça,2026-08,33
59394,Público,Mapeamento em rede,2026-08-04,Gabriel Campos,Instalação,Alta,Resolvido,LITORAL INDUSTRIA E COMERCIO DE ALUMINIOS E VIDROS,Renato Tietz,Empresa (Onboarding),Terça,2026-08,32
59098,Público,Dúvida referente a tipologia com condições travadas ,2026-07-30,Gabriel Campos,Dúvidas,Alta,Resolvido,PRISSMA VIDROS,Prissma Esquadria,Empresa,Quinta,2026-07,31
59999,Público,Dúvida referente a cadastrar referencia de cores,2026-08-12,Gabriel Campos,Dúvidas,Alta,Resolvido,LIBRIAN,Joana,Não classificado,Quarta,2026-08,33
59498,Público,Chat inativo,2026-08-05,Gabriel Campos,Chat Inativo,Baixa,Resolvido,CAMPOS ALTOS ESQUADRIAS,Estéfane Souza,Empresa,Quarta,2026-08,32
59580,Público,Atualização de versão 0723 + dúvida referente troca de componentes + chat inativo,2026-08-06,Gabriel Campos,Atualização Versão e Build,Alta,Resolvido,AMAZON TEMPER,Vivi,Não classificado,Quinta,2026-08,32
59549,Público,Agendamento de atendimento ao cliente ,2026-08-05,Gabriel Campos,Dúvidas,Alta,Resolvido,AMAZON TEMPER,Vivi,Não classificado,Quarta,2026-08,32
59649,Público,Chat inativo,2026-08-06,Gabriel Campos,Chat Inativo,Baixa,Resolvido,AFA ALUMINIUN,Dri,Empresa (Onboarding),Quinta,2026-08,32
59925,Público,Dúvida referente a existência de relatórios + chat inativo,2026-08-11,Giovana de Miranda,Dúvidas,Alta,Resolvido,AMAZON TEMPER,Vivi,Não classificado,Terça,2026-08,33
59917,Público,Chat inativo,2026-08-11,Giovana de Miranda,Chat Inativo,Baixa,Resolvido,CAMPOS ALTOS ESQUADRIAS,Wanderson Araujo,Empresa,Terça,2026-08,33
59573,Público,Dúvida referente a tabela de preço + chat inativo,2026-08-06,Giovana de Miranda,Dúvidas,Alta,Resolvido,CAMPOS ALTOS ESQUADRIAS,Estéfane Souza,Empresa,Quinta,2026-08,32
59733,Público,Dúvida referente á existência de material MOF + chat inativo,2026-08-07,Giovana de Miranda,Dúvidas,Alta,Resolvido,CAMPOS ALTOS ESQUADRIAS,Estéfane Souza,Empresa,Sexta,2026-08,32
59539,Público,Dúvida referente a importar tabela de cadastro + chat inativo,2026-08-05,Giovana de Miranda,Dúvidas,Alta,Resolvido,CAMPOS ALTOS ESQUADRIAS,Estéfane Souza,Empresa,Quarta,2026-08,32
59563,Público,Dúvida referente à importar planilha excel,2026-08-06,Giovana de Miranda,Dúvidas,Alta,Resolvido,CAMPOS ALTOS ESQUADRIAS,Estéfane Souza,Empresa,Quinta,2026-08,32
59835,Público,Dúvida referente à importar cadastros,2026-08-10,Giovana de Miranda,Dúvidas,Alta,Resolvido,CDE INDUSTRIA DE VIDROS,COMPRAS CDE,Empresa,Segunda,2026-08,33
59495,Público,Dúvida referente a mudar código da esquadria + chat inativo,2026-08-05,Giovana de Miranda,Dúvidas,Alta,Resolvido,VCD INSTALACOES E SERVICOS,Vinicius,Empresa,Quarta,2026-08,32
59085,Público,Auto resolução,2026-07-29,Giovana de Miranda,Chat Inativo,Baixa,Resolvido,DURANT FACHADAS E ESQUADRIAS,Caio,Empresa,Quarta,2026-07,31
59947,Público,Dúvida referente a cadastro de usuário + manutenção de usuários,2026-08-11,Giovana de Miranda,Dúvidas,Alta,Resolvido,BSA ESQUADRIAS,Tabatta Sylvestre | bsacomercial03,Empresa,Terça,2026-08,33
59929,Público,Atualização de build da 0918 para 0723 + atualização de material da perfil,2026-08-11,Giovana de Miranda,Atualização Versão e Build,Alta,Resolvido,SOAL (ANTIGO 1011),Amanda Correia,Empresa,Terça,2026-08,33
59903,Público,Agendamento de atualização de build e material,2026-08-11,Giovana de Miranda,Dúvidas,Alta,Resolvido,SOAL (ANTIGO 1011),Amanda Correia,Empresa,Terça,2026-08,33
59990,Público,Dúvida referente a precificação por obra de componentes,2026-08-12,Giovana de Miranda,Dúvidas,Alta,Resolvido,MASTER SERRALHERIA,alumimaster serralheria,Empresa,Quarta,2026-08,33
59386,Público,Dúvida referente link de acesso team viewer + chat inativo,2026-08-04,Giovana de Miranda,Dúvidas,Alta,Resolvido,VIDRACARIA SCHUCHARDT,Fernanda,Empresa,Terça,2026-08,32
59778,Público,Dúvida referente a cadastro de cores de vidro,2026-08-10,Giovana de Miranda,Dúvidas,Alta,Resolvido,CONCEITO ESQUADRIAS E VIDROS,Conceito Esquadrias e Vidros,Empresa,Segunda,2026-08,33
59052,Público,Transferencia de departamento - PI,2026-07-29,Giovana de Miranda,Transferência de Departamento,Alta,Resolvido,ALUMASA,Henrique,Empresa,Quarta,2026-07,31
59983,Público,Dúvida referente á precificação de componentes,2026-08-12,Giovana de Miranda,Dúvidas,Alta,Resolvido,ITEFAL,.,Atendimento CEM EXCLUSIVE,Quarta,2026-08,33
59269,Público,Dúvida referente a backup,2026-07-31,Giovana de Miranda,Instalação,Alta,Resolvido,SOMMA ESQUADRIAS,Fabio,Empresa,Sexta,2026-07,31
59799,Público,Dúvida refe4rnte a e4xistencia de material MOF,2026-08-10,Giovana de Miranda,Dúvidas,Alta,Resolvido,PREMIUM  ESQUADRIAS,Douglas,Empresa,Segunda,2026-08,33
59737,Público,Dúvida referente a mensagem de alerta no relatorio,2026-08-07,Giovana de Miranda,Dúvidas,Alta,Resolvido,ART DESING ALUMINIO,Art Design Esquadrias,Empresa,Sexta,2026-08,32
59697,Público,Dúvida referente a cadastrar item simplificado,2026-08-07,Giovana de Miranda,Dúvidas,Alta,Resolvido,ART DESING ALUMINIO,Art Design Esquadrias,Empresa,Sexta,2026-08,32
60003,Público,Auto resolucação,2026-08-12,Giovana de Miranda,Chat Inativo,Baixa,Resolvido,ART DESING ALUMINIO,Art Design Esquadrias,Empresa,Quarta,2026-08,33
59689,Público,Dúvida referente em condição do %VIDRO,2026-08-07,Giovana de Miranda,Dúvidas,Alta,Resolvido,AMAZON TEMPER,Dpto Técnico - MS Esquadrias,Não classificado,Sexta,2026-08,32
59719,Público,Atualização de material ALUPRIME,2026-08-07,Giovana de Miranda,Dúvidas,Alta,Resolvido,BP GLASS,Marcelo | Orçamentos,Empresa,Sexta,2026-08,32
59565,Interno,Dúvida sobre automatizar arredondamento,2026-08-06,Giovana de Miranda,Melhorias,Alta,Novo,LOUGUESS,Paulo Henrique Breda Conceição,Empresa,Quinta,2026-08,32
59077,Público,Dúvida referente á manutenção de obras,2026-07-29,Giovana de Miranda,Dúvidas,Alta,Resolvido,IBEA ALUMINIO,Filipe Coppi Mathias,Empresa,Quarta,2026-07,31
59325,Público,Offline message,2026-08-03,Giovana de Miranda,Tickets Offline,Média,Resolvido,BP GLASS,Maurício vendas,Empresa,Segunda,2026-08,32
59260,Público,Dúvida referente a existência de materiais MOF,2026-07-31,Giovana de Miranda,Dúvidas,Alta,Resolvido,FOPPA ESQUADRIAS,Samara - Foppa Esquadrias de Alumínio,Empresa,Sexta,2026-07,31
59359,Público,Transferencia de departamento - relatórios personalizados,2026-08-03,Giovana de Miranda,Transferência de Departamento,Alta,Resolvido,ALUMM ESQUADRIAS DE ALUMINIO,Vinicius P,Empresa (Onboarding),Segunda,2026-08,32
59264,Público,Personalização feito pelo suporte,2026-07-31,Giovana de Miranda,Dúvidas,Alta,Resolvido,ALUMISISTEM ESQUADRIAS,Vagner Silva??,Empresa,Sexta,2026-07,31
60468,Público,Dúvida referente a mapeamento no disco K faktory,2026-08-18,Giovana de Miranda,Dúvidas,Alta,Resolvido,ATENUA SOM,Marcos,Empresa,Terça,2026-08,34
60780,Público,Dúvida referente à manutenção de acabamentos + cadastro de acabamentos + automatização de código de obra,2026-08-20,Giovana de Miranda,Dúvidas,Alta,Resolvido,ARTEFAL (ANTIGO 8861),Ewerton,Empresa,Quinta,2026-08,34
60578,Público,Transferencia de departamento - Faktory,2026-08-19,Giovana de Miranda,Transferência de Departamento,Alta,Resolvido,ARTEFAL (ANTIGO 8861),Ewerton,Empresa,Quarta,2026-08,34
60358,Público,Dúvida referente à andamento de melhoria,2026-08-17,Giovana de Miranda,Dúvidas,Alta,Resolvido,INSTALAR VIDROS (CARVALHO VIDROS(7150)),Carlos Eduardo de Souza Vieira,Empresa,Segunda,2026-08,34
60376,Público,Instabilidade no EGCLOUD-2,2026-08-17,Giovana de Miranda,Nuvem Cloud,Alta,Resolvido,ESQUADRITEMPER,Jessé de Lima,Empresa,Segunda,2026-08,34
61018,Público,Dúvida referente a modificar cadastro MOF,2026-08-24,Giovana de Miranda,Dúvidas,Alta,Resolvido,CENTER VIDROS,Jamille Bahia C.V,Empresa,Segunda,2026-08,35
60377,Público,Auto resolução,2026-08-17,Giovana de Miranda,Chat Inativo,Baixa,Resolvido,METALPAR,Guilherme Batista,Empresa,Segunda,2026-08,34
60434,Público,Transferencia de departamento - Financeiro,2026-08-18,Giovana de Miranda,Transferência de Departamento,Alta,Resolvido,JJ COMERCIO DE GALVANIZADOS (antigo 1375),HELLEN,Empresa,Terça,2026-08,34
60040,Público,Dúvida referente a valores negociados na obra + transferência de departamento - relatórios personalizados,2026-08-12,Giovana de Miranda,Dúvidas,Alta,Resolvido,ALUVIN,Gabriel Angelin(ALUVIN  Terceirizado),Empresa,Quarta,2026-08,33
60303,Público,Dúvida referente a mensagem de condição de verificação em tipologia,2026-08-17,Giovana de Miranda,Dúvidas,Alta,Resolvido,URBAN ESQUADRIAS,Edinei Carloto,Empresa,Segunda,2026-08,34
60556,Público,GBK do banco para correção de erro Dynamic SQL Error + reatualização de build para 0723,2026-08-19,Giovana de Miranda,Instalação,Alta,Resolvido,VISUAL ESQUADRIAS DE ALUMINIO E FERRO,Thomas,Empresa,Quarta,2026-08,34
61076,Público,Chat inativo,2026-08-25,Giovana de Miranda,Chat Inativo,Baixa,Resolvido,ALUVIN,Gabriel Angelin(ALUVIN  Terceirizado),Empresa,Terça,2026-08,35
60809,Público,Dúvida referente a alterar croquis,2026-08-20,Giovana de Miranda,Dúvidas,Alta,Resolvido,REVISAR,André Luiz,Empresa,Quinta,2026-08,34
59935,Público,Erro de DLL do windows (comdlg32.dll),2026-08-11,Giovana de Miranda,Erros,Alta,Resolvido,ESQUADRIAS SCHEID,Daiana Oliveira,Empresa,Terça,2026-08,33
59804,Público,Transferencia de departamento - Financeiro,2026-08-10,Giovana de Miranda,Transferência de Departamento,Alta,Resolvido,NOVA DECAMP,Setor Fiscal-Nova Decamp,Empresa,Segunda,2026-08,33
59912,Público,Agendamento de atendimento ao cliente,2026-08-11,Giovana de Miranda,Dúvidas,Alta,Resolvido,ESQUADRIAS SCHEID,Daiana Oliveira,Empresa,Terça,2026-08,33
59681,Público,Dúvida referente a exportar XML de produção,2026-08-07,Giovana de Miranda,Dúvidas,Alta,Resolvido,ALUMISHOW,Rodrigo,Empresa,Sexta,2026-08,32
59684,Público,Dúvida referente a usar defcotas,2026-08-07,Giovana de Miranda,Dúvidas,Alta,Resolvido,3 RIOS CONFIANCA,PAULO VITOR,Empresa,Sexta,2026-08,32
59702,Público,Derrubar usuário com sessão travada,2026-08-07,Giovana de Miranda,Nuvem Cloud,Alta,Resolvido,MAXIBELL PORTAS E JANELAS,Allana Fernandes,Empresa,Sexta,2026-08,32
59570,Público,Chat inativo,2026-08-06,Giovana de Miranda,Chat Inativo,Baixa,Resolvido,ARTENELE,Edvaldo,Empresa,Quinta,2026-08,32
59639,Público,Transferencia de departamento - financeiro,2026-08-06,Giovana de Miranda,Transferência de Departamento,Alta,Em atendimento,Maria,,Não classificado,Quinta,2026-08,32
59635,Público,Dúvida referente á estoque técnico no CEM ONE,2026-08-06,Giovana de Miranda,Dúvidas,Alta,Resolvido,IKA ESQUADRIAS DE ALUMINIO,Aline Eleuterio,Empresa,Quinta,2026-08,32
59412,Público,Dúvida referente a cadastrar novo usuário,2026-08-04,Giovana de Miranda,Dúvidas,Alta,Resolvido,ETEC,Danni Lima,Empresa,Terça,2026-08,32
59421,Público,Transferencia de departamento - Comercial,2026-08-04,Giovana de Miranda,Transferência de Departamento,Alta,Resolvido,PHV ENGENHARIA LTDA,Ivair,Empresa,Terça,2026-08,32
59499,Público,Dúvida referente a edição de variáveis do XYZ + salvar como + desbloqueio de vidros,2026-08-05,Giovana de Miranda,Dúvidas,Alta,Resolvido,VIDRACARIA SCHUCHARDT,Fernanda Vidraçaria Schuchardt,Empresa,Quarta,2026-08,32
60068,Público,Agendamento de atualização de build,2026-08-12,Giovana de Miranda,Dúvidas,Alta,Resolvido,PACHELE,Luis,Empresa,Quarta,2026-08,33
60399,Público,Agendamento de atualização de build,2026-08-17,Giovana de Miranda,Dúvidas,Alta,Resolvido,PACHELE,Luis,Empresa,Segunda,2026-08,34
60273,Público,Atualização de build da 0213 para 0723,2026-08-14,Giovana de Miranda,Atualização Versão e Build,Alta,Resolvido,GRATTALUM MANUTENCOES,Nathalia Grattão,Empresa,Sexta,2026-08,33
60054,Público,Dúvida referente a importar projeto,2026-08-12,Giovana de Miranda,Dúvidas,Alta,Resolvido,FINNEZE ALUMINIO,Tone Filho,Empresa,Quarta,2026-08,33
60506,Público,Erro de tela sobreposta no CLOUD,2026-08-18,Giovana de Miranda,Erros,Alta,Resolvido,UTIL,Luan Miguel,Empresa,Terça,2026-08,34
60459,Público,Transferencia de departamento - relatórios personalizados,2026-08-18,Giovana de Miranda,Transferência de Departamento,Alta,Resolvido,RJ ESQUADRIAS,Enzo Bosnic,Empresa,Terça,2026-08,34
60498,Público,Dúvida referente a emissão de relatórios,2026-08-18,Giovana de Miranda,Dúvidas,Alta,Resolvido,UNIKA VIDROS E ALUMINIO,Edmar Carvalho,Empresa,Terça,2026-08,34
60297,Público,Atualização de material BELMETAL,2026-08-17,Giovana de Miranda,Dúvidas,Alta,Resolvido,ALUMICENTER ESQUADRIAS,Domingos Fernandes,Empresa,Segunda,2026-08,34
60162,Público,Erro ao enviar e-mail pelo relatório e na direto pelo romaneio,2026-08-13,Giovana de Miranda,Erros,Alta,Resolvido,FEDERAL BOX & VIDROS,Roberta Almeida,Empresa,Quinta,2026-08,33
60153,Público,Transferencia de departamento  - Financeiro,2026-08-13,Giovana de Miranda,Transferência de Departamento,Alta,Resolvido,ESFERAS ESQUADRIAS LTDA (ANTIGO 11111),Bruno,Empresa,Quinta,2026-08,33
60173,Público,Agendamento de atualização de build,2026-08-13,Giovana de Miranda,Dúvidas,Alta,Resolvido,JOIA ALUMINIO E VIDRO,Melissa Marôcco,Empresa,Quinta,2026-08,33
60016,Público,Dúvida referente à emissão de etiqueta + chat inativo,2026-08-12,Giovana de Miranda,Dúvidas,Alta,Resolvido,JOIA ALUMINIO E VIDRO,Melissa Marôcco,Empresa,Quarta,2026-08,33
60046,Público,Personalização de relatório feito pelo suporte,2026-08-12,Giovana de Miranda,Dúvidas,Alta,Resolvido,JOIA ALUMINIO E VIDRO,Melissa Marôcco,Empresa,Quarta,2026-08,33
60996,Público,Chat inativo,2026-08-24,Giovana de Miranda,Chat Inativo,Baixa,Resolvido,ALUTECH ESQUADRIAS DE ALUMINIO,Lippa,Empresa,Segunda,2026-08,35
60788,Público,Dúvida referente à duranção de atualização de material MOF,2026-08-20,Giovana de Miranda,Dúvidas,Alta,Resolvido,CNN INOX,JULIANE,Empresa,Quinta,2026-08,34
60203,Público,Dúvida referente à existência de perfil dentro de tipologia,2026-08-14,Giovana de Miranda,Dúvidas,Alta,Resolvido,ALUMICONTE,Diego Engenharia Alumiconte,Empresa,Sexta,2026-08,33
60170,Público,Personalização de relatório,2026-08-13,Giovana de Miranda,Dúvidas,Alta,Resolvido,KADESC,Maurício Machado,Empresa,Quinta,2026-08,33
61041,Público,Dúvida referente a solicitação de liberação de material FORGATTI + chat inativo,2026-08-25,Giovana de Miranda,Dúvidas,Alta,Resolvido,SAVIV INCORPORADORA,Anderson,Empresa,Terça,2026-08,35
60849,Público,Personalização de relatorios + chat inativo,2026-08-21,Giovana de Miranda,Dúvidas,Alta,Resolvido,ALUMITEK ESQUADRIAS,Larisse,Empresa,Sexta,2026-08,34
60815,Público,Personalização de etiqueta,2026-08-20,Giovana de Miranda,Dúvidas,Alta,Resolvido,ALUMITEK ESQUADRIAS,Larisse,Empresa,Quinta,2026-08,34
61059,Público,Dúvida referente à solicitação de material CBA + chat inativo,2026-08-25,Giovana de Miranda,Dúvidas,Alta,Resolvido,LAGER ESQUADRIAS,Márcia Christ,Empresa,Terça,2026-08,35
60491,Público,Dúvida referente a ativar separar otimização por corte na obra,2026-08-18,Giovana de Miranda,Dúvidas,Alta,Resolvido,CANDIDO SERRALHERIA,Regiane Candido,Empresa,Terça,2026-08,34
60939,Público,"Atualização de build da 0918 para 0723 + atualização de material forgatti, nopla, base custom e base orçamento",2026-08-24,Giovana de Miranda,Atualização Versão e Build,Alta,Resolvido,VIDROBOX,Leo Loberto,Empresa,Segunda,2026-08,35
60265,Público,Chat inativo,2026-08-14,Giovana de Miranda,Chat Inativo,Baixa,Resolvido,VIDROBOX,Leo Loberto,Empresa,Sexta,2026-08,33
60127,Público,Erro de registro de sistema,2026-08-13,Giovana de Miranda,Erros,Alta,Resolvido,ALUSILVA,Evaldo Soares,Empresa,Quinta,2026-08,33
60104,Público,Chat inativo,2026-08-13,Giovana de Miranda,Chat Inativo,Baixa,Resolvido,BRUBOX ALUMINIO E VIDRO (ANTIGO 896),Bruno Munhoz Soares,Empresa,Quinta,2026-08,33
61001,Público,Chat inativo,2026-08-24,Giovana de Miranda,Chat Inativo,Baixa,Resolvido,METAZIL,Vinícius Martins Frinhani,Empresa,Segunda,2026-08,35
60059,Público,Dúvida referente a cadastro de vidro,2026-08-12,Giovana de Miranda,Dúvidas,Alta,Resolvido,G4 ESQUADRIAS E FACHADAS,Wandson Oliveira,Empresa,Quarta,2026-08,33
61084,Público,Dúvida referente a aplicar painel de venda sobre sobras e perdas,2026-08-25,Giovana de Miranda,Dúvidas,Alta,Resolvido,RAVELI ESQUADRIAS,Raveli Esquadrias,Empresa,Terça,2026-08,35
60533,Público,Dúvida referente a ocultar valores unitários na proposta,2026-08-19,Giovana de Miranda,Dúvidas,Alta,Resolvido,FRITZEN ESQUADRIAS,Fritzen Esquadrias,Empresa,Quarta,2026-08,34
60426,Público,Atualização de build da 0322 para 0723,2026-08-18,Giovana de Miranda,Atualização Versão e Build,Alta,Resolvido,PACHELE,João,Empresa,Terça,2026-08,34
60407,Público,Agendamento de atualização de build,2026-08-17,Giovana de Miranda,Dúvidas,Alta,Resolvido,PACHELE,João,Empresa,Segunda,2026-08,34
60382,Público,Chat inativo,2026-08-17,Giovana de Miranda,Chat Inativo,Baixa,Resolvido,VIDROBOX,Vidrobox Pinda Fixo,Empresa,Segunda,2026-08,34
60311,Público,Dúvida referente a existência de material DECAMP,2026-08-17,Giovana de Miranda,Dúvidas,Alta,Resolvido,JC DESIGN,Douglas Iaquinto,Empresa,Segunda,2026-08,34
60865,Público,Ativação de midas.dll para invalid parameter,2026-08-21,Giovana de Miranda,Instalação,Alta,Resolvido,OLGA COLOR,Naylor Farias,Empresa,Sexta,2026-08,34
60233,Público,Dúvida referente á importar obra,2026-08-14,Giovana de Miranda,Dúvidas,Alta,Resolvido,JJP EIRELI (ANTIGO 649),Edimar,Empresa,Sexta,2026-08,33
60873,Público,Dúvida referente a cadastro de vidros,2026-08-21,Giovana de Miranda,Dúvidas,Alta,Resolvido,BUGAL & ALUK,Gabriel Nogueira,Empresa,Sexta,2026-08,34
60572,Público,Transferencia de departamento - Financeiro,2026-08-19,Giovana de Miranda,Transferência de Departamento,Alta,Resolvido,MSE ESQUADRIAS,Johann Forni,Empresa,Quarta,2026-08,34
60188,Público,Atualização de build da 0618 para 0723 + personalização de relatório + exportar obra,2026-08-14,Giovana de Miranda,Atualização Versão e Build,Alta,Resolvido,ALCONT ALUMÍNIO,Christian Freda,Empresa,Sexta,2026-08,33
61052,Público,Ativar Firebird + chat inativo,2026-08-25,Giovana de Miranda,Instalação,Alta,Resolvido,SUPER VETRO - QUALIDADE SUPERIOR EM VIDROS,Samuel Thomas,Empresa,Terça,2026-08,35
61075,Público,Dúvida no aviso otimização especial,2026-08-25,Daniel Joaquim ,Dúvidas,Alta,Resolvido,ALLUCK INDUSTRIA E COMERCIO EM ESQUADRIAS,Obras Alluck - Rafaela,Empresa,Terça,2026-08,35
61040,Público,Dúvida referente ao cálculo de itens e avisos da obra + chat inativo,2026-08-25,Daniel Joaquim ,Dúvidas,Alta,Resolvido,ALLUCK INDUSTRIA E COMERCIO EM ESQUADRIAS,Obras Alluck - Rafaela,Empresa,Terça,2026-08,35
60255,Público,Agendamento de configuração do CEM (colocar o serial),2026-08-14,Daniel Joaquim ,Dúvidas,Alta,Resolvido,MSE ESQUADRIAS,Johann Forni,Empresa,Sexta,2026-08,33
60292,Público,Transferência de departamento - Financeiro,2026-08-17,Daniel Joaquim ,Transferência de Departamento,Alta,Resolvido,CITTY GLASS ESQUADRIAS DE ALUMINIO E VIDRO ME,Juliano,Empresa,Segunda,2026-08,34
60198,Público,Atualização de material MOF (Olga Color) + chat inativo,2026-08-14,Daniel Joaquim ,Dúvidas,Alta,Resolvido,ABA,Girlene/Renan,Empresa,Sexta,2026-08,33
60169,Público,Agendamento de atualização de material MOF (OlgaColor),2026-08-13,Daniel Joaquim ,Dúvidas,Alta,Resolvido,ABA,Girlene/Renan,Empresa,Quinta,2026-08,33
60168,Público,Atualização de build 0723,2026-08-13,Daniel Joaquim ,Atualização Versão e Build,Alta,Resolvido,JJP EIRELI (ANTIGO 649),Edimar,Empresa,Quinta,2026-08,33
60986,Público,Atualização de material MOF (Olga color),2026-08-24,Daniel Joaquim ,Dúvidas,Alta,Resolvido,OLGA COLOR,Naylor Farias,Empresa,Segunda,2026-08,35
60380,Público,Transferência de departamento - Financeiro,2026-08-17,Daniel Joaquim ,Transferência de Departamento,Alta,Resolvido,ALUMIPRO ESQUADRIAS,Talita,Empresa,Segunda,2026-08,34
60551,Público,Agendamento de atualização do CEM,2026-08-19,Daniel Joaquim ,Dúvidas,Alta,Resolvido,GRUPO PARIS,Thiago Corrêa,Empresa,Quarta,2026-08,34
60488,Público,Dúvida no cadastro de cores (falta referência),2026-08-18,Daniel Joaquim ,Dúvidas,Alta,Resolvido,COSBIEM,Marcelo Vitor,Empresa,Terça,2026-08,34
60443,Público,Auto resolução,2026-08-18,Daniel Joaquim ,Chat Inativo,Baixa,Resolvido,KADESC,Jussemar,Empresa,Terça,2026-08,34
60481,Público,Agendamento de migração do local para o cloud + chat inativo,2026-08-18,Daniel Joaquim ,Dúvidas,Alta,Resolvido,CONCEITO ESQUADRIAS E VIDROS,Fernando,Empresa,Terça,2026-08,34
60370,Público,Chat inativo,2026-08-17,Daniel Joaquim ,Chat Inativo,Baixa,Resolvido,SMART METAL,Smart Metal Esquadrias,Empresa,Segunda,2026-08,34
60911,Público,Dúvida em como funciona a integração com o Faktory,2026-08-21,Daniel Joaquim ,Dúvidas,Alta,Resolvido,VERC ESQUADRIAS,Anderson Andrew,Empresa,Sexta,2026-08,34
60014,Público,Atualização de build 0723 + atualização de material MOF (base orçamento),2026-08-12,Daniel Joaquim ,Dúvidas,Alta,Resolvido,GOVIDROS,Denizy Ferreira,Empresa,Quarta,2026-08,33
60342,Público,Auto resolução,2026-08-17,Daniel Joaquim ,Chat Inativo,Baixa,Resolvido,FORT LUMI (ANTIGO 6345 FORTLUMI),Felipe Peres - Fortlumi Esquadrias,Empresa,Segunda,2026-08,34
60615,Público,Dúvida no importar obra,2026-08-19,Daniel Joaquim ,Dúvidas,Alta,Resolvido,WANIA LIDIANE PEREIRA,Wania,Não classificado,Quarta,2026-08,34
60918,Público,Chat inativo,2026-08-21,Daniel Joaquim ,Chat Inativo,Baixa,Resolvido,METALUMINIO,Felipe Belucci,Empresa,Sexta,2026-08,34
60618,Público,Agendamento de atualização de CEM e materiais MOF,2026-08-19,Daniel Joaquim ,Dúvidas,Alta,Resolvido,PENHA VIDROS,Matheus Costa,Empresa,Quarta,2026-08,34
60976,Público,Envio de forms para criação de tipologia,2026-08-24,Daniel Joaquim ,Dúvidas,Alta,Resolvido,RJ ESQUADRIAS,Rafael Propheta,Empresa,Segunda,2026-08,35
60423,Público,Dúvida na existência de porta de giro com isolamento térmico + Agendamento de atualização do CEM ,2026-08-18,Daniel Joaquim ,Dúvidas,Alta,Resolvido,CANDIDO SERRALHERIA,Regiane Candido,Empresa,Terça,2026-08,34
60049,Público,Dúvida na importação de cadastro + chat inativo,2026-08-12,Daniel Joaquim ,Dúvidas,Alta,Resolvido,LAGER ESQUADRIAS,Márcia Christ,Empresa,Quarta,2026-08,33
60208,Público,Dúvida na emissão de relatórios,2026-08-14,Daniel Joaquim ,Dúvidas,Alta,Resolvido,CENDRON ESQUADRIAS DE ALUMINIO,Juliano Cendron,Empresa,Sexta,2026-08,33
60588,Público,Dúvida em cadastrar cor + dúvida em desativar cor + atualização de material MOF (EG-EXEMPLO),2026-08-19,Daniel Joaquim ,Dúvidas,Alta,Resolvido,VIDRAZIL,Lucas Avila,Empresa,Quarta,2026-08,34
60322,Público,Atualização de build 0723 + lic automatico,2026-08-17,Daniel Joaquim ,Atualização Versão e Build,Alta,Resolvido,EUNIX ALUMINIO,Maurício Berto,Empresa,Segunda,2026-08,34
60056,Público,Dúvida em como funciona a impressora universal + chat inativo,2026-08-12,Daniel Joaquim ,Nuvem Cloud,Alta,Resolvido,STAL ESQUADRIAS,Robson Ganzella,Empresa,Quarta,2026-08,33
60185,Público,Dúvidas em como salvar arquivo ,2026-08-14,Daniel Joaquim ,Nuvem Cloud,Alta,Resolvido,ALUF,ALUF SERRALHERIA- ORÇAMENTOS,Empresa,Sexta,2026-08,33
60085,Público,Atualização de material MOF (Perfil) + dúvida em como alterar logotipo,2026-08-13,Daniel Joaquim ,Dúvidas,Alta,Resolvido,ARTEFAL (ANTIGO 8861),Ewerton,Empresa,Quinta,2026-08,33
60489,Público,Dúvida nas condicionais do vidro,2026-08-18,Daniel Joaquim ,Dúvidas,Alta,Resolvido,UNIKA VIDROS E ALUMINIO,Edmar Carvalho,Empresa,Terça,2026-08,34
60192,Público,Atalho do sistema em rede,2026-08-14,Daniel Joaquim ,Instalação,Alta,Resolvido,PERFITEX DIVISORIAS,Michael Perfitex,Empresa,Sexta,2026-08,33
60330,Público,Dúvida no tampedaco,2026-08-17,Daniel Joaquim ,Dúvidas,Alta,Resolvido,UNIKA VIDROS E ALUMINIO,Edmar Carvalho,Empresa,Segunda,2026-08,34
60302,Público,Dúvida no tampedaco,2026-08-17,Daniel Joaquim ,Dúvidas,Alta,Resolvido,UNIKA VIDROS E ALUMINIO,Edmar Carvalho,Empresa,Segunda,2026-08,34
60570,Público,Lentidão ao abrir o desenhador,2026-08-19,Daniel Joaquim ,Erros,Alta,Resolvido,FINNEZE ALUMINIO,Tone Filho,Empresa,Quarta,2026-08,34
60478,Público,Auto resolução,2026-08-18,Daniel Joaquim ,Chat Inativo,Baixa,Resolvido,METASUL ESQUADRIAS DE ALUMINIO,DINIS,Empresa,Terça,2026-08,34
60819,Público,Atalho do sistema em rede,2026-08-20,Daniel Joaquim ,Instalação,Alta,Resolvido,ROYAL,Elizabete,Empresa,Quinta,2026-08,34
60306,Público,Atualização de versão 1017 > 0723 + atualização de material MOF (base) + chat inativo,2026-08-17,Daniel Joaquim ,Dúvidas,Alta,Resolvido,METASUL ESQUADRIAS DE ALUMINIO,DINIS,Empresa,Segunda,2026-08,34
59579,Público,Instalação de base zerada,2026-08-06,Daniel Joaquim ,Instalação,Alta,Resolvido,MECAL,Jaison Carlos Scheel,Empresa (Onboarding),Quinta,2026-08,32
59506,Público,Dúvida no tampedaco + atualização de versão 3.5..24.1017 > 3.6.26.0723,2026-08-05,Daniel Joaquim ,Dúvidas,Alta,Resolvido,VISUAL ESQUADRIAS DE ALUMINIO E FERRO,drielly,Empresa,Quarta,2026-08,32
59707,Público,Dúvida no backup,2026-08-07,Daniel Joaquim ,Instalação,Alta,Resolvido,BP GLASS,Luan Stauffer,Empresa,Sexta,2026-08,32
59683,Público,Dúvida em como alterar a validade do orçamento,2026-08-07,Daniel Joaquim ,Dúvidas,Alta,Resolvido,LOJA DO VIDRO PIRACICABA,Comercial,Empresa,Sexta,2026-08,32
59669,Público,Volta de backup do banco do servidor antigo,2026-08-07,Daniel Joaquim ,Instalação,Alta,Resolvido,PRISMATECH (Antiga 5288 Prismaglass),Eduardo Marcelino,Empresa,Sexta,2026-08,32
59659,Público,Transferência de departamento - Financeiro,2026-08-06,Daniel Joaquim ,Transferência de Departamento,Alta,Resolvido,MARTECH SOLUCOES INOVACOES,Jhonatas - Perfil Nobre,Empresa,Quinta,2026-08,32
59852,Público,Dúvida na instalação do CEM,2026-08-10,Daniel Joaquim ,Dúvidas,Alta,Resolvido,BP GLASS,Bruno,Empresa,Segunda,2026-08,33
59834,Público,Personalização de relatórios envio a produtos ,2026-08-10,Daniel Joaquim ,Dúvidas,Alta,Resolvido,VM ESQUADRIAS EM ALUMINIO,EVANDELIO TAVARES,Empresa,Segunda,2026-08,33
59928,Público,Chat inativo,2026-08-11,Daniel Joaquim ,Chat Inativo,Baixa,Resolvido,ALUMIPRATA (ANTIGO 705),Alumiprata,Empresa,Terça,2026-08,33
60007,Público,Agendamento de atualização de material MOF (OlgaColor),2026-08-12,Daniel Joaquim ,Dúvidas,Alta,Resolvido,ALUMIPRATA (ANTIGO 705),Alumiprata,Empresa,Quarta,2026-08,33
60525,Público,Dúvida no acesso do HTML5,2026-08-19,Daniel Joaquim ,Nuvem Cloud,Alta,Resolvido,VISUAL ESQUADRIAS DE ALUMINIO E FERRO,Thomas,Empresa,Quarta,2026-08,34
60460,Público,Erro de não confere,2026-08-18,Daniel Joaquim ,Erros,Alta,Resolvido,ALLPRIME,Adriana - Allprime,Atendimento CEM EXCLUSIVE,Terça,2026-08,34
60287,Público,Offline message - Lisley/Jhonny,2026-08-15,Daniel Joaquim ,Tickets Offline,Alta,Resolvido,DCRISTAL VIDROS E ESQUADRIAS,Lisley/Jhonny,Empresa,Sábado,2026-08,33
60257,Público,Transferência de departamento - Financeiro,2026-08-14,Daniel Joaquim ,Transferência de Departamento,Alta,Resolvido,CRISTAL VIDROS CHAPADA,Sandra,Empresa,Sexta,2026-08,33
60363,Público,Invalid parameter ,2026-08-17,Daniel Joaquim ,Erros,Alta,Resolvido,JANELAO PORTAS E JAN,JULIANA,Empresa,Segunda,2026-08,34
60286,Público,Offline message - Carolina,2026-08-14,Daniel Joaquim ,Tickets Offline,Alta,Resolvido,VIDRACARIA KEOPS,Carolina,Empresa,Sexta,2026-08,33
60907,Público,Dúvida na alteração de porta do Firebird,2026-08-21,Daniel Joaquim ,Instalação,Alta,Resolvido,FORTGLASS SOLUCOES EM VIDROS E ESQUADRIAS (ANTIGA 9445),Cláudio José,Atendimento CEM EXCLUSIVE,Sexta,2026-08,34
60937,Público,Personalização de relatórios envio a produtos + chat inativo,2026-08-24,Daniel Joaquim ,Dúvidas,Alta,Resolvido,ALUMITEK ESQUADRIAS,Vitória,Empresa,Segunda,2026-08,35
60945,Público,Chat inativo,2026-08-24,Daniel Joaquim ,Chat Inativo,Baixa,Resolvido,ALUMITEK ESQUADRIAS,Vitória,Empresa,Segunda,2026-08,35
60431,Público,Dúvida no cadastro de acabamento,2026-08-18,Daniel Joaquim ,Dúvidas,Alta,Resolvido,ESQUADRA SERRALHERIA,Kleiton,Empresa,Terça,2026-08,34
61015,Público,Agendamento de reinstalação do sistema (falta e-mail e desativei a máquina antiga),2026-08-24,Daniel Joaquim ,Dúvidas,Alta,Resolvido,ALUMINIOBR,TIAGO YURI,Empresa,Segunda,2026-08,35
60339,Público,Dúvida em como colocar o relatório personalizado no sistema,2026-08-17,Daniel Joaquim ,Dúvidas,Alta,Resolvido,FEDERAL BOX & VIDROS,Suellen,Empresa,Segunda,2026-08,34
60374,Público,Dúvida em como cadastrar uma nova cor + dúvida de como criar uma regra de orçamento,2026-08-17,Daniel Joaquim ,Dúvidas,Alta,Resolvido,ALUCORP ESQUADRIAS,Antônio,Empresa,Segunda,2026-08,34
59109,Público,Instalação de base zerada,2026-07-30,Daniel Joaquim ,Instalação,Alta,Resolvido,ALUMM ESQUADRIAS DE ALUMINIO,Vinicius P,Empresa (Onboarding),Quinta,2026-07,31
59295,Público,Instalação de base zerada,2026-08-03,Daniel Joaquim ,Instalação,Alta,Resolvido,ALUT ESQUADRIAS,Andrey Spada,Empresa (Onboarding),Segunda,2026-08,32
59241,Público,Instalação de base zerada,2026-07-31,Daniel Joaquim ,Instalação,Alta,Resolvido,CANAL DO SERRALHEIRO,Junior Araujo,Empresa,Sexta,2026-07,31
59014,Público,Instalação de base zerada,2026-07-29,Daniel Joaquim ,Instalação,Alta,Resolvido,ALUGLASS,Samuel Lopes Júnior,Empresa (Onboarding),Quarta,2026-07,31
59961,Público,Migração do local para o cloud,2026-08-11,Daniel Joaquim ,Instalação,Alta,Resolvido,ALUGLASS,Samuel Lopes Júnior,Empresa (Onboarding),Terça,2026-08,33
59744,Público,Transferência de departamento - Financeiro,2026-08-07,Daniel Joaquim ,Transferência de Departamento,Alta,Resolvido,LINART,Nayara Viana,Empresa,Sexta,2026-08,32
59860,Público,Personalização de relatórios envio a produtos,2026-08-10,Daniel Joaquim ,Dúvidas,Alta,Resolvido,VM ESQUADRIAS EM ALUMINIO,Arquiteta Thais Alves | VM Esquadrias,Empresa,Segunda,2026-08,33
59763,Público,Dúvida no funcionamento do painel de venda + dúvida em como excluir orçamento + dúvida em como liberar espessura de vidro,2026-08-10,Daniel Joaquim ,Dúvidas,Alta,Resolvido,MF ESQUADRIAS E VIDROS,MF Esquadrias E Vidros,Empresa,Segunda,2026-08,33
59451,Público,Chat inativo,2026-08-04,Daniel Joaquim ,Chat Inativo,Baixa,Resolvido,CAMPOS ALTOS ESQUADRIAS,Estéfane Souza,Empresa,Terça,2026-08,32
59261,Público,Chat inativo,2026-07-31,Daniel Joaquim ,Chat Inativo,Baixa,Resolvido,FUTURAL ALUMINIO,Futura Esquadrias de Alumínio,Empresa,Sexta,2026-07,31
59774,Público,Separação de banco e aplicação + estrutura separada,2026-08-10,Daniel Joaquim ,Instalação,Alta,Resolvido,JOIA ALUMINIO E VIDRO,Evandro Pena,Empresa,Segunda,2026-08,33
59306,Público,Dúvida em como fazer um obrão,2026-08-03,Daniel Joaquim ,Dúvidas,Alta,Resolvido,REALIZA ESQUADRIAS,Realiza Esquadrias,Empresa,Segunda,2026-08,32
59896,Público,Dúvida na atualização de licença,2026-08-11,Daniel Joaquim ,Dúvidas,Alta,Resolvido,PRIME VIDROS E ALUMINIO (CEMWEB-IMPLANTAÇÃO),Prime Vidros e Alumínio,Empresa (Onboarding),Terça,2026-08,33
59823,Público,Liberação do sistema pelo Camargo + chat inativo,2026-08-10,Daniel Joaquim ,Transferência de Departamento,Alta,Resolvido,ALUMAXI,guilherme,Empresa,Segunda,2026-08,33
59980,Público,Erro de cálculo + dúvida em como criar elemento construtivo + dúvida em condição de vidro,2026-08-12,Daniel Joaquim ,Dúvidas,Alta,Resolvido,ORIENTAL ESQUADRIAS DE ALUMINIO,Oriental Compras Dalvana,Empresa,Quarta,2026-08,33
59809,Público,Chat inativo,2026-08-10,Daniel Joaquim ,Chat Inativo,Baixa,Resolvido,AMAZON TEMPER,Vivi,Não classificado,Segunda,2026-08,33
59830,Público,duvida referente a liberar espessura de vidro,2026-08-10,Patrick Nascimento,Dúvidas,Alta,Resolvido,AMAZON TEMPER,Vivi,Não classificado,Segunda,2026-08,33
59084,Público,duvida referente a precificação dos vidros,2026-07-29,Patrick Nascimento,Dúvidas,Alta,Resolvido,AMAZON TEMPER,aluminioesquadriserv,Não classificado,Quarta,2026-07,31
59945,Público,Instalação de atalho em rede (mapeamento),2026-08-11,Patrick Nascimento,Instalação,Alta,Resolvido,ORIENTAL ESQUADRIAS DE ALUMINIO,Oriental Compras Dalvana,Empresa,Terça,2026-08,33
59397,Público,duvida referente a como importar dados para o sistema,2026-08-04,Patrick Nascimento,Dúvidas,Alta,Resolvido,CAMPOS ALTOS ESQUADRIAS,Estéfane Souza,Empresa,Terça,2026-08,32
59364,Público,duvida referente a como importar planilha no CEM,2026-08-03,Patrick Nascimento,Dúvidas,Alta,Resolvido,CAMPOS ALTOS ESQUADRIAS,Estéfane Souza,Empresa,Segunda,2026-08,32
59036,Público,erro ao alterar a cor dos componentes na aba de substituição de componentes,2026-07-29,Patrick Nascimento,Erros,Alta,Resolvido,TECNOFEAL,Adan Musial,Empresa,Quarta,2026-07,31
59844,Público,duvida referente a backup do sistema,2026-08-10,Patrick Nascimento,Instalação,Alta,Resolvido,ALUMAXI,guilherme,Empresa,Segunda,2026-08,33
59769,Público,duvida referente a como criar esquadrias,2026-08-10,Patrick Nascimento,Dúvidas,Alta,Resolvido,VCD INSTALACOES E SERVICOS,Vinicius,Empresa,Segunda,2026-08,33
59358,Público,duvida referente ao assistente de versão,2026-08-03,Patrick Nascimento,Dúvidas,Alta,Resolvido,REALIZA ESQUADRIAS,Realiza Esquadrias,Empresa,Segunda,2026-08,32
59741,Público,chat inativo,2026-08-07,Patrick Nascimento,Chat Inativo,Baixa,Resolvido,LIBRIAN,Daniel,Não classificado,Sexta,2026-08,32
59675,Público,duvida referente ao calculo da formula de tampedaco,2026-08-07,Patrick Nascimento,Dúvidas,Alta,Resolvido,GRUPO METAL CORES,Yasmin Carvalho,Empresa,Sexta,2026-08,32
59380,Público,duvida referente a existência de tipologias no CEM,2026-08-04,Patrick Nascimento,Dúvidas,Alta,Resolvido,VIDRACARIA SCHUCHARDT,Vidraçaria Schuchardt,Empresa,Terça,2026-08,32
59479,Público,duvida referente a como cadastrar espelho no sistema,2026-08-05,Patrick Nascimento,Dúvidas,Alta,Resolvido,PRISCILA MENDES MORAIS,Priscila,Empresa,Quarta,2026-08,32
59727,Público,duvida referente a erro de canva ao emitir uma proposta comercial,2026-08-07,Patrick Nascimento,Dúvidas,Alta,Resolvido,PRISCILA MENDES MORAIS,Priscila,Empresa,Sexta,2026-08,32
59275,Público,agendamento de reinstalação do sistema ,2026-07-31,Patrick Nascimento,Dúvidas,Alta,Resolvido,ST ALUMINIOS,Alan Costa,Empresa,Sexta,2026-07,31
59288,Público,duvida referente a importação de dados pelo CEM Tools,2026-08-03,Patrick Nascimento,Dúvidas,Alta,Resolvido,STILLO (Antiga MF esquadrias - 1241),Mateus,Empresa,Segunda,2026-08,32
59670,Público,Instalação de atalho em rede (mapeamento),2026-08-07,Patrick Nascimento,Instalação,Alta,Resolvido,FERREIRA CAMARGO VIDROS E ALUMINIOS,Ferreira Camargo I Controladoria,Empresa,Sexta,2026-08,32
59930,Público,transferência de departamento (financeiro),2026-08-11,Patrick Nascimento,Transferência de Departamento,Alta,Resolvido,LINART,Nayara Viana,Empresa,Terça,2026-08,33
59613,Público,duvida referente a como adicionar uma opção de montagem na esquadria,2026-08-06,Patrick Nascimento,Dúvidas,Alta,Resolvido,GAMA ESQUADRIAS,Flavio Neves,Empresa,Quinta,2026-08,32
59654,Público,Auto resolução,2026-08-06,Patrick Nascimento,Chat Inativo,Baixa,Resolvido,GAMA ESQUADRIAS,Flavio Neves,Empresa,Quinta,2026-08,32
59081,Interno,erro de XML ao exportar para o Faktory,2026-07-29,Patrick Nascimento,Dúvidas,Alta,Resolvido,CASA NOVA FACHADAS E ESQUADRIAS,Arnóbio Lima,Empresa,Quarta,2026-07,31
59301,Público,erro de invalid parameter ao abrir a obra,2026-08-03,Patrick Nascimento,Erros,Alta,Resolvido,TERA METAIS,Ruhan Yoshida,Empresa,Segunda,2026-08,32
60220,Público,Erro de tela sobreposta,2026-08-14,Patrick Nascimento,Erros,Alta,Resolvido,MEGANORDESTE,Rafael Lemos,Empresa,Sexta,2026-08,33
60538,Público,duvida referente a como alterar as opções de montagem + chat inativo,2026-08-19,Patrick Nascimento,Dúvidas,Alta,Resolvido,JR DISTRIBUIDORA DE VIDROS,Andrey,Empresa,Quarta,2026-08,34
60065,Público,duvida referente ao usuário e senha do EGCLOUD,2026-08-12,Patrick Nascimento,Nuvem Cloud,Alta,Resolvido,ALUF,ALUF SERRALHERIA- ORÇAMENTOS,Empresa,Quarta,2026-08,33
60782,Público,duvida referente a lentidão no EGCLOUD,2026-08-20,Patrick Nascimento,Erros,Alta,Resolvido,IZZO ESQUADRIAS,Lucas Ribeiro,Empresa,Quinta,2026-08,34
60878,Público,chat inativo,2026-08-21,Patrick Nascimento,Chat Inativo,Baixa,Resolvido,EXEMPLAR ESQUADRIAS (ANTIGO 556),Adriano,Empresa,Sexta,2026-08,34
60359,Público,EGCLOUD apresentando lentidão,2026-08-17,Patrick Nascimento,Nuvem Cloud,Alta,Resolvido,ESQUADRITEMPER,Luis  Simioni,Empresa,Segunda,2026-08,34
60944,Público,duvida referente a mensagem de armazenamento cheio no Cloud,2026-08-24,Patrick Nascimento,Nuvem Cloud,Alta,Resolvido,ENGESQ ENGENHARIA E CONSULTORIA (ANTIGO 12544),Orestes Lingearde Selvino,Empresa,Segunda,2026-08,35
60970,Público,duvida referente a quantidade de barras erradas na exportação para o faktory,2026-08-24,Patrick Nascimento,Dúvidas,Alta,Resolvido,FORTGLASS SOLUCOES EM VIDROS E ESQUADRIAS (ANTIGA 9445),Cláudio José,Atendimento CEM EXCLUSIVE,Segunda,2026-08,35
60576,Público,agendamento de reinstalação do sistema ,2026-08-19,Patrick Nascimento,Dúvidas,Alta,Resolvido,TEXA,Suporte Suzancomp,Empresa (Cliente VIP),Quarta,2026-08,34
60666,Público,duvida referente a erro de calculo,2026-08-20,Patrick Nascimento,Dúvidas,Alta,Resolvido,FORTGLASS SOLUCOES EM VIDROS E ESQUADRIAS (ANTIGA 9445),Cláudio José,Atendimento CEM EXCLUSIVE,Quinta,2026-08,34
60641,Público,duvida referente a reinstalação do firebird,2026-08-20,Patrick Nascimento,Dúvidas,Alta,Resolvido,FORTGLASS SOLUCOES EM VIDROS E ESQUADRIAS (ANTIGA 9445),Cláudio José,Atendimento CEM EXCLUSIVE,Quinta,2026-08,34
60627,Público,reinstalação do firebird,2026-08-19,Patrick Nascimento,Erros,Alta,Resolvido,FORTGLASS SOLUCOES EM VIDROS E ESQUADRIAS (ANTIGA 9445),Cláudio José,Atendimento CEM EXCLUSIVE,Quarta,2026-08,34
60031,Público,Auto resolução,2026-08-12,Patrick Nascimento,Chat Inativo,Baixa,Resolvido,VIDRACARIA KEOPS,Carolina,Empresa,Quarta,2026-08,33
60293,Público,erro de firebird (feito a reinstalação do firebird),2026-08-17,Patrick Nascimento,Erros,Alta,Resolvido,VIDRACARIA KEOPS,Carolina,Empresa,Segunda,2026-08,34
60209,Público,duvida referente a como cadastrar croqui do perfil,2026-08-14,Patrick Nascimento,Dúvidas,Alta,Resolvido,2 IRMAOS,Quênia,Empresa,Sexta,2026-08,33
60335,Público,chat inativo,2026-08-17,Patrick Nascimento,Chat Inativo,Baixa,Resolvido,CRISTAL VIDROS CHAPADA,Sandra,Empresa,Segunda,2026-08,34
60337,Público,Instalação de atalho em rede (mapeamento),2026-08-17,Patrick Nascimento,Instalação,Alta,Resolvido,CRISTAL VIDROS CHAPADA,Sandra,Empresa,Segunda,2026-08,34
60906,Público,ativação de estoque técnico,2026-08-21,Patrick Nascimento,Dúvidas,Alta,Resolvido,TEM ALUMINIO,Cosme Lisboa,Empresa,Sexta,2026-08,34
60869,Público,chat inativo,2026-08-21,Patrick Nascimento,Chat Inativo,Baixa,Resolvido,TARGET CONSTRUCOES,Michele,Empresa,Sexta,2026-08,34
60564,Público,solicitação de personalização de relatório + chat inativo,2026-08-19,Patrick Nascimento,Dúvidas,Alta,Resolvido,TREVIZZO  ESQUADRIAS,ROSANGELA,Empresa,Quarta,2026-08,34
59987,Público,duvida referente a mensagem de licença expira em em x dias,2026-08-12,Patrick Nascimento,Dúvidas,Alta,Resolvido,CONSORCIO DJCA,??,Não classificado,Quarta,2026-08,33
60128,Público,transferência de departamento (financeiro),2026-08-13,Patrick Nascimento,Transferência de Departamento,Alta,Resolvido,BSA ESQUADRIAS,Thalita Moraes,Empresa,Quinta,2026-08,33
59717,Público,duvida referente a como salvar croquis no EGCLOUD,2026-08-07,Patrick Nascimento,Nuvem Cloud,Alta,Resolvido,BP GLASS,Ray,Empresa,Sexta,2026-08,32
59630,Público,duvida referente a mensagem de erro ao exportar para o faktory,2026-08-06,Patrick Nascimento,Dúvidas,Alta,Resolvido,BP GLASS,Willian,Empresa,Quinta,2026-08,32
59427,Público,duvida referente a como precificar vidros e superficies,2026-08-04,Patrick Nascimento,Dúvidas,Alta,Resolvido,VIDRACARIA SCHUCHARDT,Fernanda Vidraçaria Schuchardt,Empresa,Terça,2026-08,32
59349,Público,erro de invalid parameter,2026-08-03,Patrick Nascimento,Erros,Alta,Resolvido,TERA METAIS,Leonardo,Empresa,Segunda,2026-08,32
59363,Público,transferência de departamento (financeiro),2026-08-03,Patrick Nascimento,Transferência de Departamento,Alta,Resolvido,Vetra Prime Esquadrias,,Não classificado,Segunda,2026-08,32
59497,Público,transferência de departamento (comercial),2026-08-05,Patrick Nascimento,Transferência de Departamento,Alta,Resolvido,BP GLASS,daniele Amaral,Empresa,Quarta,2026-08,32
60190,Público,chat inativo,2026-08-14,Patrick Nascimento,Chat Inativo,Baixa,Resolvido,METASUL ESQUADRIAS DE ALUMINIO,DINIS,Empresa,Sexta,2026-08,33
60232,Público,Auto resolução,2026-08-14,Patrick Nascimento,Chat Inativo,Baixa,Resolvido,METASUL ESQUADRIAS DE ALUMINIO,DINIS,Empresa,Sexta,2026-08,33
60237,Público,chat inativo,2026-08-14,Patrick Nascimento,Chat Inativo,Baixa,Resolvido,METASUL ESQUADRIAS DE ALUMINIO,DINIS,Empresa,Sexta,2026-08,33
60248,Público,duvida referente a remoção da função de alterar o metro quadrado do vidro dentro do orçamento,2026-08-14,Patrick Nascimento,Erros,Alta,Resolvido,PERFITEX DIVISORIAS,Michael Perfitex,Empresa,Sexta,2026-08,33
60660,Público,duvida referente a criação de opções de montagem,2026-08-20,Patrick Nascimento,Dúvidas,Alta,Resolvido,DECORCASA,Pedro A.,Empresa,Quinta,2026-08,34
61056,Público,duvida referente a como fazer a troca de máquina,2026-08-25,Patrick Nascimento,Dúvidas,Alta,Resolvido,ALUMA,Cíntia,Empresa,Terça,2026-08,35
60957,Público,duvida referente a como cadastrar perfis e acabamentos ,2026-08-24,Patrick Nascimento,Dúvidas,Alta,Resolvido,ALUMA,Cíntia,Empresa,Segunda,2026-08,35
60279,Público,Agendamento de atualização de build,2026-08-14,Patrick Nascimento,Dúvidas,Alta,Resolvido,PACHELE,Luis,Empresa,Sexta,2026-08,33
60058,Público,Instalação de atalho em rede (mapeamento),2026-08-12,Patrick Nascimento,Instalação,Alta,Resolvido,ALUTECH ESQUADRIAS DE ALUMINIO,Lippa,Empresa,Quarta,2026-08,33
60021,Público,transferência de departamento (financeiro),2026-08-12,Patrick Nascimento,Transferência de Departamento,Alta,Resolvido,ALUF,ALUF SERRALHERIA- ORÇAMENTOS,Empresa,Quarta,2026-08,33
61066,Público,duvida referente a medida das esquadrias com divergência + chat inativo,2026-08-25,Patrick Nascimento,Dúvidas,Alta,Resolvido,VIDRAZIL,Lucas Avila,Empresa,Terça,2026-08,35
60427,Público,Atualização de build (3.6.26.0322) + chat inativo,2026-08-18,Patrick Nascimento,Atualização Versão e Build,Alta,Resolvido,TOP MIX,Fabio Junior,Atendimento CEM EXCLUSIVE,Terça,2026-08,34
60090,Público,erro ao alterar o tipo do vidro dentro do orçamento,2026-08-13,Patrick Nascimento,Erros,Alta,Resolvido,SERRALHERIA CHAVEGATI,wesley matias,Empresa,Quinta,2026-08,33
61064,Público,duvida referente a emissão de relatório de medição,2026-08-25,Patrick Nascimento,Dúvidas,Alta,Resolvido,TJ ESQUADRIAS DE ALUMINIO E VIDRAÇARIA,Paulo,Empresa (Cliente VIP),Terça,2026-08,35
60607,Público,duvida referente a como alterar o croqui dos perfis,2026-08-19,Patrick Nascimento,Dúvidas,Alta,Resolvido,EBENEZER (Antigo 552),ELTON,Empresa,Quarta,2026-08,34
60994,Público,chat inativo,2026-08-24,Patrick Nascimento,Chat Inativo,Baixa,Resolvido,SMART METAL,Smart Metal Esquadrias,Empresa,Segunda,2026-08,35
60549,Público,Migração para o CLOUD,2026-08-19,Patrick Nascimento,Instalação,Alta,Resolvido,CONCEITO ESQUADRIAS E VIDROS,Fernando,Empresa,Quarta,2026-08,34
60591,Público,duvida referente a como salvar croquis no EGCLOUD,2026-08-19,Patrick Nascimento,Nuvem Cloud,Alta,Resolvido,CONCEITO ESQUADRIAS E VIDROS,Fernando,Empresa,Quarta,2026-08,34
61054,Público,Auto resolução,2026-08-25,Patrick Nascimento,Chat Inativo,Baixa,Resolvido,MALTA INDUSTRIA DE ESQUADRIAS (antiga Perfil),Erika,Empresa,Terça,2026-08,35
60509,Público,duvida referente a como cadastrar acabamento no CEM,2026-08-18,Patrick Nascimento,Dúvidas,Alta,Resolvido,VIDROLELO,JEAN CAIXETA DA SILVA,Empresa,Terça,2026-08,34
60206,Público,chat inativo,2026-08-14,Patrick Nascimento,Chat Inativo,Baixa,Resolvido,RJ ALUMINIUM,Aluminium Esquadrias,Não classificado,Sexta,2026-08,33
60833,Público,duvida referente ao calculo de custo dos itens,2026-08-20,Patrick Nascimento,Dúvidas,Alta,Resolvido,RJ ALUMINIUM,Aluminium Esquadrias,Não classificado,Quinta,2026-08,34
61068,Público,transferência de departamento (financeiro),2026-08-25,Patrick Nascimento,Transferência de Departamento,Alta,Resolvido,JC DESIGN,Douglas Iaquinto,Empresa,Terça,2026-08,35
60298,Público,erro de dll ao exportar relatório para o excel,2026-08-17,Patrick Nascimento,Erros,Alta,Resolvido,LP2 ENGENHARIA E ASSESSORIA LTDA,Lucas Petzold,Empresa,Segunda,2026-08,34
60364,Público,duvida referente a erro de calculo,2026-08-17,Patrick Nascimento,Dúvidas,Alta,Resolvido,LP2 ENGENHARIA E ASSESSORIA LTDA,Lucas Petzold,Empresa,Segunda,2026-08,34
60258,Público,Testar a exportação para excel na segunda,2026-08-14,Patrick Nascimento,Dúvidas,Alta,Resolvido,LP2 ENGENHARIA E ASSESSORIA LTDA,Lucas Petzold,Empresa,Sexta,2026-08,33
60424,Público,Atualização de material MOF (BASE),2026-08-18,Patrick Nascimento,Dúvidas,Alta,Resolvido,DECORFLEX ESQUADRIAS,Sara,Empresa,Terça,2026-08,34
60400,Público,Agendamento de atualização de material MOF ,2026-08-17,Patrick Nascimento,Dúvidas,Alta,Resolvido,DECORFLEX ESQUADRIAS,Sara,Empresa,Segunda,2026-08,34
60527,Público,transferência de departamento (comercial),2026-08-19,Patrick Nascimento,Transferência de Departamento,Alta,Resolvido,TEMPERCAMPOS,Jessica,Empresa,Quarta,2026-08,34
60494,Público,duvida referente a como cadastrar vidro no sistema + chat inativo,2026-08-18,Patrick Nascimento,Dúvidas,Alta,Resolvido,TEMPERCAMPOS,Jessica,Empresa,Terça,2026-08,34
60502,Público,duvida referente a como cadastrar vidro ,2026-08-18,Patrick Nascimento,Dúvidas,Alta,Resolvido,TEMPERCAMPOS,Jessica,Empresa,Terça,2026-08,34
60485,Público,duvida referente a similaridade de perfis + chat inativo,2026-08-18,Patrick Nascimento,Dúvidas,Alta,Resolvido,TEMPERCAMPOS,Jessica,Empresa,Terça,2026-08,34
60053,Público,Auto resolução,2026-08-12,Patrick Nascimento,Chat Inativo,Baixa,Resolvido,SUPER VETRO - QUALIDADE SUPERIOR EM VIDROS,Samuel Thomas,Empresa,Quarta,2026-08,33
60200,Público,duvida referente a erro de calculo de componentes,2026-08-14,Patrick Nascimento,Dúvidas,Alta,Resolvido,PIGNUS ESQUADRIAS,Denis Oliveira,Empresa,Sexta,2026-08,33
60243,Público,Offline message - Johann Forni,2026-08-14,Pedro Cavalciuk,Tickets Offline,Alta,Resolvido,MSE ESQUADRIAS,Johann Forni,Empresa,Sexta,2026-08,33
60241,Público,Offline message - Felipe Faktory,2026-08-14,Pedro Cavalciuk,Tickets Offline,Alta,Resolvido,Alumisoft Sistemas,Felipe Faktory,Empresa,Sexta,2026-08,33
60840,Público,Offline message - Emilly,2026-08-20,Pedro Cavalciuk,Tickets Offline,Alta,Resolvido,ALLPRIME,Emilly,Atendimento CEM EXCLUSIVE,Quinta,2026-08,34
60977,Público,Atualização de  material MOF (OLGA COLOR),2026-08-24,Pedro Cavalciuk,Dúvidas,Alta,Resolvido,ALLPRIME,Emilly,Atendimento CEM EXCLUSIVE,Segunda,2026-08,35
60927,Público,Offline message - Emilly,2026-08-22,Pedro Cavalciuk,Tickets Offline,Alta,Resolvido,ALLPRIME,Emilly,Atendimento CEM EXCLUSIVE,Sábado,2026-08,34
60898,Público,Agendamento de Atualização de material MOF (24/08 ás 11:30),2026-08-21,Pedro Cavalciuk,Dúvidas,Alta,Resolvido,ALLPRIME,Emilly,Atendimento CEM EXCLUSIVE,Sexta,2026-08,34
60415,Público,Offline message - Sara,2026-08-17,Pedro Cavalciuk,Tickets Offline,Alta,Resolvido,DECORFLEX ESQUADRIAS,Sara,Empresa,Segunda,2026-08,34
60355,Público,Atualização de  material MOF ,2026-08-17,Pedro Cavalciuk,Dúvidas,Alta,Resolvido,ATUAL MOVEIS E DECORACAO E CASA DO MARCENEIRO,Xenia,Empresa,Segunda,2026-08,34
60542,Público,Atualização de BUILD 0723,2026-08-19,Pedro Cavalciuk,Atualização Versão e Build,Alta,Resolvido,WX ESQUADRIAS,Héricles Juan,Empresa,Quarta,2026-08,34
60866,Público,Transferência de departamento > Faktory,2026-08-21,Pedro Cavalciuk,Transferência de Departamento,Alta,Resolvido,CRJ ESQUADRIAS DE ALUMINIO (ANTIGO 1215),Tatiane Martins,Empresa,Sexta,2026-08,34
60842,Público,Offline message - Augusto - Eng. Arkial,2026-08-20,Pedro Cavalciuk,Tickets Offline,Alta,Resolvido,TEXA,Augusto - Eng. Arkial,Empresa (Cliente VIP),Quinta,2026-08,34
60079,Público,Criação de atalho via rede,2026-08-13,Pedro Cavalciuk,Instalação,Alta,Resolvido,MALTA INDUSTRIA DE ESQUADRIAS (antiga Perfil),Erika,Empresa,Quinta,2026-08,33
60554,Público,Melhoria no sistema,2026-08-19,Pedro Cavalciuk,Melhorias,Alta,Resolvido,ORCA ALUMINIO,Tiago Olivo,Empresa,Quarta,2026-08,34
60943,Público,Liberação de licença ,2026-08-24,Pedro Cavalciuk,Erros,Alta,Resolvido,VIDRAÇARIA ABATE,LETICIA,Empresa,Segunda,2026-08,35
60537,Público,Chat inativo,2026-08-19,Pedro Cavalciuk,Chat Inativo,Baixa,Resolvido,EBENEZER (Antigo 552),ELTON,Empresa,Quarta,2026-08,34
60990,Público,Troca de banco base  zerada,2026-08-24,Pedro Cavalciuk,Instalação,Alta,Resolvido,Faktory Softwares,Leonardo Souza,Empresa,Segunda,2026-08,35
60959,Público,Personalização de relatório ( feito pelo suporte),2026-08-24,Pedro Cavalciuk,Dúvidas,Alta,Resolvido,CRISTAL VIDROS CHAPADA,Marco,Empresa,Segunda,2026-08,35
60310,Público,Márcia Alves - INACIO ESQUADRIAS,2026-08-17,Pedro Cavalciuk,Transferência de Departamento,Alta,Resolvido,INACIO ESQUADRIAS,Márcia Alves,Empresa,Segunda,2026-08,34
60240,Público,Offline message - Márcia Alves,2026-08-14,Pedro Cavalciuk,Tickets Offline,Alta,Resolvido,INACIO ESQUADRIAS,Márcia Alves,Empresa,Sexta,2026-08,33
60366,Público,Duvida em como salvar DPF no EGCLOUD,2026-08-17,Pedro Cavalciuk,Nuvem Cloud,Alta,Resolvido,WANIA LIDIANE PEREIRA,Wania,Não classificado,Segunda,2026-08,34
60440,Público,Transferência de departamento > Comercial (Licença adicional),2026-08-18,Pedro Cavalciuk,Transferência de Departamento,Alta,Resolvido,METALUMINIO,Felipe Belucci,Empresa,Terça,2026-08,34
60975,Público,Alteração de tamanho do vidro,2026-08-24,Pedro Cavalciuk,Dúvidas,Alta,Resolvido,VIDRACARIA PRIMOS LTDA,Sammy,Empresa,Segunda,2026-08,35
60414,Público,Offline message - Regiane Candido,2026-08-17,Pedro Cavalciuk,Tickets Offline,Alta,Resolvido,CANDIDO SERRALHERIA,Regiane Candido,Empresa,Segunda,2026-08,34
60863,Público,Chat inativo,2026-08-21,Pedro Cavalciuk,Chat Inativo,Baixa,Resolvido,PENHA VIDROS,Matheus Costa,Empresa,Sexta,2026-08,34
60586,Público,Transferência de funcionário do Faktory para a Camila palma ,2026-08-19,Pedro Cavalciuk,Transferência de Departamento,Alta,Resolvido,Faktory Softwares,Bruna Nabuco - Faktory,Empresa,Quarta,2026-08,34
61028,Público,Offline message - Anderson,2026-08-24,Pedro Cavalciuk,Tickets Offline,Alta,Resolvido,SAVIV INCORPORADORA,Anderson,Empresa,Segunda,2026-08,35
60072,Público,Offline message - Robson Ganzella,2026-08-12,Pedro Cavalciuk,Tickets Offline,Alta,Resolvido,STAL ESQUADRIAS,Robson Ganzella,Empresa,Quarta,2026-08,33
60841,Público,Offline message - Larisse,2026-08-20,Pedro Cavalciuk,Tickets Offline,Alta,Resolvido,ALUMITEK ESQUADRIAS,Larisse,Empresa,Quinta,2026-08,34
60183,Público,Offline message - ALUF SERRALHERIA- ORÇAMENTOS,2026-08-14,Pedro Cavalciuk,Tickets Offline,Alta,Resolvido,ALUF,ALUF SERRALHERIA- ORÇAMENTOS,Empresa,Sexta,2026-08,33
60328,Público,LIC automaitco,2026-08-17,Pedro Cavalciuk,Erros,Alta,Resolvido,LINEA PRIME ESQUADRIAS DE ALUMINIO,CRISTINA MAGALHAES FREIRE BRITO,Empresa,Segunda,2026-08,34
60791,Público,Offline message - Fernando,2026-08-20,Pedro Cavalciuk,Tickets Offline,Alta,Resolvido,DECOR ESQUADRIAS,Fernando,Empresa,Quinta,2026-08,34
60250,Público,Tranferencia de departamento > Comercial,2026-08-14,Pedro Cavalciuk,Transferência de Departamento,Alta,Resolvido,LUIZ CLEMENTE COMERCIO E REPRESENTACOES,Luiz Clemente,Empresa,Sexta,2026-08,33
60115,Público,Trocar o CEM de HD ,2026-08-13,Pedro Cavalciuk,Instalação,Alta,Resolvido,PERFITEX DIVISORIAS,Michael Perfitex,Empresa,Quinta,2026-08,33
60179,Público,Offline message - Michael Perfitex,2026-08-13,Pedro Cavalciuk,Tickets Offline,Alta,Resolvido,PERFITEX DIVISORIAS,Michael Perfitex,Empresa,Quinta,2026-08,33
60070,Público,Offline message - Kellen,2026-08-12,Pedro Cavalciuk,Tickets Offline,Alta,Resolvido,BRWINDOW,Kellen,Empresa,Quarta,2026-08,33
60581,Público,Offline message - Pedro A.,2026-08-19,Pedro Cavalciuk,Tickets Offline,Alta,Resolvido,DECORCASA,Pedro A.,Empresa,Quarta,2026-08,34
60628,Público,Offline message - José Cláudio,2026-08-19,Pedro Cavalciuk,Tickets Offline,Alta,Resolvido,RAPIDAO VIDROS (ANTIGO 7255),José Cláudio,Empresa,Quarta,2026-08,34
60858,Público,Agendamento de atualização de build (Hoje de tarde ou segunda feira),2026-08-21,Pedro Cavalciuk,Dúvidas,Alta,Resolvido,DOMUS PRIME,Evellyn,Empresa,Sexta,2026-08,34
60239,Público,Offline message - Enzo Bosnic,2026-08-14,Pedro Cavalciuk,Tickets Offline,Alta,Resolvido,RJ ESQUADRIAS,Enzo Bosnic,Empresa,Sexta,2026-08,33
60418,Público,Offline message - DINIS,2026-08-17,Pedro Cavalciuk,Tickets Offline,Alta,Resolvido,METASUL ESQUADRIAS DE ALUMINIO,DINIS,Empresa,Segunda,2026-08,34
60180,Público,Offline message - DINIS,2026-08-13,Pedro Cavalciuk,Tickets Offline,Alta,Resolvido,METASUL ESQUADRIAS DE ALUMINIO,DINIS,Empresa,Quinta,2026-08,33
60107,Público,Duvidas sobre regras de orçamento,2026-08-13,Pedro Cavalciuk,Dúvidas,Alta,Resolvido,UNITY COMERCIO ESQUADRIAS DE ALUMINIO,Aline,Empresa,Quinta,2026-08,33
60086,Público,Uso de regra para calcular sobra na obra ,2026-08-13,Pedro Cavalciuk,Dúvidas,Alta,Resolvido,UNITY COMERCIO ESQUADRIAS DE ALUMINIO,Aline,Empresa,Quinta,2026-08,33
59504,Público,Agendamento de atualização de versão - para quinta feira 06/08,2026-08-05,Pedro Cavalciuk,Dúvidas,Alta,Resolvido,ALUMONT,Alan Junio Rosa Galdino,Empresa,Quarta,2026-08,32
59619,Público,Atualização de versão 3.5 > 3.6,2026-08-06,Pedro Cavalciuk,Atualização Versão e Build,Alta,Resolvido,ALUMONT,Alan Junio Rosa Galdino,Empresa,Quinta,2026-08,32
59455,Público,Offline message - Júlia Oliveira,2026-08-04,Pedro Cavalciuk,Tickets Offline,Alta,Resolvido,BP GLASS,Júlia Oliveira,Empresa,Terça,2026-08,32
59425,Público,Offline message - Fernanda Vidraçaria Schuchardt,2026-08-04,Pedro Cavalciuk,Tickets Offline,Alta,Resolvido,VIDRACARIA SCHUCHARDT,Fernanda Vidraçaria Schuchardt,Empresa,Terça,2026-08,32
59564,Público,Tranferencia de departamento > financeiro ,2026-08-06,Pedro Cavalciuk,Transferência de Departamento,Alta,Resolvido,BP GLASS,Atendimento,Empresa,Quinta,2026-08,32
59559,Público,Offline message - Atendimento,2026-08-06,Pedro Cavalciuk,Tickets Offline,Alta,Resolvido,BP GLASS,Atendimento,Empresa,Quinta,2026-08,32
59561,Público,Mensagem offline - Willian,2026-08-06,Pedro Cavalciuk,Tickets Offline,Alta,Resolvido,BP GLASS,Willian,Empresa,Quinta,2026-08,32
59716,Público,Offline message - Ray,2026-08-07,Pedro Cavalciuk,Tickets Offline,Alta,Resolvido,BP GLASS,Ray,Empresa,Sexta,2026-08,32
59746,Público,Mensagem offline - Paulo henrique,2026-08-07,Pedro Cavalciuk,Tickets Offline,Alta,Resolvido,BP GLASS,Paulo henrique,Empresa,Sexta,2026-08,32
59934,Público,Offline message - Daiana Oliveira,2026-08-11,Pedro Cavalciuk,Tickets Offline,Alta,Resolvido,ESQUADRIAS SCHEID,Daiana Oliveira,Empresa,Terça,2026-08,33
60309,Público,Reenviar e-mail para relatórios ,2026-08-17,Pedro Cavalciuk,Transferência de Departamento,Alta,Resolvido,J GIANINI,BRUNO CASTRO,Atendimento CEM EXCLUSIVE,Segunda,2026-08,34
60037,Público,Mudança no tamanho máximo de peitoril e folha,2026-08-12,Pedro Cavalciuk,Dúvidas,Alta,Resolvido,2 IRMAOS,karen,Empresa,Quarta,2026-08,33
60569,Público,Atualização de  material MOF (HYDRO),2026-08-19,Pedro Cavalciuk,Dúvidas,Alta,Resolvido,FACADES CONSULTORIA E TREINAMENTOS (ANTIGO 10399),joao,Empresa,Quarta,2026-08,34
60598,Público,Atualização de  material MOF (HYDRO),2026-08-19,Pedro Cavalciuk,Dúvidas,Alta,Resolvido,FACADES CONSULTORIA E TREINAMENTOS (ANTIGO 10399),joao,Empresa,Quarta,2026-08,34
60646,Público,Atualização de  material MOF (OLGA COLOR),2026-08-20,Pedro Cavalciuk,Dúvidas,Alta,Resolvido,ETEC,Jaqueline Costa,Empresa,Quinta,2026-08,34
61077,Público,Upgrade de sistema (SMC > PLS),2026-08-25,Pedro Cavalciuk,Instalação,Alta,Resolvido,HEPX ESQUADRIAS,EWERTON,Empresa,Terça,2026-08,35
61058,Público,Agendamento de  upgrade,2026-08-25,Pedro Cavalciuk,Dúvidas,Alta,Resolvido,HEPX ESQUADRIAS,EWERTON,Empresa,Terça,2026-08,35
60102,Público,Duvida em como salvar relatório de completo ,2026-08-13,Pedro Cavalciuk,Dúvidas,Alta,Resolvido,METALPAR,Guilherme Batista,Empresa,Quinta,2026-08,33
60184,Público,Offline message - Carolina,2026-08-14,Pedro Cavalciuk,Tickets Offline,Alta,Resolvido,VIDRACARIA KEOPS,Carolina,Empresa,Sexta,2026-08,33
60186,Público,reinstalação de sistema + atualização de Build,2026-08-14,Pedro Cavalciuk,Instalação,Alta,Resolvido,VIDRACARIA KEOPS,Carolina,Empresa,Sexta,2026-08,33
60028,Público,Offline message - Carolina,2026-08-12,Pedro Cavalciuk,Tickets Offline,Alta,Resolvido,VIDRACARIA KEOPS,Carolina,Empresa,Quarta,2026-08,33
61069,Público,Atualização de BUILD 0723,2026-08-25,Pedro Cavalciuk,Atualização Versão e Build,Alta,Resolvido,DALMAX,Simone,Empresa,Terça,2026-08,35
60454,Público,Tooca de senha do CFGRede,2026-08-18,Pedro Cavalciuk,Nuvem Cloud,Alta,Resolvido,TONETTO E TROVA ESQUADRIAS E VIDROS (ANTIGO 10754),Daniel Zutin,Empresa,Terça,2026-08,34
60467,Público,Egcloud instável,2026-08-18,Pedro Cavalciuk,Nuvem Cloud,Alta,Resolvido,ESQUADRITEMPER,Luis  Simioni,Empresa,Terça,2026-08,34
60932,Público,Offline message - Vitória,2026-08-24,Pedro Cavalciuk,Tickets Offline,Alta,Resolvido,ALUMITEK ESQUADRIAS,Vitória,Empresa,Segunda,2026-08,35
60793,Público,Contato com usuario do EGCLOU com pico de uso da CPU,2026-08-20,Pedro Cavalciuk,Nuvem Cloud,Alta,Resolvido,VIDRACARIA AGUA BRANCA,Vanessa,Empresa,Quinta,2026-08,34
60201,Público,Impressão de diversos relatórios dando erro ,2026-08-14,Pedro Cavalciuk,Dúvidas,Alta,Resolvido,DMETAL ESQUADRIAS DE ALUMINIO (ANTIGO 10257),Fernando,Empresa,Sexta,2026-08,33
60637,Público,Apontamento de logo tipo no CEM,2026-08-20,Pedro Cavalciuk,Dúvidas,Alta,Resolvido,ALUMINIA PVC (ANTIGO 867),JÉFFERSON,Empresa,Quinta,2026-08,34
59157,Público,Duvidas sobre produtos de madeira no CEM,2026-07-30,Pedro Cavalciuk,Dúvidas,Alta,Resolvido,BP GLASS,FABIANA,Empresa,Quinta,2026-07,31
59229,Público,Offline message - .,2026-07-31,Pedro Cavalciuk,Tickets Offline,Alta,Resolvido,BP GLASS,.,Empresa,Sexta,2026-07,31
59042,Público,Chat inativo,2026-07-29,Pedro Cavalciuk,Chat Inativo,Baixa,Resolvido,ALUMITEX ESQUADRIAS,Dayane,Empresa,Quarta,2026-07,31
59755,Público,Mensagem offline - Dayane,2026-08-10,Pedro Cavalciuk,Tickets Offline,Alta,Resolvido,ALUMITEX ESQUADRIAS,Dayane,Empresa,Segunda,2026-08,33
59016,Público,Atualização de versão 3.5 > 3.6 + atualização de material MOF ,2026-07-29,Pedro Cavalciuk,Atualização Versão e Build,Alta,Resolvido,BP GLASS,Marcelo | Orçamentos,Empresa,Quarta,2026-07,31
59405,Público,Duvida sobre usar uma base teste do CEM em servidor em nuvem da empresa,2026-08-04,Pedro Cavalciuk,Dúvidas,Alta,Resolvido,ATENUA SOM,OPTEC  DATA CENTER,Empresa,Terça,2026-08,32
59356,Público,Offline message - lbesquadrias,2026-08-03,Pedro Cavalciuk,Tickets Offline,Alta,Resolvido,62.818.347 LUCAS BATISTA DE SOUSA,lbesquadrias,Empresa (CEMMOBI),Segunda,2026-08,32
59974,Público,Offline message - Verc Esquadrias,2026-08-11,Pedro Cavalciuk,Tickets Offline,Alta,Resolvido,VERC ESQUADRIAS,Verc Esquadrias,Empresa,Terça,2026-08,33
59631,Público,Duvida em como emitir relatório de matérias ,2026-08-06,Pedro Cavalciuk,Dúvidas,Alta,Resolvido,JR DISTRIBUIDORA DE VIDROS,matheus de franca,Empresa,Quinta,2026-08,32
59184,Público,Mensagem offline - Gregori,2026-07-30,Pedro Cavalciuk,Tickets Offline,Alta,Resolvido,AUGE AMBIENTES(CEMMOBI),Gregori,Empresa (CEMMOBI),Quinta,2026-07,31
59871,Público,Mensagem offline - Gregori,2026-08-10,Pedro Cavalciuk,Tickets Offline,Alta,Resolvido,AUGE AMBIENTES(CEMMOBI),Gregori,Empresa (CEMMOBI),Segunda,2026-08,33
59997,Público,Autoresolução,2026-08-12,Pedro Cavalciuk,Chat Inativo,Baixa,Resolvido,CONCEITO ESQUADRIAS E VIDROS,Conceito Esquadrias e Vidros,Empresa,Quarta,2026-08,33
59720,Público,Atualização de versão 3.5 > 3.6 + material MOF,2026-08-07,Pedro Cavalciuk,Atualização Versão e Build,Alta,Resolvido,SOMMA ESQUADRIAS,Fabio,Empresa,Sexta,2026-08,32
59182,Público,Offline message - .,2026-07-30,Pedro Cavalciuk,Tickets Offline,Alta,Resolvido,ITEFAL,.,Atendimento CEM EXCLUSIVE,Quinta,2026-07,31
59976,Público,Offline message - .,2026-08-11,Pedro Cavalciuk,Tickets Offline,Alta,Resolvido,ITEFAL,.,Atendimento CEM EXCLUSIVE,Terça,2026-08,33
59668,Público,Adicionar perfis extras em uma obra + encaminhamento para relatórios ,2026-08-07,Pedro Cavalciuk,Dúvidas,Alta,Resolvido,PRISCILA MENDES MORAIS,Priscila,Empresa,Sexta,2026-08,32
59232,Público,Offline message - Fernanda,2026-07-31,Pedro Cavalciuk,Tickets Offline,Alta,Resolvido,VIDRACARIA SCHUCHARDT,Fernanda,Empresa,Sexta,2026-07,31
59381,Público,Transferência para o facktory,2026-08-04,Pedro Cavalciuk,Transferência de Departamento,Alta,Resolvido,ARTALUM,Francildo,Atendimento CEM EXCLUSIVE,Terça,2026-08,32
59234,Público,Offline message - Larissa,2026-07-31,Pedro Cavalciuk,Tickets Offline,Alta,Resolvido,TOP GLASS(CEMMOBI),Larissa,Empresa (CEMMOBI),Sexta,2026-07,31
59932,Público,Offline message - Larissa,2026-08-11,Pedro Cavalciuk,Tickets Offline,Alta,Resolvido,TOP GLASS(CEMMOBI),Larissa,Empresa (CEMMOBI),Terça,2026-08,33
59089,Público,Offline message - Renato Tietz,2026-07-29,Pedro Cavalciuk,Tickets Offline,Alta,Resolvido,LITORAL INDUSTRIA E COMERCIO DE ALUMINIOS E VIDROS,Renato Tietz,Empresa (Onboarding),Quarta,2026-07,31
59393,Público,Adicionar logo no CEM EGCLOUD,2026-08-04,Pedro Cavalciuk,Nuvem Cloud,Alta,Resolvido,SUPLEMA,Setor Técnico Suplema,Empresa,Terça,2026-08,32
59747,Público,Offline message - Sofisticasa Soluçoes,2026-08-10,Pedro Cavalciuk,Tickets Offline,Alta,Resolvido,43.633.687 ANDRE FILIPE SOUSA(CEMMOBI),Sofisticasa Soluçoes,Empresa (CEMMOBI),Segunda,2026-08,33
59817,Público,Offline message - COMPRAS CDE,2026-08-10,Pedro Cavalciuk,Tickets Offline,Alta,Resolvido,CDE INDUSTRIA DE VIDROS,COMPRAS CDE,Empresa,Segunda,2026-08,33
59875,Público,Offline message - Wanderson Araujo,2026-08-11,Pedro Cavalciuk,Tickets Offline,Alta,Resolvido,CAMPOS ALTOS ESQUADRIAS,Wanderson Araujo,Empresa,Terça,2026-08,33
59560,Público,Offline message - Estéfane Souza,2026-08-06,Pedro Cavalciuk,Tickets Offline,Alta,Resolvido,CAMPOS ALTOS ESQUADRIAS,Estéfane Souza,Empresa,Quinta,2026-08,32
59975,Público,Offline message - Oriental Compras Dalvana,2026-08-11,Pedro Cavalciuk,Tickets Offline,Alta,Resolvido,ORIENTAL ESQUADRIAS DE ALUMINIO,Oriental Compras Dalvana,Empresa,Terça,2026-08,33
59617,Público,Duvida referente a salvar como ,2026-08-06,Matheus Pulcinelli,Dúvidas,Alta,Resolvido,AMAZON TEMPER,Dpto Técnico - MS Esquadrias,Não classificado,Quinta,2026-08,32
59135,Público,Duvida referente a atualização do Windows ,2026-07-30,Matheus Pulcinelli,Instalação,Alta,Resolvido,ESQUADRIMAXXI ESQUADRIAS DE ALUMINIO,Ariana,Empresa,Quinta,2026-07,31
59492,Público,Duvida referente a calculos gerados em relatorios ,2026-08-05,Matheus Pulcinelli,Dúvidas,Alta,Resolvido,REALIZA ESQUADRIAS,Realiza Esquadrias,Empresa,Quarta,2026-08,32
59850,Público,Agendamento de reinstalação ,2026-08-10,Matheus Pulcinelli,Dúvidas,Alta,Resolvido,VETRO ALUMINIO,Vetro Alumínio,Empresa (Onboarding),Segunda,2026-08,33
59305,Público,Duvida referente a acesso no servidor em nuvem SKYONE,2026-08-03,Matheus Pulcinelli,Nuvem Cloud,Alta,Resolvido,BSA ESQUADRIAS,Tabatta Sylvestre | bsacomercial03,Empresa,Segunda,2026-08,32
59542,Público,Envio de documento para construção de esquadrias ,2026-08-05,Matheus Pulcinelli,Dúvidas,Alta,Resolvido,FUTURAL ALUMINIO,Sistema Cem,Empresa,Quarta,2026-08,32
59118,Público,Chat inativo,2026-07-30,Matheus Pulcinelli,Chat Inativo,Baixa,Resolvido,FUTURAL ALUMINIO,Sistema Cem,Empresa,Quinta,2026-07,31
59245,Público,Agendamento de troca de máquina ,2026-07-31,Matheus Pulcinelli,Dúvidas,Alta,Resolvido,SOMMA ESQUADRIAS,Fabio,Empresa,Sexta,2026-07,31
59308,Público,Troca de servidor ,2026-08-03,Matheus Pulcinelli,Instalação,Alta,Resolvido,ST ALUMINIOS,Alan Costa,Empresa,Segunda,2026-08,32
59646,Público,Conceito Esquadrias e Vidros - CONCEITO ESQUADRIAS E VIDROS,2026-08-06,Matheus Pulcinelli,Chat Inativo,Baixa,Resolvido,CONCEITO ESQUADRIAS E VIDROS,Conceito Esquadrias e Vidros,Empresa,Quinta,2026-08,32
59500,Público,Auto solução ,2026-08-05,Matheus Pulcinelli,Chat Inativo,Baixa,Resolvido,CONCEITO ESQUADRIAS E VIDROS,Conceito Esquadrias e Vidros,Empresa,Quarta,2026-08,32
59530,Público,Duvida referente a cadastro de perfis ,2026-08-05,Matheus Pulcinelli,Dúvidas,Alta,Resolvido,GAMA ESQUADRIAS,Flavio Neves,Empresa,Quarta,2026-08,32
59034,Público,Atualização de build ,2026-07-29,Matheus Pulcinelli,Atualização Versão e Build,Alta,Resolvido,BP GLASS,Gilmar Lima,Empresa,Quarta,2026-07,31
59031,Interno,Auto solução ,2026-07-29,Matheus Pulcinelli,Chat Inativo,Baixa,Resolvido,BP GLASS,Gilmar Lima,Empresa,Quarta,2026-07,31
59049,Interno,Instalação - Estrutura separada ,2026-07-29,Matheus Pulcinelli,Instalação,Alta,Resolvido,CRJ ESQUADRIAS DE ALUMINIO (ANTIGO 1215),CRJ ESQUADRIAS,Empresa,Quarta,2026-07,31
59213,Interno,Duvida referente a Defcotas,2026-07-31,Matheus Pulcinelli,Dúvidas,Alta,Resolvido,ALUMISISTEM ESQUADRIAS,Vagner Silva??,Empresa,Sexta,2026-07,31
59338,Interno,Cadastro de usuarios ,2026-08-03,Matheus Pulcinelli,Dúvidas,Alta,Resolvido,TECHALUMI,Amanda,Empresa,Segunda,2026-08,32
60260,Público,Agendamento para atendimento ao cliente ,2026-08-14,Matheus Pulcinelli,Dúvidas,Alta,Resolvido,VIDRACARIA BARBOSA ESQ,Eduarda Ag Barbosa,Empresa,Sexta,2026-08,33
60492,Público,Atualização de material MOF - Base,2026-08-18,Matheus Pulcinelli,Dúvidas,Alta,Resolvido,VIDRACARIA BARBOSA ESQ,Eduarda Ag Barbosa,Empresa,Terça,2026-08,34
60442,Público,Duvidas referente a nuvem cloud,2026-08-18,Matheus Pulcinelli,Dúvidas,Alta,Resolvido,BRAG ESQUADRIAS DE ALUMINIO,Ruan,Empresa,Terça,2026-08,34
60675,Público,Instabilidade no EGCLOUD ,2026-08-20,Matheus Pulcinelli,Dúvidas,Alta,Resolvido,VIDROMAX,Jenifer,Empresa,Quinta,2026-08,34
60955,Público,Transferência de departamento - relatório + chat inativo,2026-08-24,Matheus Pulcinelli,Transferência de Departamento,Alta,Resolvido,ALUMITEK ESQUADRIAS,Vitória,Empresa,Segunda,2026-08,35
60274,Público,Troca de senha de usuario ,2026-08-14,Matheus Pulcinelli,Dúvidas,Alta,Resolvido,CENTER VIDROS,Jamille Bahia C.V,Empresa,Sexta,2026-08,33
60469,Público,Duvida referente a determinar horario de uso do cem ,2026-08-18,Matheus Pulcinelli,Dúvidas,Alta,Resolvido,CENTER VIDROS,Jamille Bahia C.V,Empresa,Terça,2026-08,34
60872,Público,Reinstalação do sistema + atalho em rede ,2026-08-21,Matheus Pulcinelli,Instalação,Alta,Resolvido,TEXA,Suporte Suzancomp,Empresa (Cliente VIP),Sexta,2026-08,34
60808,Público,Reinstalação do sistema + atalho em rede ,2026-08-20,Matheus Pulcinelli,Instalação,Alta,Resolvido,TEXA,Suporte Suzancomp,Empresa (Cliente VIP),Quinta,2026-08,34
60134,Público,Atalho do sistema em Rede,2026-08-13,Matheus Pulcinelli,Instalação,Alta,Resolvido,VIDRACARIA KEOPS,Carolina,Empresa,Quinta,2026-08,33
60671,Público,Erro ao abri obra ,2026-08-20,Matheus Pulcinelli,Erros,Alta,Resolvido,JANELAO PORTAS E JAN,JULIANA,Empresa,Quinta,2026-08,34
60106,Público,Erro de calculo,2026-08-13,Matheus Pulcinelli,Dúvidas,Alta,Resolvido,METAL DO VIDRO,Renata,Empresa,Quinta,2026-08,33
60143,Público,Duvida referente a criação de esquadrias ,2026-08-13,Matheus Pulcinelli,Dúvidas,Alta,Resolvido,METAL DO VIDRO,Renata,Empresa,Quinta,2026-08,33
60164,Público,Duvida referente a cadastro de fornecedor ,2026-08-13,Matheus Pulcinelli,Dúvidas,Alta,Resolvido,METAL DO VIDRO,Renata,Empresa,Quinta,2026-08,33
60883,Público,andre - MULTBOX ESQUADRIAS E TEMPERADOS (Antiga 709),2026-08-21,Matheus Pulcinelli,Instalação,Alta,Resolvido,MULTBOX ESQUADRIAS E TEMPERADOS (Antiga 709),andre,Empresa,Sexta,2026-08,34
60333,Público,Tela sobreposta,2026-08-17,Matheus Pulcinelli,Erros,Alta,Resolvido,ALLPRIME,Adriana - Allprime,Atendimento CEM EXCLUSIVE,Segunda,2026-08,34
60022,Público,Atualização de build ,2026-08-12,Matheus Pulcinelli,Atualização Versão e Build,Alta,Resolvido,P & F ESQUADRIAS PVC E ALUMINIO,José_Gavioli,Empresa,Quarta,2026-08,33
60985,Público,Transferência de departamento - relatório + chat inativo,2026-08-24,Matheus Pulcinelli,Transferência de Departamento,Alta,Resolvido,VIDRAÇARIA ABATE,Letícia/guilherme,Empresa,Segunda,2026-08,35
60317,Público,Agendamento para atendimento ao cliente ,2026-08-17,Matheus Pulcinelli,Dúvidas,Alta,Resolvido,ETEC,Jaqueline Costa,Empresa,Segunda,2026-08,34
60111,Público,Atualização de material MOF - OLGA COLOR,2026-08-13,Matheus Pulcinelli,Dúvidas,Alta,Resolvido,ETEC,Jaqueline Costa,Empresa,Quinta,2026-08,33
60009,Público,Transferência de departamento - relatório ,2026-08-12,Matheus Pulcinelli,Transferência de Departamento,Alta,Resolvido,BP GLASS,Ray,Empresa,Quarta,2026-08,33
59837,Interno,Duvida referente a cadastro de preço em perfil ,2026-08-10,Matheus Pulcinelli,Dúvidas,Alta,Resolvido,ALUMISANTOS ALUMINIOS,felipe,Empresa,Segunda,2026-08,33
60228,Público,Transferência de departamento - comercial,2026-08-14,Matheus Pulcinelli,Transferência de Departamento,Alta,Resolvido,ARTE CENTER,MEDIÇÃO DE OBRAS ARTE CENTER,Empresa,Sexta,2026-08,33
60451,Público,Reinstalação do sistema,2026-08-18,Matheus Pulcinelli,Instalação,Alta,Resolvido,ROYAL,Elizabete,Empresa,Terça,2026-08,34
60436,Público,Reinstalação do sistema,2026-08-18,Matheus Pulcinelli,Instalação,Alta,Resolvido,ROYAL,Elizabete,Empresa,Terça,2026-08,34
60493,Público,Duvida referente a perfis especiais ,2026-08-18,Matheus Pulcinelli,Dúvidas,Alta,Resolvido,ROYAL,Elizabete,Empresa,Terça,2026-08,34
60480,Público,Atalho do sistema em Rede,2026-08-18,Matheus Pulcinelli,Instalação,Alta,Resolvido,ROYAL,Elizabete,Empresa,Terça,2026-08,34
60621,Público,Erro de calculo ,2026-08-19,Matheus Pulcinelli,Dúvidas,Alta,Resolvido,BRWINDOW,Kellen,Empresa,Quarta,2026-08,34
60868,Público,Duvida referente a salvar como ,2026-08-21,Matheus Pulcinelli,Dúvidas,Alta,Resolvido,VIDRARE - SOLUCOES EM VIDROS,Cleber Silva,Empresa,Sexta,2026-08,34
60275,Público,Auto solução ,2026-08-14,Matheus Pulcinelli,Chat Inativo,Baixa,Resolvido,TECSTAL,Davi,Empresa,Sexta,2026-08,33
61008,Público,Transferência de departamento - relatório + chat inativo,2026-08-24,Matheus Pulcinelli,Transferência de Departamento,Alta,Resolvido,ALUF,ALUF SERRALHERIA- ORÇAMENTOS,Empresa,Segunda,2026-08,35
60457,Público,Tranferencia para o departamento de relatorios ,2026-08-18,Matheus Pulcinelli,Transferência de Departamento,Alta,Resolvido,KADESC,Maurício Machado,Empresa,Terça,2026-08,34
60997,Público,Transferência de departamento - relatório + chat inativo,2026-08-24,Matheus Pulcinelli,Transferência de Departamento,Alta,Resolvido,LINE ESQUADRIAS(ANTIGO 10952),Guilherme Ferreira,Empresa,Segunda,2026-08,35
61003,Público,Reinstalação do sistema ,2026-08-24,Matheus Pulcinelli,Instalação,Alta,Resolvido,CONSUTEC,Jéssica Silva,Empresa,Segunda,2026-08,35
60036,Público,Transferência de departamento - factory + chat inativo,2026-08-12,Matheus Pulcinelli,Transferência de Departamento,Alta,Resolvido,SÃO PAULO ESQUADRIAS,Gabriel Rainha,Empresa,Quarta,2026-08,33
60383,Público,Fabio Junior - TOP MIX,2026-08-17,Matheus Pulcinelli,Atualização Versão e Build,Alta,Resolvido,TOP MIX,Fabio Junior,Atendimento CEM EXCLUSIVE,Segunda,2026-08,34
60024,Público,Duvida referente a niveis de acesso ,2026-08-12,Matheus Pulcinelli,Dúvidas,Alta,Resolvido,VIDRACARIA PRIMOS LTDA,Sammy,Empresa,Quarta,2026-08,33
61016,Público,Duvida cadastro de vidros ,2026-08-24,Matheus Pulcinelli,Dúvidas,Alta,Resolvido,A FUNCIONAL VIDROS,Bárbara,Empresa,Segunda,2026-08,35
60490,Público,envio de tutorial de troca de maquina,2026-08-18,Matheus Pulcinelli,Instalação,Alta,Resolvido,CONSUTEC,Jéssica Silva,Empresa,Terça,2026-08,34
60047,Público,Wania - WANIA LIDIANE PEREIRA,2026-08-12,Matheus Pulcinelli,Dúvidas,Alta,Resolvido,WANIA LIDIANE PEREIRA,Wania,Não classificado,Quarta,2026-08,33
60351,Público,Processo de retirada de etapa ao importar obra com etapa,2026-08-17,Matheus Pulcinelli,Dúvidas,Alta,Resolvido,KICHLER ESQUADRIAS,Nierbson,Empresa,Segunda,2026-08,34
60893,Público,Instalação de base zerada,2026-08-21,Matheus Pulcinelli,Instalação,Alta,Resolvido,INACIO ESQUADRIAS,Márcia Alves,Empresa,Sexta,2026-08,34
60114,Público,Chat inativo ,2026-08-13,Matheus Pulcinelli,Chat Inativo,Baixa,Resolvido,CRISTAL VIDROS CHAPADA,Marco,Empresa,Quinta,2026-08,33
60064,Público,Duvida referente a cadastro de vidros ,2026-08-12,Matheus Pulcinelli,Dúvidas,Alta,Resolvido,CRISTAL VIDROS CHAPADA,Marco,Empresa,Quarta,2026-08,33
61067,Público,Agendamento para atualização de build ,2026-08-25,Matheus Pulcinelli,Dúvidas,Alta,Resolvido,VIDRAÇARIA BOM PASTOR,Kelly Christina Bueno de Souza,Empresa,Terça,2026-08,35
60559,Público,Duvida referente a cadastro de perfis,2026-08-19,Matheus Pulcinelli,Dúvidas,Alta,Resolvido,EBENEZER (Antigo 552),ELTON,Empresa,Quarta,2026-08,34
60973,Público,Duvida referente a alterar logotipo de relatorios ,2026-08-24,Matheus Pulcinelli,Dúvidas,Alta,Resolvido,MARIO CELSO DE LIMA,Mario Celso De Lima,Empresa,Segunda,2026-08,35
60871,Público,Chat inativo,2026-08-21,Matheus Pulcinelli,Chat Inativo,Baixa,Resolvido,GOIS ESQUADRIAS,Arthur Amorim,Empresa,Sexta,2026-08,34
60801,Público,Reinstalação do sistema + atalho em rede ,2026-08-20,Matheus Pulcinelli,Instalação,Alta,Resolvido,TEXA,Augusto - Eng. Arkial,Empresa (Cliente VIP),Quinta,2026-08,34
60978,Público,Auto solução ,2026-08-24,Matheus Pulcinelli,Dúvidas,Alta,Resolvido,JC DESIGN,Douglas Iaquinto,Empresa,Segunda,2026-08,35
60993,Público,Atalho para área de trabalho ,2026-08-24,Matheus Pulcinelli,Instalação,Alta,Resolvido,HENRIQUE PEREIRA RODRIGUES BENTO,HENRIQUE BENTO,Empresa,Segunda,2026-08,35
60806,Público,Atualização de build ,2026-08-20,Matheus Pulcinelli,Atualização Versão e Build,Alta,Resolvido,OLGA COLOR,Naylor Farias,Empresa,Quinta,2026-08,34
60785,Público,Chat inativo,2026-08-20,Matheus Pulcinelli,Chat Inativo,Baixa,Resolvido,OLGA COLOR,Naylor Farias,Empresa,Quinta,2026-08,34
60575,Público,Erro ao emitir relatório de corte (Enviado para análise),2026-08-19,Matheus Pulcinelli,Erros,Alta,Resolvido,ALLUCK INDUSTRIA E COMERCIO EM ESQUADRIAS,Obras Alluck - Rafaela,Empresa,Quarta,2026-08,34
60171,Público,Agendamento de atualização de material,2026-08-13,Matheus Pulcinelli,Dúvidas,Alta,Resolvido,ALCONT ALUMÍNIO,Christian Freda,Empresa,Quinta,2026-08,33
60964,Público,Duvida referente ao estoque técnico ,2026-08-24,Matheus Pulcinelli,Dúvidas,Alta,Resolvido,ALUNOBRE,Alysson Lima - Coordenador de Orçamentos,Empresa,Segunda,2026-08,35
60119,Público,Firebir não iniciado ,2026-08-13,Matheus Pulcinelli,Erros,Alta,Resolvido,SUPER VETRO - QUALIDADE SUPERIOR EM VIDROS,Samuel Thomas,Empresa,Quinta,2026-08,33
60579,Público,Duvida referente a relatorio gerado no romaneio ,2026-08-19,Matheus Pulcinelli,Dúvidas,Alta,Resolvido,LIDER DA ALTEROSA INDUSTRIAL,Thainá - Dp Técnico,Empresa,Quarta,2026-08,34
60902,Público,Dúvida sobre personalização de rodapé de propostas comerciais + chat inativo,2026-08-21,Ana Clara,Dúvidas,Alta,Resolvido,LUMERTZ & MENGUE,Jean Krás Borges,Empresa,Sexta,2026-08,34
60881,Público,Atualização de Material MOF + chat inativo,2026-08-21,Ana Clara,Dúvidas,Alta,Resolvido,OLGA COLOR,Naylor Farias,Empresa,Sexta,2026-08,34
61073,Público,Atualização de Versão CEM + chat inativo,2026-08-25,Ana Clara,Atualização Versão e Build,Alta,Resolvido,GM METALICA (ANTIGO 10821),Simone Marinho,Empresa,Terça,2026-08,35
61047,Público,Chat Inativo,2026-08-25,Ana Clara,Chat Inativo,Baixa,Resolvido,GM METALICA (ANTIGO 10821),Simone Marinho,Empresa,Terça,2026-08,35
60853,Público,Agendamento de  instalação do sistema ,2026-08-21,Ana Clara,Dúvidas,Alta,Resolvido,INACIO ESQUADRIAS,Márcia Alves,Empresa,Sexta,2026-08,34
61082,Público,Chat Inativo,2026-08-25,Ana Clara,Chat Inativo,Baixa,Resolvido,ESQUADRIART ESQUADRIAS (ANTIGO 12906),Rafael Gurgel,Não classificado,Terça,2026-08,35
60963,Público,Chat Inativo,2026-08-24,Ana Clara,Chat Inativo,Baixa,Resolvido,SÃO PAULO ESQUADRIAS,Gabriel Rainha,Empresa,Segunda,2026-08,35
60672,Público,Solicitação de atualização MOF,2026-08-20,Ana Clara,Dúvidas,Alta,Resolvido,ALUMICENTER ESQUADRIAS,Domingos Fernandes,Empresa,Quinta,2026-08,34
60663,Público,Transferência de departamento + chat inativo,2026-08-20,Ana Clara,Transferência de Departamento,Baixa,Resolvido,ALUMISANTOS ALUMINIOS,THIAGO,Empresa,Quinta,2026-08,34
60655,Público,Dúvida sobre como cadastrar uma referência de acabamento,2026-08-20,Ana Clara,Dúvidas,Alta,Resolvido,ALLPRIME,Adriana - Allprime,Atendimento CEM EXCLUSIVE,Quinta,2026-08,34
59430,Interno,Alteração de logotipo,2026-08-04,Ana Clara,Dúvidas,Alta,Resolvido,IKA ESQUADRIAS DE ALUMINIO,Aline Eleuterio,Empresa,Terça,2026-08,32
59505,Interno,Chat Inativo,2026-08-05,Ana Clara,Chat Inativo,Baixa,Resolvido,VISUAL ESQUADRIAS DE ALUMINIO E FERRO,Visual Esquadrias comercial,Empresa,Quarta,2026-08,32
60879,Público,Dúvida sobre cálculo de orçamento,2026-08-21,Ana Clara,Dúvidas,Alta,Resolvido,JJ COMERCIO DE GALVANIZADOS (antigo 1375),HELLEN,Empresa,Sexta,2026-08,34
60859,Público,Dúvida sobre cálculo de orçamento,2026-08-21,Ana Clara,Dúvidas,Alta,Resolvido,JJ COMERCIO DE GALVANIZADOS (antigo 1375),HELLEN,Empresa,Sexta,2026-08,34
60594,Público,Dúvida sobre como emitir relatório de login + chat inativo,2026-08-19,Ana Clara,Chat Inativo,Baixa,Resolvido,CENTER VIDROS,Jamille Bahia C.V,Empresa,Quarta,2026-08,34
60953,Público,Dúvida sobre cadastro de cores de vidro + chat inativo,2026-08-24,Ana Clara,Chat Inativo,Baixa,Resolvido,CENTER VIDROS,Jamille Bahia C.V,Empresa,Segunda,2026-08,35
59237,Público,Dúvida de acesso ao banco de dados offline,2026-07-31,Ana Clara,Dúvidas,Alta,Resolvido,BP GLASS,.,Empresa,Sexta,2026-07,31
59408,Público,Dúvida sobre aviso de linha descontinuada,2026-08-04,Ana Clara,Dúvidas,Alta,Resolvido,BP GLASS,Marcelo | Orçamentos,Empresa,Terça,2026-08,32
59576,Público,Dúvida sobre como excluir um orçamento / chat inativo,2026-08-06,Ana Clara,Chat Inativo,Baixa,Resolvido,CONCEITO ESQUADRIAS E VIDROS,Conceito Esquadrias e Vidros,Empresa,Quinta,2026-08,32
59672,Público,Dúvida sobre ativar/desativar material MOF + chat inativo,2026-08-07,Ana Clara,Chat Inativo,Baixa,Resolvido,STILLO (Antiga MF esquadrias - 1241),Mateus,Empresa,Sexta,2026-08,32
59224,Público,Reinstalação do sistema CEM,2026-07-31,Ana Clara,Instalação,Alta,Resolvido,ST ALUMINIOS,Alan Costa,Empresa,Sexta,2026-07,31
59251,Público,Dúvida sobre como editar uma tipologia,2026-07-31,Ana Clara,Dúvidas,Alta,Resolvido,ALUTEC DF,Alutec Df,Empresa,Sexta,2026-07,31
60472,Público,Chat inativo,2026-08-18,Suporte Técnico,Chat Inativo,Baixa,Resolvido,SMART METAL,LUIZ QUADROS,Empresa,Terça,2026-08,34
60123,Público,Duvidas referente a desativar os componentes ,2026-08-13,Davi Barros,Dúvidas,Média,Resolvido,IDEAL ESQUADRIAS DE ALUMINIO,IDEAL ESQUADRIAS,Empresa,Quinta,2026-08,33
60331,Público,Duvidas referente a regra de orçamento,2026-08-17,Davi Barros,Dúvidas,Média,Resolvido,CIA DO VIDRO,Gabriel Silva,Empresa,Segunda,2026-08,34
60350,Público,Mensagem offline,2026-08-17,Davi Barros,Tickets Offline,Baixa,Resolvido,GOIS ESQUADRIAS,arthur amorim,Empresa,Segunda,2026-08,34
60346,Público,Offline message,2026-08-17,Davi Barros,Tickets Offline,Média,Resolvido,VISUAL ESQUADRIAS DE ALUMINIO E FERRO,Iasmyn Oliveira,Empresa,Segunda,2026-08,34
60349,Público,Mensagem offline,2026-08-17,Davi Barros,Tickets Offline,Média,Resolvido,ENGEPRO INDUSTRIA E COMERCIO DE ESQUADRIAS LTDA,Carlos Klein,Não classificado,Segunda,2026-08,34
60069,Público,Duvidas referente a localizar linhas da DECAMP,2026-08-12,Davi Barros,Dúvidas,Média,Resolvido,PRELAR ESPECIALISTA EM ESQUADRIAS,Rayane,Empresa,Quarta,2026-08,33
60345,Público,Mensagem offline,2026-08-17,Davi Barros,Tickets Offline,Média,Resolvido,ALUMINOW ESQUADRIAS,Luciano Azevedo de Farias,Empresa,Segunda,2026-08,34
60344,Público,Offline message,2026-08-17,Davi Barros,Tickets Offline,Média,Resolvido,VIDRACARIA SCHUCHARDT,Fernanda Vidraçaria Schuchardt,Empresa,Segunda,2026-08,34
61350,Público,Dúvidas de ,2026-08-27,Yasmin Oliveira,,Alta,Resolvido,PRIME VIDROS E ALUMINIO (CEMWEB-IMPLANTAÇÃO),Thais,Empresa (Onboarding),Quinta,2026-08,35
61097,Público,Thais - PRIME VIDROS E ALUMINIO (CEMWEB-IMPLANTAÇÃO),2026-08-25,Yasmin Oliveira,,Alta,Resolvido,PRIME VIDROS E ALUMINIO (CEMWEB-IMPLANTAÇÃO),Thais,Empresa (Onboarding),Terça,2026-08,35
60529,Público,Transferência de departamento CEM DESKTOP,2026-08-19,Diogo Rodrigues,Transferência de Departamento,Alta,Resolvido,VISUAL ESQUADRIAS DE ALUMINIO E FERRO,drielly,Empresa,Quarta,2026-08,34
61070,Público,Transferencia de departamento Financeiro,2026-08-25,Diogo Rodrigues,Transferência de Departamento,Alta,Resolvido,VIDROS E ESQUADRIAS CAMPOS LTDA,Rafaelle Souza,Empresa,Terça,2026-08,35
60264,Público,Duvida referente a existência de controle de estoque no CEM,2026-08-14,Diogo Rodrigues,Dúvidas,Alta,Resolvido,EXTRA GLASS,Eduardo Benini,Empresa,Sexta,2026-08,33
60444,Público,Transferência de departamento CEM DESKTOP,2026-08-18,Diogo Rodrigues,Transferência de Departamento,Alta,Resolvido,RD FABRICACOES,Daviler,Empresa,Terça,2026-08,34
60144,Público,Dúvida referente a cadastrar vidros extras + chat inativo ,2026-08-13,Gabriel Campos,Dúvidas,Alta,Resolvido,IDEAL ESQUADRIAS DE ALUMINIO,Debora Hathenher ??,Empresa,Quinta,2026-08,33
60141,Público,Agendamento de atendimento ao cliente ,2026-08-13,Gabriel Campos,Dúvidas,Alta,Resolvido,ALCONORT,Sarah Saboia,Atendimento CEM EXCLUSIVE,Quinta,2026-08,33
60187,Público,Agendamento de atendimento ao cliente ,2026-08-14,Gabriel Campos,Dúvidas,Alta,Resolvido,ALCONORT,Sarah Saboia,Atendimento CEM EXCLUSIVE,Sexta,2026-08,33
60295,Público,Base de Dados Corrompida (Tentativa de Recuperação de BD) + chat inativo ,2026-08-17,Gabriel Campos,Erros,Alta,Resolvido,ALCONORT,Sarah Saboia,Atendimento CEM EXCLUSIVE,Segunda,2026-08,34
60422,Público,Atalho em rede + criação de usuário ,2026-08-18,Gabriel Campos,Instalação,Alta,Resolvido,ALCONORT,Sarah Saboia,Atendimento CEM EXCLUSIVE,Terça,2026-08,34
60372,Público,Personalização de relatórios (Suporte),2026-08-17,Gabriel Campos,Dúvidas,Alta,Resolvido,GRUPO METAL CORES,Yasmin Carvalho,Empresa,Segunda,2026-08,34
60043,Público,Agendamento de atendimento ao cliente ,2026-08-12,Gabriel Campos,Dúvidas,Alta,Resolvido,GRUPO METAL CORES,Yasmin Carvalho,Empresa,Quarta,2026-08,33
60062,Público,Dúvida referente a existência de material MOF,2026-08-12,Gabriel Campos,Dúvidas,Alta,Resolvido,IDEAL ESQUADRIAS DE ALUMINIO,IDEAL ESQUADRIAS,Empresa,Quarta,2026-08,33
60159,Público,Dúvida referente a importar obra + chat inativo,2026-08-13,Gabriel Campos,Dúvidas,Alta,Resolvido,VAL AÇO PWJ,Rafaela Martins,Atendimento CEM EXCLUSIVE,Quinta,2026-08,33
60836,Público,Atualização de materiais MOF (Perfil),2026-08-20,Gabriel Campos,Dúvidas,Alta,Resolvido,RD FABRICACOES,Gabrielle,Empresa,Quinta,2026-08,34
60384,Público,Dúvida referente a cadastrar perfil ,2026-08-17,Gabriel Campos,Dúvidas,Alta,Resolvido,PAULO OCTAVIANO INVESTIMENTOS IMOBILIARIOS,Khevin,Empresa,Segunda,2026-08,34
60562,Público,Desbloqueio de espessura de vidro ,2026-08-19,Gabriel Campos,Dúvidas,Alta,Resolvido,ESTILO ENGENHARIA DO ALUMINIO,jacyr freitas,Não classificado,Quarta,2026-08,34
60566,Público,Precificação de pré nativos e acabamento ,2026-08-19,Gabriel Campos,Dúvidas,Alta,Resolvido,INVICTA INSTALACOES DE VIDROS (ANTIGO 436),William Pereira,Empresa,Quarta,2026-08,34
60795,Público,Chat inativo,2026-08-20,Gabriel Campos,Chat Inativo,Baixa,Resolvido,SMART METAL,LUIZ QUADROS,Empresa,Quinta,2026-08,34
60847,Público,Atualização de versão 0723,2026-08-21,Gabriel Campos,Atualização Versão e Build,Alta,Resolvido,FINESTRA & CIA,Finestra Esquadrias de Alumínio,Não classificado,Sexta,2026-08,34
60864,Público,Erro ao adicionar tipologia ,2026-08-21,Gabriel Campos,Erros,Alta,Resolvido,FINESTRA & CIA,Finestra Esquadrias de Alumínio,Não classificado,Sexta,2026-08,34
60885,Público,Dúvida referente a existência de material MOF,2026-08-21,Gabriel Campos,Dúvidas,Alta,Resolvido,COSIBA SERVICOS INDUSTRIAIS,Ariane,Empresa,Sexta,2026-08,34
60176,Público,Dúvida referente a editar rodapé,2026-08-13,Gabriel Campos,Dúvidas,Alta,Resolvido,NOVO ALUMINIO,Projetos Sevven,Empresa,Quinta,2026-08,33
60545,Público,Dúvida referente a importar obra,2026-08-19,Gabriel Campos,Dúvidas,Alta,Resolvido,CENTRO NORTE ESQUADRIAS,Jadson Martins,Empresa,Quarta,2026-08,34
60524,Público,Dúvida referente a importar obra,2026-08-19,Gabriel Campos,Dúvidas,Alta,Resolvido,CENTRO NORTE ESQUADRIAS,Jadson Martins,Empresa,Quarta,2026-08,34
60623,Público,Agendamento de atendimento ao cliente ,2026-08-19,Gabriel Campos,Dúvidas,Alta,Resolvido,GUILES ESQUADRIAS,Joyce Gomes,Empresa,Quarta,2026-08,34
60803,Público,Chat inativo,2026-08-20,Gabriel Campos,Chat Inativo,Baixa,Resolvido,GUILES ESQUADRIAS,Joyce Gomes,Empresa,Quinta,2026-08,34
60832,Público,Erro de calculo (XYZ),2026-08-20,Gabriel Campos,Dúvidas,Alta,Resolvido,GUILES ESQUADRIAS,Joyce Gomes,Empresa,Quinta,2026-08,34
60307,Público,Dúvida referente ao CEMSync,2026-08-17,Gabriel Campos,Dúvidas,Alta,Resolvido,CLEMENTE ACM &amp  DESIGN,Leo Arrais,Empresa,Segunda,2026-08,34
60315,Público,Dúvida referente a usuário travado no Cloud,2026-08-17,Gabriel Campos,Dúvidas,Alta,Resolvido,RD FABRICACOES,Sá - RD,Empresa,Segunda,2026-08,34
60501,Público,Agendamento de atualização de material (Decamp),2026-08-18,Gabriel Campos,Dúvidas,Alta,Resolvido,BR ALUMINIUM FRAME (ANTIGO 10501),João Vitor Martins,Empresa,Terça,2026-08,34
60913,Público,Dúvida referente a salvar como,2026-08-21,Gabriel Campos,Dúvidas,Alta,Resolvido,ARQ VIDROS,Leandro,Empresa,Sexta,2026-08,34
60520,Público,Reinstalação de sistema ,2026-08-19,Gabriel Campos,Instalação,Alta,Resolvido,J. R. M. ESQUADRIAS,j r m,Empresa,Quarta,2026-08,34
60508,Público,Agendamento de atualização de versão ,2026-08-18,Gabriel Campos,Dúvidas,Alta,Resolvido,J. R. M. ESQUADRIAS,j r m,Empresa,Terça,2026-08,34
60479,Público,Agendamento de atendimento ao cliente ,2026-08-18,Gabriel Campos,Dúvidas,Alta,Resolvido,J. R. M. ESQUADRIAS,j r m,Empresa,Terça,2026-08,34
60904,Público,Personalização de relatórios (Produtos),2026-08-21,Gabriel Campos,Dúvidas,Alta,Resolvido,ESSENCIAL LA ESQUADRIAS,Departamento De Projetos Essencial,Empresa,Sexta,2026-08,34
61080,Público,Dúvidas referente a cadastro de usuário (E-mail),2026-08-25,Gabriel Campos,Dúvidas,Alta,Resolvido,DURANT FACHADAS E ESQUADRIAS,Marceli,Empresa,Terça,2026-08,35
60644,Público,Erro de licença + chat inativo,2026-08-20,Gabriel Campos,Erros,Alta,Resolvido,ESQUADRIPRO,EsquadriPro,Empresa,Quinta,2026-08,34
60807,Público,Transferência de departamento - Relatório ,2026-08-20,Gabriel Campos,Transferência de Departamento,Alta,Resolvido,ESQUADRIPRO,EsquadriPro,Empresa,Quinta,2026-08,34
61062,Público,Dúvida referente a gerar tabela de cadastro de cliente,2026-08-25,Gabriel Campos,Dúvidas,Alta,Resolvido,ELOGLASS,Eloglass - COMERCIAL,Empresa,Terça,2026-08,35
60172,Público,Transferência de departamento - Relatório ,2026-08-13,Gabriel Campos,Transferência de Departamento,Alta,Resolvido,ELOGLASS,Eloglass - COMERCIAL,Empresa,Quinta,2026-08,33
60282,Público,Dúvida referente a alterar croqui no orçamento ,2026-08-14,Gabriel Campos,Dúvidas,Alta,Resolvido,ELOGLASS,Eloglass - COMERCIAL,Empresa,Sexta,2026-08,33
60266,Público,Agendamento de atendimento ao cliente ,2026-08-14,Gabriel Campos,Dúvidas,Alta,Resolvido,A.F.P CONSTRUTORA E ESQUADRIAS,Gabriella Ponte (Usuário MAC),Não classificado,Sexta,2026-08,33
60455,Público,Dúvida referente a cadastro de vidro + chat inativo,2026-08-18,Gabriel Campos,Dúvidas,Alta,Resolvido,NOVA VIDROS,Pedro Henrique,Empresa,Terça,2026-08,34
60855,Público,Erro de Firebird (Reiniciar Firebird),2026-08-21,Gabriel Campos,Erros,Alta,Resolvido,NELSON VIDROS,Nelsinho,Empresa,Sexta,2026-08,34
60565,Público,Agendamento de atualização de versão + chat inativo ,2026-08-19,Gabriel Campos,Dúvidas,Alta,Resolvido,JOIA ALUMINIO E VIDRO,Wesley do Vale - Dep. Técnico,Empresa,Quarta,2026-08,34
60592,Público,Atualização de versão 0723,2026-08-19,Gabriel Campos,Atualização Versão e Build,Alta,Resolvido,JOIA ALUMINIO E VIDRO,Wesley do Vale - Dep. Técnico,Empresa,Quarta,2026-08,34
60410,Público,Agendamento de atendimento ao cliente (relatórios),2026-08-17,Gabriel Campos,Dúvidas,Alta,Resolvido,VÃO FINO ESQUADRIAS DE ALUMINIO,Ariane,Empresa,Segunda,2026-08,34
60517,Público,Agendamento de atualização de versão + chat inativo,2026-08-19,Gabriel Campos,Dúvidas,Alta,Resolvido,UNIT ESQUADRIAS,UNIT Técnico,Empresa,Quarta,2026-08,34
60920,Público,Mapeamento em rede,2026-08-21,Gabriel Campos,Instalação,Alta,Resolvido,SANTANA ESQUADRIAS M,Fernanda,Empresa,Sexta,2026-08,34
60658,Público,Dúvida referente a cadastro de kits ,2026-08-20,Gabriel Campos,Dúvidas,Alta,Resolvido,MARCO TOFFOLI,Maria Eduarda,Empresa,Quinta,2026-08,34
60421,Público,Erro de senha do Firebird ,2026-08-18,Gabriel Campos,Erros,Alta,Resolvido,HM ESQUADRIAS,Hm esquadrias,Empresa,Terça,2026-08,34
60482,Público,Agendamento de atendimento ao cliente ,2026-08-18,Gabriel Campos,Dúvidas,Alta,Resolvido,VETRA PRIME ESQUADRIAS ( ANTIGO 13700),Vetra Prime Esquadrias,Não classificado,Terça,2026-08,34
60908,Público,Dúvida referente a gerar XML + chat inativo ,2026-08-21,Gabriel Campos,Dúvidas,Alta,Resolvido,LOJA DO VIDRO PIRACICABA,Comercial,Empresa,Sexta,2026-08,34
60949,Público,Dúvida referente a gerar XML + chat inativo ,2026-08-24,Gabriel Campos,Dúvidas,Alta,Resolvido,LOJA DO VIDRO PIRACICABA,Comercial,Empresa,Segunda,2026-08,35
61023,Público,Dúvida referente a gerar XML ,2026-08-24,Gabriel Campos,Dúvidas,Alta,Resolvido,LOJA DO VIDRO PIRACICABA,Comercial,Empresa,Segunda,2026-08,35
60112,Público,Dúvida referente material da CBA (Erro),2026-08-13,Gabriel Campos,Dúvidas,Alta,Resolvido,ITEFAL,.,Atendimento CEM EXCLUSIVE,Quinta,2026-08,33
60369,Público,Agendamento de atendimento ao cliente ,2026-08-17,Gabriel Campos,Dúvidas,Alta,Resolvido,BP GLASS,FABIANA,Empresa,Segunda,2026-08,34
60884,Público,Dúvida referente a cadastro de vidro + atualização de versão 0723,2026-08-21,Gabriel Campos,Dúvidas,Alta,Resolvido,MF ESQUADRIAS E VIDROS,MF Esquadrias E Vidros,Empresa,Sexta,2026-08,34
61044,Público,Dúvida referente a precificar componente  + filtro na obra ,2026-08-25,Gabriel Campos,Dúvidas,Alta,Resolvido,ART DESING ALUMINIO,Art Design Esquadrias,Empresa,Terça,2026-08,35
60116,Público,Dúvida referente a usar painel de orçamento ,2026-08-13,Gabriel Campos,Dúvidas,Alta,Resolvido,AMAZON TEMPER,Vivi,Não classificado,Quinta,2026-08,33
61026,Público,Solicitação de projeto,2026-08-24,Gabriel Campos,Dúvidas,Alta,Resolvido,AMAZON TEMPER,Vivi,Não classificado,Segunda,2026-08,35
60193,Interno,Chat inativo,2026-08-14,Gabriel Campos,Chat Inativo,Baixa,Resolvido,TERA METAIS,Luis Henrique,Empresa,Sexta,2026-08,33
60464,Público,Lentidão no sistema + chat inativo,2026-08-18,Gabriel Campos,Erros,Alta,Resolvido,MAGNUM ESQUADRIAS (ESPACO DO VIDRO),Financeiro Magnum,Empresa,Terça,2026-08,34
60475,Público,Travamento e lentidão de sistema (Infraestrutura do cliente),2026-08-18,Gabriel Campos,Erros,Alta,Resolvido,VM ESQUADRIAS EM ALUMINIO,Ângelo Moura,Empresa,Terça,2026-08,34
60599,Público,Troca de senha EGCLOUD,2026-08-19,Gabriel Campos,Nuvem Cloud,Alta,Resolvido,HOME KITS,Beatriz Souza,Empresa (Onboarding),Quarta,2026-08,34
60625,Público,Agendamento de atendimento ao cliente ,2026-08-19,Gabriel Campos,Dúvidas,Alta,Resolvido,A. M. GLASS ESQUADRIAS E FACHADAS (ANTIGO 10474),Mateus Siqueira,Empresa,Quarta,2026-08,34
60972,Público,Dúvida referente a reinstalação de sistema ,2026-08-24,Gabriel Campos,Dúvidas,Alta,Resolvido,BP GLASS,Dna Nexus,Empresa,Segunda,2026-08,35
61083,Público,Chat inativo,2026-08-25,Gabriel Campos,Chat Inativo,Baixa,Resolvido,ALUMAX,Marcos,Empresa,Terça,2026-08,35
61891,Público,Transferência de departamento - Relatório ,2026-09-04,Gabriel Campos,Transferência de Departamento,Baixa,Resolvido,CASA NOVA FACHADAS E ESQUADRIAS,,Empresa,Sexta,2026-09,36
61914,Público,Atualização de versão + personalização de relatórios (Suporte),2026-09-04,Gabriel Campos,Atualização Versão e Build,Alta,Resolvido,CASA NOVA FACHADAS E ESQUADRIAS,,Empresa,Sexta,2026-09,36
61750,Público,Atualização de versão 0723 + atualização de material Base,2026-09-02,Gabriel Campos,Atualização Versão e Build,Alta,Resolvido,FORTELINE ESQUADRIAS DE ALUMINIO (Antiga Dynamica 6097),Eduardo Forteline Esquadrias,Empresa,Quarta,2026-09,36
61657,Público,Dúvida referente a ocultar medidas na proposta ,2026-09-01,Gabriel Campos,Dúvidas,Alta,Resolvido,BUSANELLO ESQUADRIAS,Lorrana,Empresa,Terça,2026-09,36
61706,Público,Erro ao abrir obra ,2026-09-02,Gabriel Campos,Erros,Alta,Resolvido,JANELAO PORTAS E JAN,JULIANA,Empresa,Quarta,2026-09,36
61125,Público,Dúvida referente acrescentar perfil na tipologia ,2026-08-25,Gabriel Campos,Dúvidas,Alta,Resolvido,2 IRMAOS,Quênia,Empresa,Terça,2026-08,35
61470,Público,Dúvida referente a cadastro de acabamento + acabamento não saindo em relatório ,2026-08-31,Gabriel Campos,Dúvidas,Alta,Resolvido,FORTGLASS SOLUCOES EM VIDROS E ESQUADRIAS (ANTIGA 9445),Cláudio José,Atendimento CEM EXCLUSIVE,Segunda,2026-08,36
61228,Público,Agendamento de atualização de material ,2026-08-26,Gabriel Campos,Dúvidas,Alta,Resolvido,ALLUMI GOLD (L.M NORIYUKI),Allumi Gold Esquadrias,Empresa,Quarta,2026-08,35
61282,Público,Atualização de materiais MOF (Base),2026-08-27,Gabriel Campos,Dúvidas,Alta,Resolvido,ALLUMI GOLD (L.M NORIYUKI),Allumi Gold Esquadrias,Empresa,Quinta,2026-08,35
61381,Público,Dúvida referente a acessar EGCLOUD,2026-08-28,Gabriel Campos,Dúvidas,Alta,Resolvido,IZZO ESQUADRIAS,Lucas Ribeiro,Empresa,Sexta,2026-08,35
61294,Público,Dúvida referente a emitir croqui técnico ,2026-08-27,Gabriel Campos,Dúvidas,Alta,Resolvido,ARTEFAL (ANTIGO 8861),Ewerton,Empresa,Quinta,2026-08,35
61586,Público,Dúvida referente à cadastro de acabamento ,2026-09-01,Giovana de Miranda,Dúvidas,Alta,Resolvido,ARTEFAL (ANTIGO 8861),Ewerton,Empresa,Terça,2026-09,36
62027,Público,Manutenção egcloud-2,2026-09-09,Giovana de Miranda,Nuvem Cloud,Alta,Resolvido,IZZO ESQUADRIAS,Lucas Ribeiro,Empresa,Quarta,2026-09,37
62075,Público,Atualização de build da 0322 para 0723 + importação de obra + chat inativo,2026-09-09,Giovana de Miranda,Atualização Versão e Build,Alta,Resolvido,HIPERVIDRO,Guilherme,Empresa,Quarta,2026-09,37
61758,Público,Dúvida referente a emissão de relatorio,2026-09-02,Giovana de Miranda,Dúvidas,Alta,Resolvido,IMPERIAL ESQUADRIAS DE ALUMINIO,Gabriel Sousa Fernandes,Empresa,Quarta,2026-09,36
61745,Público,Chat inativo,2026-09-02,Giovana de Miranda,Chat Inativo,Baixa,Resolvido,VIVA COMUNICAÇÃO,Roberta,Empresa,Quarta,2026-09,36
61748,Público,Dúvida referente a colocar arquivo de relatório + chat inativo,2026-09-02,Giovana de Miranda,Dúvidas,Alta,Resolvido,VIVA COMUNICAÇÃO,Roberta,Empresa,Quarta,2026-09,36
62086,Público,Chat inativo,2026-09-09,Giovana de Miranda,Chat Inativo,Baixa,Resolvido,WR VIDROS,Allan,Empresa,Quarta,2026-09,37
61830,Público,Dúvida referente à calculo de itens + chat inativo,2026-09-03,Giovana de Miranda,Dúvidas,Alta,Resolvido,TEM ALUMINIO,Cosme Lisboa,Empresa,Quinta,2026-09,36
61615,Público,Personalização de relatório ,2026-09-01,Giovana de Miranda,Dúvidas,Alta,Resolvido,BUSANELLO ESQUADRIAS,Lorrana,Empresa,Terça,2026-09,36
61493,Público,Melhoria - Permitir definição do Total Geral do orçamento com cálculo automático do acréscimo de materiais ,2026-08-31,Giovana de Miranda,Melhorias,Alta,Resolvido,TARGET CONSTRUCOES,Michele,Empresa,Segunda,2026-08,36
61447,Público,Personalização de relatorio,2026-08-28,Giovana de Miranda,Dúvidas,Alta,Resolvido,TARGET CONSTRUCOES,Michele,Empresa,Sexta,2026-08,35
61471,Público,Personalização de relatórios,2026-08-31,Giovana de Miranda,Dúvidas,Alta,Resolvido,TARGET CONSTRUCOES,Michele,Empresa,Segunda,2026-08,36
61475,Público,Personalização de relatório + transferência de departamento - relatórios personalizados,2026-08-31,Giovana de Miranda,Dúvidas,Alta,Resolvido,TARGET CONSTRUCOES,Michele,Empresa,Segunda,2026-08,36
62029,Público,Dúvida referente a existência de relatório,2026-09-09,Giovana de Miranda,Dúvidas,Alta,Resolvido,ALUVIN,Gabriel Angelin(ALUVIN  Terceirizado),Empresa,Quarta,2026-09,37
60952,Público,Chat inativo,2026-08-24,Giovana de Miranda,Chat Inativo,Baixa,Resolvido,BP GLASS,Amilton - Auxiliar de Escritório,Empresa,Segunda,2026-08,35
60960,Público,Dúvida referente à salvar observações gerais,2026-08-24,Giovana de Miranda,Dúvidas,Alta,Resolvido,ALUMISISTEM ESQUADRIAS,fabriano,Empresa,Segunda,2026-08,35
60477,Público,Configuração de servidor - criação de regra para entrada e saida,2026-08-18,Giovana de Miranda,Instalação,Alta,Resolvido,ALUMINIA,patricia correia,Empresa,Terça,2026-08,34
60609,Público,Configuração no servidor e estação para ativar midas.dll,2026-08-19,Giovana de Miranda,Instalação,Alta,Resolvido,TERA METAIS,Luis Henrique,Empresa,Quarta,2026-08,34
60196,Público,Dúvida referente à aumentar fonte em aparência,2026-08-14,Giovana de Miranda,Dúvidas,Alta,Resolvido,SAO LUIZ ESQUADRIAS DE ALUMINIO (ANTIGO 814),Kátia,Empresa,Sexta,2026-08,33
60234,Público,Dúvida referente à exportar obra + personalização de relatorio,2026-08-14,Giovana de Miranda,Dúvidas,Alta,Resolvido,ALCONT ALUMÍNIO,Christian Freda,Empresa,Sexta,2026-08,33
60113,Público,Agendamento de reinstalação,2026-08-13,Giovana de Miranda,Instalação,Alta,Resolvido,VETRO ESQUADRIAS,Juib Junior,Empresa,Quinta,2026-08,33
60216,Público,Instalação de base zerada,2026-08-14,Giovana de Miranda,Instalação,Alta,Resolvido,VETRO ESQUADRIAS,Juib Junior,Empresa,Sexta,2026-08,33
60156,Público,Dúvida referente a cadastro de projetos + chat inativo,2026-08-13,Giovana de Miranda,Dúvidas,Alta,Resolvido,BELLA ESQUADRIAS,Erick Lima,Empresa,Quinta,2026-08,33
60816,Público,Dúvida referente à cadastro de acabamento+ chat inativo,2026-08-20,Giovana de Miranda,Dúvidas,Alta,Resolvido,AMAZON TEMPER,Vivi,Não classificado,Quinta,2026-08,34
61081,Público,Dúvida referente à salvar como projeto,2026-08-25,Giovana de Miranda,Dúvidas,Alta,Resolvido,LEO FERRAGENS,Léo Vidro e Esquadria (Comercial),Empresa,Terça,2026-08,35
60139,Público,Desativar antivírus e firewall na estação + chat inativo,2026-08-13,Giovana de Miranda,Instalação,Alta,Resolvido,CAMPOS ALTOS ESQUADRIAS,Estéfane Souza,Empresa,Quinta,2026-08,33
60117,Público,Agendamento de atendimento ao cliente,2026-08-13,Giovana de Miranda,Dúvidas,Alta,Resolvido,CAMPOS ALTOS ESQUADRIAS,Estéfane Souza,Empresa,Quinta,2026-08,33
60091,Público,Agendamento do atendimento ao cliente,2026-08-13,Giovana de Miranda,Dúvidas,Alta,Resolvido,CAMPOS ALTOS ESQUADRIAS,Estéfane Souza,Empresa,Quinta,2026-08,33
60080,Público,Agendamento de atendimento ao cliente,2026-08-13,Giovana de Miranda,Dúvidas,Alta,Resolvido,CAMPOS ALTOS ESQUADRIAS,Estéfane Souza,Empresa,Quinta,2026-08,33
60066,Público,Agendamento de atendimento ao cliente,2026-08-12,Giovana de Miranda,Instalação,Alta,Resolvido,CAMPOS ALTOS ESQUADRIAS,Estéfane Souza,Empresa,Quarta,2026-08,33
60194,Público,Atalho do sistema em rede,2026-08-14,Giovana de Miranda,Instalação,Alta,Resolvido,CAMPOS ALTOS ESQUADRIAS,Estéfane Souza,Empresa,Sexta,2026-08,33
60052,Público,Dúvida referente à calculo de itens + chat inativo,2026-08-12,Giovana de Miranda,Dúvidas,Alta,Resolvido,AMAZON TEMPER,Vivi,Não classificado,Quarta,2026-08,33
60013,Público,Dúvida referente à cadastro de vidros,2026-08-12,Giovana de Miranda,Dúvidas,Alta,Resolvido,SERRALHERIA SAO SEBASTIAO,Serralheria São Sebastião de Itaperuna ltda,Empresa (Onboarding),Quarta,2026-08,33
60120,Público,Dúvida referente à existência de material + chat inativo,2026-08-13,Giovana de Miranda,Dúvidas,Alta,Resolvido,VETRA PRIME ESQUADRIAS ( ANTIGO 13700),Vetra Prime Esquadrias,Não classificado,Quinta,2026-08,33
60486,Público,Personalização de relatorio,2026-08-18,Giovana de Miranda,Dúvidas,Alta,Resolvido,STILLO (Antiga MF esquadrias - 1241),Mateus,Empresa,Terça,2026-08,34
60547,Público,Dúvida referente a colocar prazo de entrega na proposta,2026-08-19,Giovana de Miranda,Dúvidas,Alta,Resolvido,ART DESING ALUMINIO,Art Design Esquadrias,Empresa,Quarta,2026-08,34
60619,Público,Personalização de relatórios ,2026-08-19,Giovana de Miranda,Dúvidas,Alta,Resolvido,VM ESQUADRIAS EM ALUMINIO,EVANDELIO TAVARES,Empresa,Quarta,2026-08,34
60526,Público,Acesso via HTML5,2026-08-19,Giovana de Miranda,Nuvem Cloud,Média,Resolvido,VISUAL ESQUADRIAS DE ALUMINIO E FERRO,Visual Esquadrias comercial,Empresa,Quarta,2026-08,34
60101,Público,Dúvida referente a limpa MOF para atualização de material,2026-08-13,Giovana de Miranda,Dúvidas,Alta,Resolvido,MARTECH SOLUCOES INOVACOES,Jhonatas - Perfil Nobre,Empresa,Quinta,2026-08,33
60067,Público,Agendamento de atualização de material Alushow,2026-08-12,Giovana de Miranda,Dúvidas,Alta,Resolvido,CARVALHO & CARVALHO,Lucas,Empresa,Quarta,2026-08,33
60084,Público,Atualização de material ALUSHOW,2026-08-13,Giovana de Miranda,Dúvidas,Alta,Resolvido,CARVALHO & CARVALHO,Lucas,Empresa,Quinta,2026-08,33
60536,Público,Dúvida referente à adicionar item simplificado,2026-08-19,Giovana de Miranda,Dúvidas,Alta,Resolvido,VIDRACARIA SCHUCHARDT,Fernanda Vidraçaria Schuchardt,Empresa,Quarta,2026-08,34
60325,Público,Dúvida referente a edição de condição de verificação,2026-08-17,Giovana de Miranda,Dúvidas,Alta,Resolvido,MARCO TOFFOLI,Maria Eduarda,Empresa,Segunda,2026-08,34
60656,Público,Atualização de build da 0213 para 0723 + vidro extra no orçamento + chat inativo,2026-08-20,Giovana de Miranda,Atualização Versão e Build,Alta,Resolvido,FASTDOOR PORTAS AUTOMATICAS,Thaís Freitas,Não classificado,Quinta,2026-08,34
60597,Público,Dúvida referente à importar obra,2026-08-19,Giovana de Miranda,Dúvidas,Alta,Resolvido,EQAC SERVICOS,Eng. Cleidson Chausse,Não classificado,Quarta,2026-08,34
60352,Público,Acesso via remote APP,2026-08-17,Giovana de Miranda,Nuvem Cloud,Alta,Resolvido,FRAME PROJETOS E ENGENHARIA,Carlos Klein,Empresa,Segunda,2026-08,34
60880,Público,Dúvida referente a cadastrar usuario no canal do cliente,2026-08-21,Giovana de Miranda,Dúvidas,Alta,Resolvido,E-TEC  INDUSTRIA E C,Arthur,Empresa,Sexta,2026-08,34
60312,Público,Personalização de relatorio,2026-08-17,Giovana de Miranda,Dúvidas,Alta,Resolvido,A.F.P CONSTRUTORA E ESQUADRIAS,Gabriella Ponte (Usuário MAC),Não classificado,Segunda,2026-08,34
60604,Público,Dúvida referente à cadastrar referencia em acabamento,2026-08-19,Giovana de Miranda,Dúvidas,Alta,Resolvido,METAL LAR,Carollyne Brogliato,Empresa,Quarta,2026-08,34
60395,Público,Chat inativo,2026-08-17,Giovana de Miranda,Chat Inativo,Baixa,Resolvido,GOIS ESQUADRIAS,arthur amorim,Empresa,Segunda,2026-08,34
60199,Público,Dúvida referente à configurar automatização de código de obra,2026-08-14,Giovana de Miranda,Dúvidas,Alta,Resolvido,GOIS ESQUADRIAS,arthur amorim,Empresa,Sexta,2026-08,33
60606,Público,Chat inativo,2026-08-19,Giovana de Miranda,Chat Inativo,Baixa,Resolvido,VIDRACARIA ATUAL,Nágela - Vidraçaria Atual,Empresa,Quarta,2026-08,34
60425,Público,Atalho do sistema em rede,2026-08-18,Giovana de Miranda,Instalação,Alta,Resolvido,ESQUADRIAS HIPER,Daniela Hiper Box,Empresa,Terça,2026-08,34
60446,Público,Atualização de material PERFIL ,2026-08-18,Giovana de Miranda,Dúvidas,Alta,Resolvido,URBAN ESQUADRIAS,Luccas Zanetti,Empresa,Terça,2026-08,34
61045,Público,Personalização de relatorio,2026-08-25,Giovana de Miranda,Dúvidas,Alta,Resolvido,DEVTEC SOLUCOES PARA SUA OBRA,Araujo Inox,Não classificado,Terça,2026-08,35
60439,Público,Configuração no servidor,2026-08-18,Giovana de Miranda,Instalação,Alta,Resolvido,ESJE ESQUADRIAS DE ALUMINIO,Douglas Amorim,Empresa,Terça,2026-08,34
60608,Público,Auto resolução,2026-08-19,Giovana de Miranda,Chat Inativo,Baixa,Resolvido,ESSENCIAL LA ESQUADRIAS,Departamento De Projetos Essencial,Empresa,Quarta,2026-08,34
60518,Público,Dúvida referente à modificação de composição de tipologia,2026-08-19,Giovana de Miranda,Dúvidas,Alta,Resolvido,ESSENCIAL LA ESQUADRIAS,Departamento De Projetos Essencial,Empresa,Quarta,2026-08,34
60595,Público,Dúvida referente á formula tampedaco,2026-08-19,Giovana de Miranda,Dúvidas,Alta,Resolvido,CENTRO DO ALUMINIO,Alyne,Empresa,Quarta,2026-08,34
60523,Público,Atualização de build da 0918 para 0723 + atualização de material DECAMP,2026-08-19,Giovana de Miranda,Atualização Versão e Build,Alta,Resolvido,BR ALUMINIUM FRAME (ANTIGO 10501),João Vitor Martins,Empresa,Quarta,2026-08,34
60365,Público,Alteração de usuário ,2026-08-17,Giovana de Miranda,Nuvem Cloud,Alta,Resolvido,EXCLUSIVA ESQUADRIAS (ANTIGO 10371),Exclusiva Esquadrias,Empresa,Segunda,2026-08,34
60138,Interno,Bug - Descrição do vidro desaparece ao retornar às opções de montagem quando possui grande quantidade de caracteres. ,2026-08-13,Giovana de Miranda,Erros,Média,Novo,FORTGLASS SOLUCOES EM VIDROS E ESQUADRIAS (ANTIGA 9445),Cláudio José,Atendimento CEM EXCLUSIVE,Quinta,2026-08,33
60025,Público,Dúvida referente á cadastro de referencia de acabamento,2026-08-12,Giovana de Miranda,Dúvidas,Alta,Resolvido,ESTRUTURAL ALUMINIOS,Luan Machado Silveira,Empresa,Quarta,2026-08,33
60582,Interno,Melhoria - Atualização do croqui ao alterar opção de montagem,2026-08-19,Giovana de Miranda,Melhorias,Alta,Novo,ORCA ALUMINIO,Tiago Olivo,Empresa,Quarta,2026-08,34
60998,Público,Dúvida referente à salvar arquivos no cloud,2026-08-24,Giovana de Miranda,Nuvem Cloud,Alta,Resolvido,CONCEITO ESQUADRIAS E VIDROS,Fernando,Empresa,Segunda,2026-08,35
60965,Público,Personalização de relatórios + chat inativo,2026-08-24,Giovana de Miranda,Dúvidas,Alta,Resolvido,VSB ESQUADRIAS,Joice,Empresa,Segunda,2026-08,35
60984,Público,Modificação em calculo de regra ,2026-08-24,Giovana de Miranda,Dúvidas,Alta,Resolvido,SANTOS NEVES,Santos Neves Esquadrias,Empresa,Segunda,2026-08,35
61065,Público,Dúvida referente a materiais extras + transferência de departamento - relatórios personalizados + chat inativo,2026-08-25,Giovana de Miranda,Dúvidas,Alta,Resolvido,VIDRATTA,Felipe Abreu,Empresa,Terça,2026-08,35
60089,Público,Dúvida referente a criação de projetos,2026-08-13,Giovana de Miranda,Dúvidas,Alta,Resolvido,CENTRO DO ALUMINIO,Alyne,Empresa,Quinta,2026-08,33
60980,Público,Dúvida referente à exportar obra no cloud,2026-08-24,Giovana de Miranda,Dúvidas,Alta,Resolvido,PERFIL,PERFIL - ES | Adson,Empresa,Segunda,2026-08,35
60401,Público,Configuração de impressora universal,2026-08-17,Giovana de Miranda,Nuvem Cloud,Alta,Resolvido,RD FABRICACOES,Sá - RD,Empresa,Segunda,2026-08,34
60429,Público,Dúvida referente à precificação de acabamento,2026-08-18,Giovana de Miranda,Dúvidas,Alta,Resolvido,RD FABRICACOES,Sá - RD,Empresa,Terça,2026-08,34
60610,Público,Configuração de authenticar esquadrias,2026-08-19,Giovana de Miranda,Instalação,Alta,Resolvido,CENTRO NORTE ESQUADRIAS,Centro Norte GO,Empresa,Quarta,2026-08,34
60642,Público,Transferencia de departamento - Financeiro,2026-08-20,Giovana de Miranda,Transferência de Departamento,Alta,Resolvido,MONTALUMI ESQUADRIAS,Montalumi - Orçamentos,Empresa,Quinta,2026-08,34
60805,Público,Personalização de relatorio,2026-08-20,Giovana de Miranda,Dúvidas,Alta,Resolvido,CAMPESTRE ESQUADRIAS,ravano,Empresa,Quinta,2026-08,34
60643,Público,Agendamento de atalho em rede,2026-08-20,Giovana de Miranda,Dúvidas,Alta,Resolvido,NOBRE ALUMINIO,Orçamentos Nobre Alumínio,Empresa,Quinta,2026-08,34
60522,Público,Transferencia de departamento - Financeiro,2026-08-19,Giovana de Miranda,Transferência de Departamento,Alta,Resolvido,PLENITUDE GLASS,Mariano Moraes - Depto Técnico RBG Soluções em Vidro e Alumínio,Empresa,Quarta,2026-08,34
61017,Público,Dúvida referente a existência de projeto,2026-08-24,Giovana de Miranda,Dúvidas,Alta,Resolvido,FINESTRA & CIA,Finestra Esquadrias de Alumínio,Não classificado,Segunda,2026-08,35
60271,Público,Dúvida referente a mudar vidro dentro da obra,2026-08-14,Giovana de Miranda,Dúvidas,Alta,Resolvido,FINESTRA & CIA,Finestra Esquadrias de Alumínio,Não classificado,Sexta,2026-08,33
60301,Público,Erro de registro de sistema,2026-08-17,Giovana de Miranda,Erros,Alta,Resolvido,ZAKA ALUMINIOS,Lívia Querino,Empresa,Segunda,2026-08,34
60544,Público,Transferencia de departamento - FInanceiro,2026-08-19,Giovana de Miranda,Transferência de Departamento,Alta,Resolvido,SMART METAL,LUIZ QUADROS,Empresa,Quarta,2026-08,34
60109,Público,Dúvida referente a manutenção de vidros,2026-08-13,Giovana de Miranda,Dúvidas,Alta,Resolvido,UNIQUE,Andressa Lima - Projetos e Orçamentos,Empresa,Quinta,2026-08,33
60367,Público,Transferência de departamento - relatórios personalizados,2026-08-17,Giovana de Miranda,Transferência de Departamento,Alta,Resolvido,ESTILO ENGENHARIA DO ALUMINIO,jacyr freitas,Não classificado,Segunda,2026-08,34
61025,Público,Chat inativo,2026-08-24,Giovana de Miranda,Chat Inativo,Baixa,Resolvido,RD FABRICACOES,Gabrielle,Empresa,Segunda,2026-08,35
60202,Público,Dúvida referente à existência de material MOF,2026-08-14,Giovana de Miranda,Dúvidas,Alta,Resolvido,RD FABRICACOES,Sá - RD,Empresa,Sexta,2026-08,33
60030,Público,Dúvida referente a filtros em abrir nova obra,2026-08-12,Giovana de Miranda,Dúvidas,Alta,Resolvido,VAL AÇO PWJ,Matheus,Atendimento CEM EXCLUSIVE,Quarta,2026-08,33
60035,Público,Dúvida referente a criação de projeto para fabricação,2026-08-12,Giovana de Miranda,Dúvidas,Alta,Resolvido,IDEAL ESQUADRIAS DE ALUMINIO,IDEAL ESQUADRIAS,Empresa,Quarta,2026-08,33
60029,Público,Dúvida referente á existência de material MOF + chat inativo,2026-08-12,Giovana de Miranda,Dúvidas,Alta,Resolvido,IDEAL ESQUADRIAS DE ALUMINIO,IDEAL ESQUADRIAS,Empresa,Quarta,2026-08,33
60555,Público,Dúvida referente à edição de variáveis no XYZ,2026-08-19,Giovana de Miranda,Dúvidas,Alta,Resolvido,DURANT FACHADAS E ESQUADRIAS,Caio,Empresa,Quarta,2026-08,34
60020,Público,Transferencia de departamento - Ouvidoria ,2026-08-12,Giovana de Miranda,Transferência de Departamento,Alta,Resolvido,MASTER SERRALHERIA,alumimaster serralheria,Empresa,Quarta,2026-08,33
60448,Público,Chat inativo,2026-08-18,Giovana de Miranda,Chat Inativo,Baixa,Resolvido,RD FABRICACOES,Daviler,Empresa,Terça,2026-08,34
61024,Público,Atalho do sistema em rede,2026-08-24,Giovana de Miranda,Instalação,Alta,Resolvido,IDEAL ESQUADRIAS DE ALUMINIO,IDEAL ESQUADRIAS,Empresa,Segunda,2026-08,35
60462,Público,Dúvida em como colocar perfis extras nas obras,2026-08-18,Daniel Joaquim ,Dúvidas,Média,Resolvido,EMBRAED,Luiz Balbinot,Empresa,Terça,2026-08,34
60651,Público,Instalação de estrutura separada,2026-08-20,Daniel Joaquim ,Instalação,Alta,Resolvido,WS ESQUADRIAS,Jaqueline Verissimo,Empresa,Quinta,2026-08,34
60147,Público,Dúvida na existência da linha esplendor da Hydro + chat inativo,2026-08-13,Daniel Joaquim ,Dúvidas,Alta,Resolvido,DURANT FACHADAS E ESQUADRIAS,Caio,Empresa,Quinta,2026-08,33
60811,Público,Dúvida em como salvar como esquadria oficial,2026-08-20,Daniel Joaquim ,Dúvidas,Alta,Resolvido,CDE INDUSTRIA DE VIDROS,COMPRAS CDE,Empresa,Quinta,2026-08,34
60837,Público,Dúvida em como usar aplicabilidades automática ,2026-08-20,Daniel Joaquim ,Dúvidas,Alta,Resolvido,VAL AÇO PWJ,EDSON GALDINO,Atendimento CEM EXCLUSIVE,Quinta,2026-08,34
60051,Público,Erro de cálculo,2026-08-12,Daniel Joaquim ,Dúvidas,Alta,Resolvido,RD FABRICACOES,Sá - RD,Empresa,Quarta,2026-08,33
60552,Público,"Erro """"unable to load the memory page"""" + dúvida no tamanho de logotipo + dúvida no backup do banco",2026-08-19,Daniel Joaquim ,Erros,Alta,Resolvido,ATLANTA ESQUADRIAS DE ALUMINIO,Samara Moura,Empresa,Quarta,2026-08,34
60441,Público,Dúvida em como desativar obra + dúvida em como ocultar valores unitários dos itens,2026-08-18,Daniel Joaquim ,Dúvidas,Alta,Resolvido,RD FABRICACOES,Gabrielle,Empresa,Terça,2026-08,34
60896,Público,Dúvida na importação de obras,2026-08-21,Daniel Joaquim ,Dúvidas,Alta,Resolvido,SOAL (ANTIGO 1011),Amanda Correia,Empresa,Sexta,2026-08,34
60396,Público,Erro de tela sobreposta,2026-08-17,Daniel Joaquim ,Erros,Alta,Resolvido,SMART METAL,LUIZ QUADROS,Empresa,Segunda,2026-08,34
60428,Público,Chat inativo,2026-08-18,Daniel Joaquim ,Chat Inativo,Baixa,Resolvido,FC DESENVOLVIMENTOS DE PROJETOS DE COMPRA E VENDA(DELPHI E CEMMOBI),Fernando Carvalho,Empresa,Terça,2026-08,34
60326,Público,Chat inativo,2026-08-17,Daniel Joaquim ,Chat Inativo,Baixa,Resolvido,FC DESENVOLVIMENTOS DE PROJETOS DE COMPRA E VENDA(DELPHI E CEMMOBI),Fernando Carvalho,Empresa,Segunda,2026-08,34
60471,Público,Licença adicional cortesia -  DJ ESQUADRIAS DE ALUMINIO (13717),2026-08-18,Daniel Joaquim ,Implantação,Alta,Resolvido,Alumisoft Sistemas,Implantacao,Empresa,Terça,2026-08,34
60922,Público,Migração -  ALUBAUEN  (971),2026-08-21,Daniel Joaquim ,Implantação,Alta,Implantação de Software,Alumisoft Sistemas,Implantacao,Empresa,Sexta,2026-08,34
60919,Público,Erro de cálculo devido ao número de módulos,2026-08-21,Daniel Joaquim ,Dúvidas,Alta,Resolvido,ESQUADRITEMPER,Marcos,Empresa,Sexta,2026-08,34
60862,Público,Dúvida em como salvar arquivos na exporta + chat inativo,2026-08-21,Daniel Joaquim ,Nuvem Cloud,Alta,Resolvido,PERFIL,PERFIL - ES | Adson,Empresa,Sexta,2026-08,34
60507,Público,Agendamento de atualização de material MOF (aluminorte),2026-08-18,Daniel Joaquim ,Dúvidas,Alta,Resolvido,NOVO ALUMINIO,Projetos Sevven,Empresa,Terça,2026-08,34
60634,Público,Dúvida em como funciona a solicitação de criação de tipologias,2026-08-20,Daniel Joaquim ,Dúvidas,Alta,Resolvido,RJ ESQUADRIAS,RJ Produção,Empresa,Quinta,2026-08,34
60673,Público,Dúvida em como salvar como esquadria ,2026-08-20,Daniel Joaquim ,Dúvidas,Alta,Resolvido,RJ ESQUADRIAS,RJ Produção,Empresa,Quinta,2026-08,34
60214,Público,Dúvida em quais materiais estão liberados no serial da cliente,2026-08-14,Daniel Joaquim ,Dúvidas,Alta,Resolvido,RD FABRICACOES,Sá - RD,Empresa,Sexta,2026-08,33
60941,Público,Chat inativo,2026-08-24,Daniel Joaquim ,Chat Inativo,Baixa,Resolvido,GRUPO VAX (Antiga 6687),João,Empresa,Segunda,2026-08,35
60571,Público,Dúvida sobre o status da PFT45-FIX100,2026-08-19,Daniel Joaquim ,Dúvidas,Alta,Resolvido,VIDRACARIA CENTRAL,orcamento@vidracariacentral.com.br,Empresa,Quarta,2026-08,34
60611,Público,Dúvida em como ver nome do relatório,2026-08-19,Daniel Joaquim ,Dúvidas,Alta,Resolvido,LOJA DO VIDRO PIRACICABA,Flávio Projetos,Empresa,Quarta,2026-08,34
60294,Público,Atualização de build 0723 + análise técnica nas opções de montagem,2026-08-17,Daniel Joaquim ,Dúvidas,Alta,Resolvido,ELOGLASS,Eloglass - COMERCIAL,Empresa,Segunda,2026-08,34
60224,Público,Dúvida na existência de projetistas de PVC + chat inativo,2026-08-14,Daniel Joaquim ,Dúvidas,Alta,Resolvido,DURANT FACHADAS E ESQUADRIAS,Marceli,Empresa,Sexta,2026-08,33
60259,Público,Configuração de servidor ,2026-08-14,Daniel Joaquim ,Instalação,Alta,Resolvido,MSE ESQUADRIAS,"Johann Forni,MSE ESQUADRIAS » johann",Empresa,Sexta,2026-08,33
60636,Público,Dúvida na substituição global de perfil ,2026-08-20,Daniel Joaquim ,Dúvidas,Alta,Resolvido,SUPORTE VIDROS,Mateus Leite,Empresa,Quinta,2026-08,34
60133,Público,Dúvida na criação de usuário + chat inativo,2026-08-13,Daniel Joaquim ,Dúvidas,Alta,Resolvido,EXCLUSIVA ESQUADRIAS (ANTIGO 10371),Exclusiva Esquadrias,Empresa,Quinta,2026-08,33
60289,Público,Offline message - Gabriella Ponte (Usuário MAC),2026-08-16,Daniel Joaquim ,Tickets Offline,Alta,Resolvido,A.F.P CONSTRUTORA E ESQUADRIAS,Gabriella Ponte (Usuário MAC),Não classificado,Domingo,2026-08,33
60848,Público,Reinstalação do sistema,2026-08-21,Daniel Joaquim ,Instalação,Alta,Resolvido,PERFIL CENTER LTDA,"Anderson Rafael  ×?-,PERFIL CENTER LTDA » perfil center",Empresa,Sexta,2026-08,34
60388,Público,Erro de tela sobreposta + chat inativo,2026-08-17,Daniel Joaquim ,Erros,Alta,Resolvido,MEGA ESQUADRIA,Marielly,Empresa,Segunda,2026-08,34
60824,Público,Lentidão ao usar sistema,2026-08-20,Daniel Joaquim ,Erros,Alta,Resolvido,LUMINE VIDROS,Lumine Vidros,Empresa,Quinta,2026-08,34
60921,Público,Continuar atendimento referente a kit de vidro,2026-08-21,Daniel Joaquim ,Dúvidas,Alta,Resolvido,KOR ESQUADRIAS EM ALUMINIO LTDA,Ana Paula,Não classificado,Sexta,2026-08,34
61009,Público,Tipologia do VT-EXEMPLO não puxava kit devido a falta de grupo VE3-08mm-10mm,2026-08-24,Daniel Joaquim ,Dúvidas,Alta,Resolvido,KOR ESQUADRIAS EM ALUMINIO LTDA,Ana Paula,Não classificado,Segunda,2026-08,35
60213,Público,Chat inativo,2026-08-14,Daniel Joaquim ,Chat Inativo,Baixa,Resolvido,VIDRACARIA ATUAL,Nágela - Vidraçaria Atual,Empresa,Sexta,2026-08,33
60612,Público,Transferência de departamento - Faktory,2026-08-19,Daniel Joaquim ,Transferência de Departamento,Alta,Resolvido,VERTICAL ESQUADRIAS,Meire Ellen Sant’AnaVerticalGlassComercial,Empresa,Quarta,2026-08,34
60124,Público,Dúvida na existência da linha atlanta,2026-08-13,Daniel Joaquim ,Dúvidas,Alta,Resolvido,METAL LAR,Carollyne Brogliato,Empresa,Quinta,2026-08,33
60195,Público,Chat inativo,2026-08-14,Daniel Joaquim ,Chat Inativo,Baixa,Resolvido,FIRMATO SOLUÇÕES,Firmato Esquadrias - Orçamento,Empresa,Sexta,2026-08,33
61085,Público,Chat inativo,2026-08-25,Daniel Joaquim ,Chat Inativo,Baixa,Resolvido,ESQUADRINOVA,daercio luiz da silva,Empresa,Terça,2026-08,35
60499,Público,Dúvida em como alterar a finalidade ao duplicar obra + Dúvida em como desativar obra,2026-08-18,Daniel Joaquim ,Dúvidas,Alta,Resolvido,CLEMENTE ACM &amp  DESIGN,Dyool,Empresa,Terça,2026-08,34
60540,Público,Chat inativo,2026-08-19,Daniel Joaquim ,Chat Inativo,Baixa,Resolvido,SARAIVA VIDROS E ESQUADRIAS(DIMIFAL),Maristela Colombo - Supervisora de Vendas,Empresa,Quarta,2026-08,34
60647,Público,Chat inativo,2026-08-20,Daniel Joaquim ,Chat Inativo,Baixa,Resolvido,FASTDOOR PORTAS AUTOMATICAS,Thaís Freitas,Não classificado,Quinta,2026-08,34
60379,Público,Dúvida em lentidão do EGCLOUD,2026-08-17,Daniel Joaquim ,Nuvem Cloud,Alta,Resolvido,MF ESQUADRIAS E VIDROS,MF Esquadrias E Vidros,Empresa,Segunda,2026-08,34
60852,Público,Atualização de material MOF (base e perfil),2026-08-21,Daniel Joaquim ,Dúvidas,Alta,Resolvido,DIVIBOX SAO GABRIEL,Juliana de Souza Pinto | Vendas Divibox,Empresa,Sexta,2026-08,34
60798,Público,Atalho do sistema em rede,2026-08-20,Daniel Joaquim ,Instalação,Alta,Resolvido,BP GLASS,FABIANA,Empresa,Quinta,2026-08,34
60503,Público,Dúvida em onde está sendo salvo a exportação do corte certo,2026-08-18,Daniel Joaquim ,Dúvidas,Alta,Resolvido,MASTER ESQUADRIAS DE ALUMINIO,Anderson Viana,Empresa,Terça,2026-08,34
60081,Público,Dúvida em como usar kit de vidro no base-vidros,2026-08-13,Daniel Joaquim ,Dúvidas,Alta,Resolvido,AMAZON TEMPER,Eduardo Araujo| Amazon Me,Não classificado,Quinta,2026-08,33
60546,Público,Atalho do sistema em rede,2026-08-19,Daniel Joaquim ,Instalação,Alta,Resolvido,AMAZON TEMPER,Eduardo Araujo| Amazon Me,Não classificado,Quarta,2026-08,34
60253,Público,Atualização de build 0723 + atualização de material MOF (Base),2026-08-14,Daniel Joaquim ,Dúvidas,Alta,Resolvido,PRELAR ESPECIALISTA EM ESQUADRIAS,Rayane,Empresa,Sexta,2026-08,33
60870,Público,Personalização de relatórios envio a produtos,2026-08-21,Daniel Joaquim ,Dúvidas,Alta,Resolvido,CDE INDUSTRIA DE VIDROS,COMPRAS CDE,Empresa,Sexta,2026-08,34
60452,Público,"Dúvida no aviso de """"verificação de item da obra""""",2026-08-18,Daniel Joaquim ,Dúvidas,Alta,Resolvido,AMAZON TEMPER,Vivi,Não classificado,Terça,2026-08,34
60061,Público,Atualização de build 0414 > 0723 + atualização de material MOF (OlgaColor),2026-08-12,Daniel Joaquim ,Dúvidas,Alta,Resolvido,ALUMIPRATA (ANTIGO 705),Alumiprata,Empresa,Quarta,2026-08,33
60088,Público,Instalação de base zerada + chat inativo,2026-08-13,Daniel Joaquim ,Instalação,Alta,Resolvido,REPUBLICA ESQUADRIAS,"Janeide Lima ??,REPUBLICA ESQUADRIAS » Rafael Sales",Empresa (Onboarding),Quinta,2026-08,33
60154,Público,Dúvida em como colocar logotipo no sistema,2026-08-13,Daniel Joaquim ,Dúvidas,Alta,Resolvido,REPUBLICA ESQUADRIAS,Janeide Lima ??,Empresa (Onboarding),Quinta,2026-08,33
60152,Público,Chat inativo,2026-08-13,Daniel Joaquim ,Chat Inativo,Baixa,Resolvido,ALUTEC DF,Alutec Produção,Empresa,Quinta,2026-08,33
60484,Público,Dúvidas em como acessar o CEM da ARTALUM,2026-08-18,Daniel Joaquim ,Chat Inativo,Baixa,Resolvido,BP GLASS,Polar Consultoria,Empresa,Terça,2026-08,34
60389,Público,Transferência de departamento - Faktory,2026-08-17,Daniel Joaquim ,Transferência de Departamento,Alta,Resolvido,ITEFAL,RAUL,Atendimento CEM EXCLUSIVE,Segunda,2026-08,34
60405,Público,Dúvida em como salvar arquivos em sua máquina,2026-08-17,Daniel Joaquim ,Nuvem Cloud,Alta,Resolvido,ALUPEX,Mauro Tessadri,Empresa,Segunda,2026-08,34
60981,Público,Agendamento de atendimento referente ao FB 5.0 e estrutura separada,2026-08-24,Daniel Joaquim ,Dúvidas,Alta,Resolvido,SEVEN SARON ESQUADRIAS,Daniel Carvalho,Empresa (Onboarding),Segunda,2026-08,35
61050,Público,Agendamento de atendimento + chat inativo,2026-08-25,Daniel Joaquim ,Dúvidas,Alta,Resolvido,SEVEN SARON ESQUADRIAS,Daniel Carvalho,Empresa (Onboarding),Terça,2026-08,35
60657,Público,Troca de software de ONE para SmartCEM,2026-08-20,Daniel Joaquim ,Instalação,Alta,Resolvido,DJ ESQUADRIAS DE ALUMINIO,Andresa Santos,Empresa (Onboarding),Quinta,2026-08,34
60910,Público,Troca de software de SMART CEM para CEM PLUS ,2026-08-21,Daniel Joaquim ,Instalação,Alta,Resolvido,CASA LEO,Davi Medeiros,Empresa,Sexta,2026-08,34
62017,Público,Atalho do sistema em rede,2026-09-09,Daniel Joaquim ,Instalação,Alta,Resolvido,JLA VIDRACARIA E ESQUADRIAS DE ALUMINIO,Tais,Empresa,Quarta,2026-09,37
61672,Público,Auto resolução,2026-09-01,Daniel Joaquim ,Chat Inativo,Baixa,Resolvido,ALUMINORTON,Norton,Empresa,Terça,2026-09,36
61299,Público,Dúvida no cadastro de superfície + chat inativo,2026-08-27,Daniel Joaquim ,Dúvidas,Alta,Resolvido,FORTGLASS SOLUCOES EM VIDROS E ESQUADRIAS (ANTIGA 9445),Cláudio José,Atendimento CEM EXCLUSIVE,Quinta,2026-08,35
61485,Público,Atualização de build 0723 + atualização de material MOF (TAMBORÉ),2026-08-31,Daniel Joaquim ,Dúvidas,Alta,Resolvido,ARTE CENTER,Eleomar Freitas da Silva,Empresa,Segunda,2026-08,36
61457,Público,Chat inativo,2026-08-28,Daniel Joaquim ,Chat Inativo,Baixa,Resolvido,ARTENELE,Arielson,Empresa,Sexta,2026-08,35
61556,Público,Atalho do sistema em rede,2026-08-31,Daniel Joaquim ,Instalação,Alta,Resolvido,ESQUADRIA & CIA,Felipe,Empresa,Segunda,2026-08,36
61087,Público,Reinstalação do sistema,2026-08-25,Daniel Joaquim ,Instalação,Alta,Resolvido,ALUMINIOBR,"TIAGO YURI,ALUMINIOBR » Tiago Vieira",Empresa,Terça,2026-08,35
61164,Público,Mudar valor campo + Autenticar esquadrias,2026-08-26,Daniel Joaquim ,Dúvidas,Alta,Resolvido,ARTEFAL (ANTIGO 8861),Ewerton,Empresa,Quarta,2026-08,35
61553,Público,duvida referente a como cadastrar referencia no cadastro de acabamento,2026-08-31,Patrick Nascimento,Dúvidas,Alta,Resolvido,ALLUMI GOLD (L.M NORIYUKI),Allumi Gold Esquadrias,Empresa,Segunda,2026-08,36
61649,Público,transferência de departamento (financeiro),2026-09-01,Patrick Nascimento,Transferência de Departamento,Alta,Resolvido,IZZO ESQUADRIAS,Lucas Ribeiro,Empresa,Terça,2026-09,36
61582,Público,Instalação de atalho em rede (mapeamento),2026-09-01,Patrick Nascimento,Instalação,Alta,Resolvido,ESQUADRIA & CIA,Felipe,Empresa,Terça,2026-09,36
61987,Público,duvida referente a medida dos perfis do estoque técnico,2026-09-08,Patrick Nascimento,Dúvidas,Alta,Resolvido,FORTGLASS SOLUCOES EM VIDROS E ESQUADRIAS (ANTIGA 9445),Cláudio José,Atendimento CEM EXCLUSIVE,Terça,2026-09,37
61870,Público,solicitação de liberação da TERA METAIS,2026-09-04,Patrick Nascimento,Dúvidas,Alta,Resolvido,VIDROMAX,Jenifer,Empresa,Sexta,2026-09,36
61775,Público,Duvida referente a existência da linha sophia no CEM,2026-09-03,Patrick Nascimento,Dúvidas,Alta,Resolvido,COLPANY VIDROS,Icaro,Empresa,Quinta,2026-09,36
61433,Público,transferência de departamento (Faktory),2026-08-28,Patrick Nascimento,Transferência de Departamento,Alta,Resolvido,BR VIDROS,THARA ASSIS,Empresa,Sexta,2026-08,35
61999,Público,chat inativo,2026-09-08,Patrick Nascimento,Chat Inativo,Baixa,Resolvido,VIVA COMUNICAÇÃO,Roberta,Empresa,Terça,2026-09,37
61853,Público,chat inativo,2026-09-04,Patrick Nascimento,Chat Inativo,Baixa,Resolvido,VIDRACARIA KEOPS,Carolina,Empresa,Sexta,2026-09,36
61829,Público,Erro de conexão com o banco de dados,2026-09-03,Patrick Nascimento,Erros,Alta,Resolvido,VIDRACARIA KEOPS,Carolina,Empresa,Quinta,2026-09,36
61441,Público,chat inativo,2026-08-28,Patrick Nascimento,Chat Inativo,Baixa,Resolvido,JLA VIDRACARIA E ESQUADRIAS DE ALUMINIO,Tais,Empresa,Sexta,2026-08,35
61935,Público,duvida de como alterar a logotipo dos relatórios,2026-09-04,Patrick Nascimento,Dúvidas,Alta,Resolvido,LURE ESQUADRIAS,Tainá,Empresa,Sexta,2026-09,36
61278,Público,Dúvida na existência da linha Aglo 32 da olga color,2026-08-27,Patrick Nascimento,Dúvidas,Alta,Resolvido,ETEC,Jaqueline Costa,Empresa,Quinta,2026-08,35
61259,Público,chat inativo,2026-08-27,Patrick Nascimento,Chat Inativo,Baixa,Resolvido,ETEC,Jaqueline Costa,Empresa,Quinta,2026-08,35
61362,Público,Sistema travando ao salvar os relatórios,2026-08-28,Patrick Nascimento,Erros,Alta,Resolvido,VIDRAÇARIA ABATE,Letícia/guilherme,Empresa,Sexta,2026-08,35
62028,Público,Instalação de atalho em rede (mapeamento),2026-09-09,Patrick Nascimento,Instalação,Alta,Resolvido,PRISMATECH (Antiga 5288 Prismaglass),Satyro Neto,Empresa,Quarta,2026-09,37
60225,Público,duvida referente a como alterar a quantidade de vidro no orçamento,2026-08-14,Patrick Nascimento,Dúvidas,Alta,Resolvido,PERFITEX DIVISORIAS,Fernando Santos,Empresa,Sexta,2026-08,33
62034,Público,duvida referente ao erro ao acessar o EGCLOUD,2026-09-09,Patrick Nascimento,Nuvem Cloud,Alta,Resolvido,ANGELO S SOLUCOES EM ALUMINIO E VIDROS,Pedro,Empresa,Quarta,2026-09,37
61539,Público,Solicitação de Instalação Temporária do Sistema em Outro Computador,2026-08-31,Patrick Nascimento,Instalação,Alta,Resolvido,ALUTEK ALUMINIO,,Empresa,Segunda,2026-08,36
61046,Público,Erro de canvas ao emitir relatório + chat inativo,2026-08-25,Patrick Nascimento,Erros,Alta,Resolvido,BP GLASS,Gabriella,Empresa,Terça,2026-08,35
60850,Público,Auto resolução,2026-08-21,Patrick Nascimento,Chat Inativo,Baixa,Resolvido,BP GLASS,Unica  Esquadrias Vendas,Empresa,Sexta,2026-08,34
60822,Público,Dúvida na integração de API do CEM,2026-08-20,Patrick Nascimento,Dúvidas,Baixa,Resolvido,MALTA INDUSTRIA DE ESQUADRIAS (antiga Perfil),"tales,MALTA INDUSTRIA DE ESQUADRIAS (antiga Perfil) » tales",Empresa,Quinta,2026-08,34
61000,Público,duvida referente a mensagem de licença expira em em x dias + atualização de build (0322 para 0723),2026-08-24,Patrick Nascimento,Dúvidas,Alta,Resolvido,ESQUADRIMAXXI ESQUADRIAS DE ALUMINIO,João Guilherme,Empresa,Segunda,2026-08,35
61002,Público,Auto resolução,2026-08-24,Patrick Nascimento,Chat Inativo,Baixa,Resolvido,ESQUADRIAS FENIX,GILBERTO,Empresa,Segunda,2026-08,35
60261,Público,duvida referente a como mapear o sistema em rede,2026-08-14,Patrick Nascimento,Instalação,Alta,Resolvido,LANDY KITS,T.I Landy,Empresa,Sexta,2026-08,33
60223,Público,chat inativo,2026-08-14,Patrick Nascimento,Chat Inativo,Baixa,Resolvido,KICHLER ESQUADRIAS,Lailla,Empresa,Sexta,2026-08,33
61022,Público,duvida referente a criação de item simplificado,2026-08-24,Patrick Nascimento,Dúvidas,Alta,Resolvido,VCD INSTALACOES E SERVICOS,Vinicius,Empresa,Segunda,2026-08,35
60535,Público,transferência de departamento (financeiro),2026-08-19,Patrick Nascimento,Transferência de Departamento,Alta,Resolvido,AMAZON TEMPER,Vivi,Não classificado,Quarta,2026-08,34
60585,Público,Importação de obra ,2026-08-19,Patrick Nascimento,Dúvidas,Alta,Resolvido,ALUPAR,Sidney,Empresa,Quarta,2026-08,34
60167,Público,duvida referente a como salvar croquis no EGCLOUD,2026-08-13,Patrick Nascimento,Nuvem Cloud,Alta,Resolvido,A.F.P CONSTRUTORA E ESQUADRIAS,Jonathan Cordeiro,Não classificado,Quinta,2026-08,33
60487,Público,transferência de departamento (Faktory),2026-08-18,Patrick Nascimento,Transferência de Departamento,Alta,Resolvido,ALUMINOW ESQUADRIAS,Luciano Azevedo de Farias,Empresa,Terça,2026-08,34
60548,Público,chat inativo,2026-08-19,Patrick Nascimento,Chat Inativo,Baixa,Resolvido,CONCEITO ESQUADRIAS E VIDROS,Conceito Esquadrias e Vidros,Empresa,Quarta,2026-08,34
60626,Público,duvida referente a como alterar o código da obra,2026-08-19,Patrick Nascimento,Dúvidas,Alta,Resolvido,CONCEITO ESQUADRIAS E VIDROS,Conceito Esquadrias e Vidros,Empresa,Quarta,2026-08,34
61021,Público,chat inativo,2026-08-24,Patrick Nascimento,Chat Inativo,Baixa,Resolvido,CONCEITO ESQUADRIAS E VIDROS,Conceito Esquadrias e Vidros,Empresa,Segunda,2026-08,35
60039,Público,solicitação de acesso ao firebird,2026-08-12,Patrick Nascimento,Instalação,Alta,Resolvido,STILLO (Antiga MF esquadrias - 1241),Mateus,Empresa,Quarta,2026-08,33
60463,Público,duvida referente a como emitir etiquetas ,2026-08-18,Patrick Nascimento,Dúvidas,Alta,Resolvido,PREMIUM  ESQUADRIAS,Douglas,Empresa,Terça,2026-08,34
60044,Público,atualização de versão (3.5.24.0804 para 3.6.26.0723) + atualização de material MOF,2026-08-12,Patrick Nascimento,Atualização Versão e Build,Alta,Resolvido,DIVIBOX SAO GABRIEL,Juliana de Souza Pinto | Vendas Divibox,Empresa,Quarta,2026-08,33
60353,Público,chat inativo,2026-08-17,Patrick Nascimento,Chat Inativo,Baixa,Resolvido,VIDRACARIA SCHUCHARDT,Fernanda Vidraçaria Schuchardt,Empresa,Segunda,2026-08,34
60357,Público,alterar a senha do usuário Administrador do sistema ,2026-08-17,Patrick Nascimento,Dúvidas,Alta,Resolvido,CASA LEO,"Casa Leo,BP GLASS » Atendimento",Empresa,Segunda,2026-08,34
60078,Público,duvida referente a mensagem de licença expira em em x dias,2026-08-13,Patrick Nascimento,Dúvidas,Alta,Resolvido,UNIT ESQUADRIAS,UNIT Técnico,Empresa,Quinta,2026-08,33
61014,Público,Duvida referente a exportação de obra ,2026-08-24,Patrick Nascimento,Dúvidas,Alta,Resolvido,LINO ESQUADRIAS,Marcia,Não classificado,Segunda,2026-08,35
60519,Público,transferência de departamento (financeiro) + chat inativo,2026-08-19,Patrick Nascimento,Transferência de Departamento,Alta,Resolvido,L2 ASSESSORIA TECNICA,Luciane Leote,Não classificado,Quarta,2026-08,34
60473,Público,agendamento de troca de servidor,2026-08-18,Patrick Nascimento,Dúvidas,Alta,Resolvido,L2 ASSESSORIA TECNICA,Luciane Leote,Não classificado,Terça,2026-08,34
60387,Público,agendamento de troca de servidor,2026-08-17,Patrick Nascimento,Dúvidas,Alta,Resolvido,L2 ASSESSORIA TECNICA,Luciane Leote,Não classificado,Segunda,2026-08,34
60093,Público,duvida referente a esquadria maior que 6 metros,2026-08-13,Patrick Nascimento,Dúvidas,Alta,Resolvido,SARAIVA VIDROS E ESQUADRIAS(DIMIFAL),Rodrigo Silva,Empresa,Quinta,2026-08,33
60160,Público,chat inativo,2026-08-13,Patrick Nascimento,Chat Inativo,Baixa,Resolvido,IMPERIAL ALUMINIO,Nathan,Empresa,Quinta,2026-08,33
60323,Público,chat inativo,2026-08-17,Patrick Nascimento,Chat Inativo,Baixa,Resolvido,IMPERIAL ALUMINIO,Nathan,Empresa,Segunda,2026-08,34
60917,Público,solicitação de personalização de relatório,2026-08-21,Patrick Nascimento,Dúvidas,Alta,Resolvido,METALKIT COMERCIO DE ACESSORIOS,Juliano Orçamentos,Empresa,Sexta,2026-08,34
60245,Público,duvida referente a como utilizar filtro dentro da obra,2026-08-14,Patrick Nascimento,Dúvidas,Alta,Resolvido,PLENITUDE GLASS,Cleiton Kepler,Empresa,Sexta,2026-08,33
60226,Público,duvida referente a como utilizar o filtro da obra,2026-08-14,Patrick Nascimento,Dúvidas,Alta,Resolvido,PLENITUDE GLASS,Cleiton Kepler,Empresa,Sexta,2026-08,33
60041,Público,Cadastro de usuário no sistema,2026-08-12,Patrick Nascimento,Dúvidas,Alta,Resolvido,GRUPO VAX (ANTIGO 6687),ESQUADRIAS IANE,Não classificado,Quarta,2026-08,33
60453,Público,duvida referente a condições de pagamento ,2026-08-18,Patrick Nascimento,Dúvidas,Alta,Resolvido,ELOGLASS,Eloglass - COMERCIAL,Empresa,Terça,2026-08,34
60967,Público,duvida referente a como emitir relatório de orientação de corte,2026-08-24,Patrick Nascimento,Dúvidas,Alta,Resolvido,COSIBA SERVICOS INDUSTRIAIS,Ariane,Empresa,Segunda,2026-08,35
60145,Público,chat inativo,2026-08-13,Patrick Nascimento,Chat Inativo,Baixa,Resolvido,ESQUADRIPRO,EsquadriPro,Empresa,Quinta,2026-08,33
60165,Público,duvida referente a como liberar a espessura do vidro na esquadria + como cadastrar o campo referencia do acabamento,2026-08-13,Patrick Nascimento,Dúvidas,Alta,Resolvido,ESQUADRIPRO,EsquadriPro,Empresa,Quinta,2026-08,33
60392,Público,Duvida referente a lentidão do sistema,2026-08-17,Patrick Nascimento,Erros,Alta,Resolvido,CONCEPT ALUMINIUM,Vini L.,Empresa,Segunda,2026-08,34
60048,Público,duvida referente a mensagem de erro ao exportar para o faktory,2026-08-12,Patrick Nascimento,Dúvidas,Alta,Resolvido,VIDRATTA,Felipe Abreu,Empresa,Quarta,2026-08,33
60012,Público,duvida referente a como alterar as informações de rodapé do relatório,2026-08-12,Patrick Nascimento,Dúvidas,Alta,Resolvido,L2 ASSESSORIA TECNICA,luciane de almeida leote,Não classificado,Quarta,2026-08,33
60390,Público,CEM-TROCA DE MAQUINA,2026-08-17,Patrick Nascimento,Instalação,Alta,Resolvido,L2 ASSESSORIA TECNICA,"Luciane Leote,L2 ASSESSORIA TECNICA » luciane de almeida leote",Não classificado,Segunda,2026-08,34
60810,Público,transferência de departamento (financeiro),2026-08-20,Patrick Nascimento,Transferência de Departamento,Alta,Resolvido,SCHWANCK ESQUADRIAS DE PVC,Matheus Schwanck,Empresa,Quinta,2026-08,34
61079,Público,Atualização de build (0213 para 0723),2026-08-25,Patrick Nascimento,Atualização Versão e Build,Alta,Resolvido,INCOVIDROS,Isac Oliveira,Empresa,Terça,2026-08,35
60146,Público,duvida referente a como utilizar o CEMTools,2026-08-13,Patrick Nascimento,Dúvidas,Alta,Resolvido,GRUPO VAX (ANTIGO 6687),Arte Center Interiores,Não classificado,Quinta,2026-08,33
60989,Público,solicitação de liberação da PERFIL ALUMINIO,2026-08-24,Patrick Nascimento,Dúvidas,Alta,Resolvido,TECNICA,marcos,Empresa,Segunda,2026-08,35
60999,Público,solicitação de liberação da PERFIL ALUMINIO,2026-08-24,Patrick Nascimento,Dúvidas,Alta,Resolvido,TECNICA,marcos,Empresa,Segunda,2026-08,35
60343,Público,chat inativo,2026-08-17,Patrick Nascimento,Chat Inativo,Baixa,Resolvido,RD FABRICACOES,Sá - RD,Empresa,Segunda,2026-08,34
60781,Público,chat inativo,2026-08-20,Patrick Nascimento,Chat Inativo,Baixa,Resolvido,GUILES ESQUADRIAS,Joyce Gomes,Empresa,Quinta,2026-08,34
60897,Público,chat inativo,2026-08-21,Patrick Nascimento,Chat Inativo,Baixa,Resolvido,PERFIL,PERFIL - ES | Adson,Empresa,Sexta,2026-08,34
60386,Público,chat inativo,2026-08-17,Patrick Nascimento,Chat Inativo,Baixa,Resolvido,CENTRO NORTE ESQUADRIAS,Jadson Martins,Empresa,Segunda,2026-08,34
60189,Público,duvida referente a como utilizar regra de orçamento,2026-08-14,Patrick Nascimento,Dúvidas,Alta,Resolvido,CENTRO NORTE ESQUADRIAS,Jadson Martins,Empresa,Sexta,2026-08,33
60861,Público,transferência de departamento (relacionamentos),2026-08-21,Patrick Nascimento,Transferência de Departamento,Alta,Resolvido,MONTALUMI ESQUADRIAS,Montalumi - Orçamentos,Empresa,Sexta,2026-08,34
60313,Público,"erro de não aparecerem as esquadrias do cliente (feito o processo de """"muda valor campo"""")",2026-08-17,Patrick Nascimento,Erros,Alta,Resolvido,ZAKA ALUMINIOS,Poliana Vale - Projetos,Empresa,Segunda,2026-08,34
60940,Público,chat inativo,2026-08-24,Patrick Nascimento,Chat Inativo,Baixa,Resolvido,NOBRE ALUMINIO,Orçamentos Nobre Alumínio,Empresa,Segunda,2026-08,35
60218,Público,Upgrade -  LP2 Engenharia (13774),2026-08-14,Patrick Nascimento,Implantação,Alta,Resolvido,Alumisoft Sistemas,Implantacao,Empresa,Sexta,2026-08,33
60249,Público,Upgrade -  CONCEITO ESQUADRIAS (8093),2026-08-14,Patrick Nascimento,Implantação,Alta,Resolvido,Alumisoft Sistemas,Implantacao,Empresa,Sexta,2026-08,33
60639,Público,duvida referente a erro de calculo,2026-08-20,Patrick Nascimento,Dúvidas,Alta,Resolvido,QUATTUOR ENGENHARIA E SOLUCOES (ANTIGO 9436),Taís,Não classificado,Quinta,2026-08,34
60730,Público,Implantação + treinamento -  ALURP (13826),2026-08-20,Patrick Nascimento,Implantação,Alta,Resolvido,Alumisoft Sistemas,Implantacao,Empresa,Quinta,2026-08,34
60882,Público,"erro de """"CodObraEsqd não encontrado""""",2026-08-21,Patrick Nascimento,Erros,Alta,Resolvido,FINESTRA & CIA,Finestra Esquadrias de Alumínio,Não classificado,Sexta,2026-08,34
60256,Público,duvida referente a copiar e colar esquadria dentro da obra,2026-08-14,Patrick Nascimento,Dúvidas,Alta,Resolvido,SMART METAL,LUIZ QUADROS,Empresa,Sexta,2026-08,33
61071,Público,Implantação + treinamento -  VIDRAÇARIA ORIENTE (7129),2026-08-25,Patrick Nascimento,Implantação,Alta,Resolvido,Alumisoft Sistemas,Implantacao,Empresa,Terça,2026-08,35
60914,Público,duvida referente a como importar obras no EGCLOUD,2026-08-21,Patrick Nascimento,Nuvem Cloud,Alta,Resolvido,SOAL (ANTIGO 1011),Amanda Correia,Empresa,Sexta,2026-08,34
60812,Público,chat inativo,2026-08-20,Patrick Nascimento,Chat Inativo,Baixa,Resolvido,RD FABRICACOES,Gabrielle,Empresa,Quinta,2026-08,34
60818,Público,solicitação de liberação da PERFIL ALUMINIO + chat inativo,2026-08-20,Patrick Nascimento,Dúvidas,Alta,Resolvido,RD FABRICACOES,Gabrielle,Empresa,Quinta,2026-08,34
60831,Público,solicitação de liberação da PERFIL ALUMINIO,2026-08-20,Patrick Nascimento,Dúvidas,Alta,Resolvido,RD FABRICACOES,Gabrielle,Empresa,Quinta,2026-08,34
60674,Público,Mensagem de sistema não registrado,2026-08-20,Patrick Nascimento,Dúvidas,Alta,Resolvido,MODO ACUSTICO,aroldo,Empresa,Quinta,2026-08,34
60784,Público,Duvida referente a como cadastrar usuário,2026-08-20,Patrick Nascimento,Dúvidas,Alta,Resolvido,WA ESQUADRIAS DE ALU,ALINE,Empresa,Quinta,2026-08,34
60023,Público,duvida referente a como replicar os valores do perfis (atalho Ctrl+R),2026-08-12,Patrick Nascimento,Dúvidas,Alta,Resolvido,ESTRUTURAL ALUMINIOS,Luan Machado Silveira,Empresa,Quarta,2026-08,33
60605,Público,chat inativo,2026-08-19,Patrick Nascimento,Chat Inativo,Baixa,Resolvido,A. M. GLASS ESQUADRIAS E FACHADAS (ANTIGO 10474),Mateus Siqueira,Empresa,Quarta,2026-08,34
60118,Público,Atualização de material MOF (PERFIL),2026-08-13,Patrick Nascimento,Dúvidas,Alta,Resolvido,RD FABRICACOES,Sá - RD,Empresa,Quinta,2026-08,33
60796,Público,duvida referente a precificação de perfis + chat inativo,2026-08-20,Patrick Nascimento,Dúvidas,Alta,Resolvido,RD FABRICACOES,Gabrielle,Empresa,Quinta,2026-08,34
60961,Público,chat inativo,2026-08-24,Patrick Nascimento,Chat Inativo,Baixa,Resolvido,ESQUADRIMAXXI ESQUADRIAS DE ALUMINIO,Ariana,Empresa,Segunda,2026-08,35
60082,Público,chat inativo,2026-08-13,Patrick Nascimento,Chat Inativo,Baixa,Resolvido,IDEAL ESQUADRIAS DE ALUMINIO,IDEAL ESQUADRIAS,Empresa,Quinta,2026-08,33
60534,Público,Chat inativo,2026-08-19,Pedro Cavalciuk,Chat Inativo,Baixa,Resolvido,IDEAL ESQUADRIAS DE ALUMINIO,IDEAL ESQUADRIAS,Empresa,Quarta,2026-08,34
60839,Público,Offline message - IDEAL ESQUADRIAS,2026-08-20,Pedro Cavalciuk,Tickets Offline,Alta,Resolvido,IDEAL ESQUADRIAS DE ALUMINIO,IDEAL ESQUADRIAS,Empresa,Quinta,2026-08,34
60075,Público,Offline message - IDEAL ESQUADRIAS,2026-08-13,Pedro Cavalciuk,Tickets Offline,Alta,Resolvido,IDEAL ESQUADRIAS DE ALUMINIO,IDEAL ESQUADRIAS,Empresa,Quinta,2026-08,33
60931,Público,Mensagem offline - André ,2026-08-23,Pedro Cavalciuk,Tickets Offline,Alta,Resolvido,AMAZON TEMPER,André,Não classificado,Domingo,2026-08,34
60789,Público,Offline message - COMPRAS CDE,2026-08-20,Pedro Cavalciuk,Tickets Offline,Alta,Resolvido,CDE INDUSTRIA DE VIDROS,COMPRAS CDE,Empresa,Quinta,2026-08,34
60461,Público,Transferência de departamento > Relacionamentos  ,2026-08-18,Pedro Cavalciuk,Transferência de Departamento,Alta,Resolvido,RD FABRICACOES,Daviler,Empresa,Terça,2026-08,34
60988,Público,Chat inativo,2026-08-24,Pedro Cavalciuk,Chat Inativo,Baixa,Resolvido,LIBRIAN,Renan Atti,Não classificado,Segunda,2026-08,35
60930,Público,Mensagem offline - RENOVATTO(CEMMOBI),2026-08-22,Pedro Cavalciuk,Tickets Offline,Alta,Resolvido,RENOVATTO(CEMMOBI),,Empresa (CEMMOBI),Sábado,2026-08,34
60892,Público,Chat inativo ,2026-08-21,Pedro Cavalciuk,Chat Inativo,Baixa,Resolvido,IDEAL ESQUADRIAS DE ALUMINIO,IDEAL ESQUADRIAS,Empresa,Sexta,2026-08,34
60844,Público,Offline message - Gabrielle,2026-08-20,Pedro Cavalciuk,Tickets Offline,Alta,Resolvido,RD FABRICACOES,Gabrielle,Empresa,Quinta,2026-08,34
60668,Público,Precificação de componentes,2026-08-20,Pedro Cavalciuk,Dúvidas,Alta,Resolvido,RD FABRICACOES,Gabrielle,Empresa,Quinta,2026-08,34
60092,Público,Chat inativo ,2026-08-13,Pedro Cavalciuk,Chat Inativo,Baixa,Resolvido,RD FABRICACOES,Sá - RD,Empresa,Quinta,2026-08,33
61048,Público,Reiniciar o EGCLOUD,2026-08-25,Pedro Cavalciuk,Nuvem Cloud,Alta,Resolvido,RD FABRICACOES,Sá - RD,Empresa,Terça,2026-08,35
60887,Público,Mensagem offline - Luan,2026-08-21,Pedro Cavalciuk,Tickets Offline,Alta,Resolvido,TECSTAL,Luan,Empresa,Sexta,2026-08,34
60332,Público,Reinicio do sistema ,2026-08-17,Pedro Cavalciuk,Chat Inativo,Baixa,Resolvido,RD FABRICACOES,Gabrielle,Empresa,Segunda,2026-08,34
60903,Público,Chat inativo,2026-08-21,Pedro Cavalciuk,Chat Inativo,Baixa,Resolvido,RD FABRICACOES,Gabrielle,Empresa,Sexta,2026-08,34
61029,Público,Offline message - Gabrielle,2026-08-24,Pedro Cavalciuk,Tickets Offline,Alta,Resolvido,RD FABRICACOES,Gabrielle,Empresa,Segunda,2026-08,35
61043,Público,Chat inativo ,2026-08-25,Pedro Cavalciuk,Chat Inativo,Baixa,Resolvido,RD FABRICACOES,Gabrielle,Empresa,Terça,2026-08,35
60982,Público,Offline message - Larissa,2026-08-24,Pedro Cavalciuk,Tickets Offline,Alta,Resolvido,TOP GLASS(CEMMOBI),Larissa,Empresa (CEMMOBI),Segunda,2026-08,35
60416,Público,Offline message - Fernando Carvalho,2026-08-17,Pedro Cavalciuk,Tickets Offline,Alta,Resolvido,FC DESENVOLVIMENTOS DE PROJETOS DE COMPRA E VENDA(DELPHI E CEMMOBI),Fernando Carvalho,Empresa,Segunda,2026-08,34
60504,Público,Upgrade -  CASA LEO (13261),2026-08-18,Pedro Cavalciuk,Implantação,Alta,Resolvido,Alumisoft Sistemas,Implantacao,Empresa,Terça,2026-08,34
60449,Público,Upgrade + treinamento -  METAL DO VIDRO (12189),2026-08-18,Pedro Cavalciuk,Implantação,Alta,Resolvido,Alumisoft Sistemas,Implantacao,Empresa,Terça,2026-08,34
60466,Público,Chat inativo ,2026-08-18,Pedro Cavalciuk,Chat Inativo,Baixa,Resolvido,KICHLER ESQUADRIAS,Dani,Empresa,Terça,2026-08,34
60593,Público,Upgrade -  ARTEFAL ARTEFATOS DE ALUMINIO LTDA (10987),2026-08-19,Pedro Cavalciuk,Implantação,Alta,Resolvido,Alumisoft Sistemas,Implantacao,Empresa,Quarta,2026-08,34
60900,Público,Downgrade -  NEXUS ESQUADRIAS (13705),2026-08-21,Pedro Cavalciuk,Implantação,Alta,Resolvido,Alumisoft Sistemas,Implantacao,Empresa,Sexta,2026-08,34
60958,Público,Upgrade -  HOUSE ESQUADRIAS (11117),2026-08-24,Pedro Cavalciuk,Implantação,Alta,Resolvido,Alumisoft Sistemas,Implantacao,Empresa,Segunda,2026-08,35
61036,Público,Offline message - Orçamentos Nobre Alumínio,2026-08-25,Pedro Cavalciuk,Tickets Offline,Alta,Resolvido,NOBRE ALUMINIO,Orçamentos Nobre Alumínio,Empresa,Terça,2026-08,35
60541,Público,Atualização de  material MOF (ALUMINORTE),2026-08-19,Pedro Cavalciuk,Dúvidas,Alta,Resolvido,NOVO ALUMINIO,Projetos Sevven,Empresa,Quarta,2026-08,34
60632,Público,Offline message - RJ Produção,2026-08-20,Pedro Cavalciuk,Tickets Offline,Alta,Resolvido,RJ ESQUADRIAS,RJ Produção,Empresa,Quinta,2026-08,34
60338,Público,Pedido de liberação de material ALPA,2026-08-17,Pedro Cavalciuk,Dúvidas,Alta,Resolvido,GUILES ESQUADRIAS,Joyce Gomes,Empresa,Segunda,2026-08,34
60247,Público,Chat inativo,2026-08-14,Pedro Cavalciuk,Chat Inativo,Baixa,Resolvido,GUILES ESQUADRIAS,Joyce Gomes,Empresa,Sexta,2026-08,33
60846,Público,Offline message - Vinícius Santos Arquitetura,2026-08-21,Pedro Cavalciuk,Tickets Offline,Alta,Resolvido,USIMINAS SERRALHERIA,Vinícius Santos Arquitetura,Não classificado,Sexta,2026-08,34
60560,Público,Liberação de material (SCHUCO),2026-08-19,Pedro Cavalciuk,Dúvidas,Alta,Resolvido,RD FABRICACOES,Sá - RD,Empresa,Quarta,2026-08,34
60516,Público,Offline message - João Vitor Martins,2026-08-19,Pedro Cavalciuk,Tickets Offline,Alta,Resolvido,BR ALUMINIUM FRAME (ANTIGO 10501),João Vitor Martins,Empresa,Quarta,2026-08,34
60838,Público,Offline message - Rafaelle Souza,2026-08-20,Pedro Cavalciuk,Tickets Offline,Alta,Resolvido,VIDROS E ESQUADRIAS CAMPOS LTDA,Rafaelle Souza,Empresa,Quinta,2026-08,34
61034,Público,Offline message - Rafaelle Souza,2026-08-25,Pedro Cavalciuk,Tickets Offline,Alta,Resolvido,VIDROS E ESQUADRIAS CAMPOS LTDA,Rafaelle Souza,Empresa,Terça,2026-08,35
60137,Público,Tranferencia de departamento > relatórios ,2026-08-13,Pedro Cavalciuk,Transferência de Departamento,Baixa,Resolvido,VIDRATTA,Felipe Abreu,Empresa,Quinta,2026-08,33
60131,Público,Offline message - Felipe Abreu,2026-08-13,Pedro Cavalciuk,Tickets Offline,Alta,Resolvido,VIDRATTA,Felipe Abreu,Empresa,Quinta,2026-08,33
60420,Público,Atualização de BUILD,2026-08-18,Pedro Cavalciuk,Atualização Versão e Build,Alta,Resolvido,CONCEPT ALUMINIUM,Vini L.,Empresa,Terça,2026-08,34
60300,Público,Problemas com o Rustdesk + Atualização do Windows ,2026-08-17,Pedro Cavalciuk,Instalação,Alta,Resolvido,CONCEPT ALUMINIUM,Vini L.,Empresa,Segunda,2026-08,34
60071,Público,Offline message - Alyne,2026-08-12,Pedro Cavalciuk,Tickets Offline,Alta,Resolvido,CENTRO DO ALUMINIO,Alyne,Empresa,Quarta,2026-08,33
60583,Público,Offline message - Alyne,2026-08-19,Pedro Cavalciuk,Tickets Offline,Alta,Resolvido,CENTRO DO ALUMINIO,Alyne,Empresa,Quarta,2026-08,34
60874,Público,Desativação do UTF-8 do windows,2026-08-21,Pedro Cavalciuk,Erros,Alta,Resolvido,KP ENGENHARIA (ANTIGO 8386),ALEKSANDRE,Empresa,Sexta,2026-08,34
60231,Público,Ativação de firebird automaticamente ,2026-08-14,Pedro Cavalciuk,Instalação,Alta,Resolvido,SELTA,Nathalia,Não classificado,Sexta,2026-08,33
60630,Público,Offline message - Mateus Leite,2026-08-20,Pedro Cavalciuk,Tickets Offline,Alta,Resolvido,SUPORTE VIDROS,Mateus Leite,Empresa,Quinta,2026-08,34
60356,Público,Troca de senha EGCLOUD,2026-08-17,Pedro Cavalciuk,Nuvem Cloud,Alta,Resolvido,CASA LEO,Sabrina lucena,Empresa,Segunda,2026-08,34
60140,Público,EsquadriPro - ESQUADRIPRO,2026-08-13,Pedro Cavalciuk,Chat Inativo,Baixa,Resolvido,ESQUADRIPRO,EsquadriPro,Empresa,Quinta,2026-08,33
60132,Público,Offline message - EsquadriPro,2026-08-13,Pedro Cavalciuk,Tickets Offline,Alta,Resolvido,ESQUADRIPRO,EsquadriPro,Empresa,Quinta,2026-08,33
60933,Público,Offline message - Wb Vidros (Daniele),2026-08-24,Pedro Cavalciuk,Tickets Offline,Alta,Resolvido,WB VIDROS E ESPELHOS,Wb Vidros (Daniele),Empresa,Segunda,2026-08,35
60934,Público,Auto resolução,2026-08-24,Pedro Cavalciuk,Chat Inativo,Baixa,Resolvido,WB VIDROS E ESPELHOS,Wb Vidros (Daniele),Empresa,Segunda,2026-08,35
60238,Público,Offline message - Cleiton Kepler,2026-08-14,Pedro Cavalciuk,Melhorias,Alta,Resolvido,PLENITUDE GLASS,Cleiton Kepler,Empresa,Sexta,2026-08,33
60587,Público,Atualização de BUILD 0723,2026-08-19,Pedro Cavalciuk,Atualização Versão e Build,Alta,Resolvido,GRUPO VAX (ANTIGO 6687),??,Não classificado,Quarta,2026-08,34
60419,Público,Offline message - Iasmyn Oliveira,2026-08-18,Pedro Cavalciuk,Tickets Offline,Alta,Resolvido,VISUAL ESQUADRIAS DE ALUMINIO E FERRO,Iasmyn Oliveira,Empresa,Terça,2026-08,34
61038,Público,Mensagem offline - Vidro X,2026-08-25,Pedro Cavalciuk,Tickets Offline,Alta,Resolvido,BP GLASS,Vidro X,Empresa,Terça,2026-08,35
61060,Público,Aguardando contato ,2026-08-25,Pedro Cavalciuk,Chat Inativo,Baixa,Resolvido,BP GLASS,Vidro X,Empresa,Terça,2026-08,35
60983,Público,Mensagem offline - Vidracaria e Esquadrias Ataide(CEMMOBI),2026-08-24,Pedro Cavalciuk,Tickets Offline,Alta,Resolvido,Vidracaria e Esquadrias Ataide(CEMMOBI),,Empresa (CEMMOBI),Segunda,2026-08,35
60073,Público,Offline message - Rodrigo Silva,2026-08-12,Pedro Cavalciuk,Tickets Offline,Alta,Resolvido,SARAIVA VIDROS E ESQUADRIAS(DIMIFAL),Rodrigo Silva,Empresa,Quarta,2026-08,33
60026,Público,Offline message - Carollyne Brogliato,2026-08-12,Pedro Cavalciuk,Tickets Offline,Alta,Resolvido,METAL LAR,Carollyne Brogliato,Empresa,Quarta,2026-08,33
60130,Público,Offline message - Carollyne Brogliato,2026-08-13,Pedro Cavalciuk,Tickets Offline,Alta,Resolvido,METAL LAR,Carollyne Brogliato,Empresa,Quinta,2026-08,33
60568,Público,Criação de atalho via rede,2026-08-19,Pedro Cavalciuk,Instalação,Alta,Resolvido,L2 ASSESSORIA TECNICA,Luciane Leote,Não classificado,Quarta,2026-08,34
60433,Público,Personalização de relatório + chat inativo ,2026-08-18,Pedro Cavalciuk,Chat Inativo,Baixa,Resolvido,VÃO FINO ESQUADRIAS DE ALUMINIO,Ariane,Empresa,Terça,2026-08,34
60659,Público,Licença expirada ,2026-08-20,Pedro Cavalciuk,Erros,Alta,Resolvido,Preference Mercosur,Rafael,Empresa,Quinta,2026-08,34
60514,Público,Offline message - Maristela Colombo - Supervisora de Vendas,2026-08-19,Pedro Cavalciuk,Tickets Offline,Alta,Resolvido,SARAIVA VIDROS E ESQUADRIAS(DIMIFAL),Maristela Colombo - Supervisora de Vendas,Empresa,Quarta,2026-08,34
60909,Público,Upgrade de sistema (SMC > PLS),2026-08-21,Pedro Cavalciuk,Instalação,Média,Resolvido,BP GLASS,Atendimento,Empresa,Sexta,2026-08,34
61031,Público,Offline message - Júlia Oliveira,2026-08-24,Pedro Cavalciuk,Tickets Offline,Alta,Resolvido,ARGENTUM CONCEPT LTDA(CEMMOBI + FLOW),Júlia Oliveira,Empresa (CEMMOBI),Segunda,2026-08,35
60511,Público,Offline message - Fernanda Vidraçaria Schuchardt,2026-08-18,Pedro Cavalciuk,Tickets Offline,Alta,Resolvido,VIDRACARIA SCHUCHARDT,Fernanda Vidraçaria Schuchardt,Empresa,Terça,2026-08,34
60098,Público,Edição de CNPJ de cliente ,2026-08-13,Pedro Cavalciuk,Dúvidas,Alta,Resolvido,JR DISTRIBUIDORA DE VIDROS,matheus de franca,Empresa,Quinta,2026-08,33
60438,Público,Douglas - PREMIUM  ESQUADRIAS,2026-08-18,Pedro Cavalciuk,Chat Inativo,Baixa,Resolvido,PREMIUM  ESQUADRIAS,Douglas,Empresa,Terça,2026-08,34
61055,Público,falta de licneças no EGCLOUD,2026-08-25,Pedro Cavalciuk,Nuvem Cloud,Alta,Resolvido,CONCEITO ESQUADRIAS E VIDROS,Conceito Esquadrias e Vidros,Empresa,Terça,2026-08,35
60889,Público,Offline message - Samuel Lopes Júnior,2026-08-21,Pedro Cavalciuk,Tickets Offline,Alta,Resolvido,ALUGLASS,Samuel Lopes Júnior,Empresa (Onboarding),Sexta,2026-08,34
60027,Público,Offline message - Vetra Prime Esquadrias,2026-08-12,Pedro Cavalciuk,Tickets Offline,Alta,Resolvido,VETRA PRIME ESQUADRIAS ( ANTIGO 13700),Vetra Prime Esquadrias,Não classificado,Quarta,2026-08,33
61039,Público,Offline message - Art Design Esquadrias,2026-08-25,Pedro Cavalciuk,Tickets Offline,Alta,Resolvido,ART DESING ALUMINIO,Art Design Esquadrias,Empresa,Terça,2026-08,35
60362,Público,Chat inativo,2026-08-17,Pedro Cavalciuk,Chat Inativo,Baixa,Resolvido,ALUMINOW ESQUADRIAS,Luciano Azevedo de Farias,Empresa,Segunda,2026-08,34
60178,Público,Offline message - Jonathan Cordeiro,2026-08-13,Pedro Cavalciuk,Tickets Offline,Alta,Resolvido,A.F.P CONSTRUTORA E ESQUADRIAS,Jonathan Cordeiro,Não classificado,Quinta,2026-08,33
60304,Público,Atualização de  material MOF ,2026-08-17,Pedro Cavalciuk,Dúvidas,Alta,Resolvido,PRELAR ESPECIALISTA EM ESQUADRIAS,Rayane,Empresa,Segunda,2026-08,34
60633,Público,Offline message - Maickon Augusto,2026-08-20,Pedro Cavalciuk,Tickets Offline,Alta,Resolvido,SAM VIDROS,Maickon Augusto,Empresa,Quinta,2026-08,34
60076,Público,Offline message - Estéfane Souza,2026-08-13,Pedro Cavalciuk,Tickets Offline,Alta,Resolvido,CAMPOS ALTOS ESQUADRIAS,Estéfane Souza,Empresa,Quinta,2026-08,33
60512,Público,Offline message - Vivi,2026-08-18,Pedro Cavalciuk,Tickets Offline,Alta,Resolvido,AMAZON TEMPER,Vivi,Não classificado,Terça,2026-08,34
60242,Público,Offline message - Vivi,2026-08-14,Pedro Cavalciuk,Tickets Offline,Alta,Resolvido,AMAZON TEMPER,Vivi,Não classificado,Sexta,2026-08,33
60246,Público,Mapeamento via rede,2026-08-14,Pedro Cavalciuk,Instalação,Alta,Resolvido,AMAZON TEMPER,Vivi,Não classificado,Sexta,2026-08,33
60314,Público,Atalho via rede ,2026-08-17,Pedro Cavalciuk,Instalação,Alta,Resolvido,ELETROVIDROS,Maykon Andrade,Empresa (Onboarding),Segunda,2026-08,34
60324,Público,Atualizar croquis ,2026-08-17,Pedro Cavalciuk,Dúvidas,Alta,Resolvido,BP GLASS,Alltus Aluminium,Empresa,Segunda,2026-08,34
60182,Público,Mensagem offline - luis ,2026-08-13,Pedro Cavalciuk,Tickets Offline,Alta,Resolvido,ELITE ESQUADRIAS DE ALUMINIO E NEGÓCIO(CEMMOBI),luis,Empresa (CEMMOBI),Quinta,2026-08,33
60417,Público,Offline message - Polar Consultoria,2026-08-17,Pedro Cavalciuk,Tickets Offline,Alta,Resolvido,BP GLASS,Polar Consultoria,Empresa,Segunda,2026-08,34
60236,Público,Duvida em como salvar relatórios ,2026-08-14,Pedro Cavalciuk,Dúvidas,Alta,Resolvido,ALUTEC DF,Alutec Produção,Empresa,Sexta,2026-08,33
60413,Público,Offline message - Lailla,2026-08-17,Pedro Cavalciuk,Tickets Offline,Alta,Resolvido,KICHLER ESQUADRIAS,Lailla,Empresa,Segunda,2026-08,34
60629,Público,Mensagem offline - Rosimal,2026-08-19,Pedro Cavalciuk,Tickets Offline,Alta,Resolvido,BP GLASS,Rosimal,Empresa,Quarta,2026-08,34
60631,Público,Offline message - Beatriz Souza,2026-08-20,Pedro Cavalciuk,Tickets Offline,Alta,Resolvido,HOME KITS,Beatriz Souza,Empresa (Onboarding),Quinta,2026-08,34
60563,Público,Troca do plugin ,2026-08-19,Pedro Cavalciuk,Nuvem Cloud,Alta,Resolvido,BP GLASS,A&E Brasil,Empresa,Quarta,2026-08,34
60510,Público,Offline message - Raoni Alves,2026-08-18,Pedro Cavalciuk,Tickets Offline,Alta,Resolvido,BP GLASS,Raoni Alves,Empresa,Terça,2026-08,34
61030,Público,Offline message - Israel Renovatto,2026-08-24,Pedro Cavalciuk,Tickets Offline,Alta,Resolvido,RENOVATTO(CEMMOBI),Israel Renovatto,Empresa (CEMMOBI),Segunda,2026-08,35
60845,Público,Offline message - Unica  Esquadrias Vendas,2026-08-21,Pedro Cavalciuk,Tickets Offline,Alta,Resolvido,BP GLASS,Unica  Esquadrias Vendas,Empresa,Sexta,2026-08,34
61035,Público,Mensagem offline - Gabriella,2026-08-25,Pedro Cavalciuk,Tickets Offline,Alta,Resolvido,BP GLASS,Gabriella,Empresa,Terça,2026-08,35
61651,Público,Tranferencia de departamento > financeiro ,2026-09-01,Pedro Cavalciuk,Transferência de Departamento,Alta,Resolvido,SOLUTA ALUMINIO(CEMDELPHI e CEMMOBI),,Empresa,Terça,2026-09,36
61415,Público,Offline message - Tais,2026-08-28,Pedro Cavalciuk,Tickets Offline,Alta,Resolvido,JLA VIDRACARIA E ESQUADRIAS DE ALUMINIO,Tais,Empresa,Sexta,2026-08,35
61428,Público,Alterar tempo de modo de hibernação do Windows ,2026-08-28,Pedro Cavalciuk,Erros,Alta,Resolvido,JLA VIDRACARIA E ESQUADRIAS DE ALUMINIO,Tais,Empresa,Sexta,2026-08,35
62051,Público,Offline message - Natalia,2026-09-09,Pedro Cavalciuk,Tickets Offline,Alta,Resolvido,HOUSE ESQUADRIAS EM ALUMINIO,Natalia,Empresa,Quarta,2026-09,37
61405,Público,Duvida sobre avisos no calculo de esquadrias ,2026-08-28,Pedro Cavalciuk,Dúvidas,Alta,Resolvido,FERMAX,Anderson Mota,Empresa,Sexta,2026-08,35
61600,Público,Duvida sobre linha elegance mirror ,2026-09-01,Pedro Cavalciuk,Dúvidas,Alta,Resolvido,FACADES CONSULTORIA E TREINAMENTOS (ANTIGO 10399),joao,Empresa,Terça,2026-09,36
61242,Público,Offline message - Jaqueline Costa,2026-08-26,Pedro Cavalciuk,Tickets Offline,Alta,Resolvido,ETEC,Jaqueline Costa,Empresa,Quarta,2026-08,35
62032,Público,Mapeamento via rede,2026-09-09,Pedro Cavalciuk,Instalação,Alta,Resolvido,NOROESTE VIDROS,ARNÓBIO,Empresa,Quarta,2026-09,37
61178,Público,Duvida referente a contato e numero de telefone em dados da obra ,2026-08-26,Pedro Cavalciuk,Dúvidas,Alta,Resolvido,INCOVIDROS,Isac Oliveira,Empresa,Quarta,2026-08,35
61425,Público,Atualização de  material MOF (ALUMICONTE),2026-08-28,Pedro Cavalciuk,Dúvidas,Alta,Resolvido,ALUMIVAR ESQUADRIAS,Francisco,Empresa,Sexta,2026-08,35
61413,Público,Agendamento de Atualização de software  (28-08-26),2026-08-28,Pedro Cavalciuk,Dúvidas,Alta,Resolvido,ALUMIVAR ESQUADRIAS,Francisco,Empresa,Sexta,2026-08,35
61101,Público,Offline message - TIAGO YURI,2026-08-25,Pedro Cavalciuk,Tickets Offline,Alta,Resolvido,ALUMINIOBR,TIAGO YURI,Empresa,Terça,2026-08,35
61689,Público,Lick automatico ,2026-09-02,Matheus Pulcinelli,Instalação,Alta,Resolvido,VIDRACARIA DOIS IRMÃOS,Valmir,Empresa,Quarta,2026-09,36
62033,Público,Instabilidade no EGCLOUD ,2026-09-09,Matheus Pulcinelli,Dúvidas,Alta,Resolvido,BRAG ESQUADRIAS DE ALUMINIO,Ruan,Empresa,Quarta,2026-09,37
61339,Público,Transferência de departamento - relatório ,2026-08-27,Matheus Pulcinelli,Transferência de Departamento,Alta,Resolvido,INSTALAR VIDROS (CARVALHO VIDROS(7150)),Carlos Eduardo de Souza Vieira,Empresa,Quinta,2026-08,35
62061,Público,Duvida referente ao nuvem cloud - remoteapp,2026-09-09,Matheus Pulcinelli,Dúvidas,Alta,Resolvido,IMPERIAL ESQUADRIAS DE ALUMINIO,Gabriel Sousa Fernandes,Empresa,Quarta,2026-09,37
62047,Público,Chat inativo,2026-09-09,Matheus Pulcinelli,Chat Inativo,Baixa,Resolvido,ESQUADRITEMPER,Luis  Simioni,Empresa,Quarta,2026-09,37
61622,Público,Chat inativo,2026-09-01,Matheus Pulcinelli,Chat Inativo,Baixa,Resolvido,ALUMITER(Cancelado),HELVECIA,Empresa,Terça,2026-09,36
61629,Público,Atalho do sistema em Rede,2026-09-01,Matheus Pulcinelli,Instalação,Alta,Resolvido,ALUMITER(Cancelado),HELVECIA,Empresa,Terça,2026-09,36
61223,Público,Envio de documento para construção de esquadrias ,2026-08-26,Matheus Pulcinelli,Dúvidas,Alta,Resolvido,ESQUADRA SERRALHERIA,Kleiton,Empresa,Quarta,2026-08,35
61606,Público,Resolvido com o TI da empresa + chat inativo,2026-09-01,Matheus Pulcinelli,Chat Inativo,Baixa,Resolvido,TEXA,Augusto,Empresa (Cliente VIP),Terça,2026-09,36
61994,Público,Chat inativo,2026-09-08,Matheus Pulcinelli,Chat Inativo,Baixa,Resolvido,VIVA COMUNICAÇÃO,Roberta,Empresa,Terça,2026-09,37
61928,Público,Duvida referente a orçamentos ,2026-09-04,Matheus Pulcinelli,Dúvidas,Alta,Resolvido,CRISTAL VIDROS CHAPADA,Sandra,Empresa,Sexta,2026-09,36
61800,Público,Duvida referente a integração com Factory ,2026-09-03,Matheus Pulcinelli,Dúvidas,Alta,Resolvido,ALUMINOW ESQUADRIAS,Stephanie,Empresa,Quinta,2026-09,36
61951,Público,Duvida referente ao croqui em proposta,2026-09-08,Matheus Pulcinelli,Dúvidas,Alta,Resolvido,LIDER ESCADAS DE ALUMINIO,Josymar Leal,Empresa,Terça,2026-09,37
62042,Público,Instabilidade no EGCLOUD ,2026-09-09,Matheus Pulcinelli,Dúvidas,Alta,Resolvido,REQUINTE ESQUADRIAS E VIDROS,Emerson,Empresa,Quarta,2026-09,37
62055,Público,Bloqueio do antivirus ,2026-09-09,Matheus Pulcinelli,Erros,Alta,Resolvido,HOUSE ESQUADRIAS EM ALUMINIO,Natalia,Empresa,Quarta,2026-09,37
62049,Público,Chat inativo,2026-09-09,Matheus Pulcinelli,Chat Inativo,Baixa,Resolvido,HOUSE ESQUADRIAS EM ALUMINIO,Natalia,Empresa,Quarta,2026-09,37
60799,Interno,Instalação - de troca de máquinas,2026-08-20,Matheus Pulcinelli,Instalação,Alta,Resolvido,TEXA,Lucas Zacharias,Empresa (Cliente VIP),Quinta,2026-08,34
60901,Interno,Instalação de base zerada ,2026-08-21,Matheus Pulcinelli,Instalação,Alta,Resolvido,INACIO ESQUADRIAS,Inácio Esquadrias de Alumínio Comercial,Empresa,Sexta,2026-08,34
61005,Público,Atalho do sistema para a área de trabalho ,2026-08-24,Matheus Pulcinelli,Instalação,Alta,Resolvido,INACIO ESQUADRIAS,Inácio Esquadrias de Alumínio Comercial,Empresa,Segunda,2026-08,35
61057,Público,Instalação ,2026-08-25,Matheus Pulcinelli,Instalação,Alta,Resolvido,BP GLASS,"Emteco Motores,BP GLASS » Produtos Emteco",Empresa,Terça,2026-08,35
60505,Interno,Agendamento de atualização,2026-08-18,Matheus Pulcinelli,Dúvidas,Alta,Resolvido,BP GLASS,A&E Brasil,Empresa,Terça,2026-08,34
60447,Público,Chat inativo,2026-08-18,Matheus Pulcinelli,Chat Inativo,Baixa,Resolvido,BP GLASS,Fernando Pegorini,Empresa,Terça,2026-08,34
60166,Público,Chat inativo,2026-08-13,Matheus Pulcinelli,Chat Inativo,Baixa,Resolvido,ALUTEC DF,Alutec Produção,Empresa,Quinta,2026-08,33
60327,Público,Duvida referente a emissão de relatorios ,2026-08-17,Matheus Pulcinelli,Dúvidas,Alta,Resolvido,KICHLER ESQUADRIAS,Lailla,Empresa,Segunda,2026-08,34
60950,Público,Duvida referente a existencia de tipologia ,2026-08-24,Matheus Pulcinelli,Dúvidas,Alta,Resolvido,VIDRACARIA E ALUMINIO SAO JUDAS,Vidraçaria São Judas,Empresa,Segunda,2026-08,35
60018,Interno,Solicitação de material mof ,2026-08-12,Matheus Pulcinelli,Dúvidas,Alta,Resolvido,CARVALHO & CARVALHO,Lucas,Empresa,Quarta,2026-08,33
60321,Público,Chat inativo,2026-08-17,Matheus Pulcinelli,Chat Inativo,Baixa,Resolvido,BP GLASS,Bruno,Empresa,Segunda,2026-08,34
60779,Público,Atualização de build ,2026-08-20,Matheus Pulcinelli,Atualização Versão e Build,Alta,Resolvido,EQAC SERVICOS,Eng. Cleidson Chausse,Não classificado,Quinta,2026-08,34
60476,Público,Personalização de relatório feita por suporte,2026-08-18,Matheus Pulcinelli,Dúvidas,Alta,Resolvido,VÃO FINO ESQUADRIAS DE ALUMINIO,Ariane,Empresa,Terça,2026-08,34
60567,Público,Chat inativo,2026-08-19,Matheus Pulcinelli,Chat Inativo,Baixa,Resolvido,METAL LAR,Carollyne Brogliato,Empresa,Quarta,2026-08,34
60032,Público,Duvida referente a desativar obra ,2026-08-12,Matheus Pulcinelli,Dúvidas,Alta,Resolvido,METAL LAR,Carollyne Brogliato,Empresa,Quarta,2026-08,33
60108,Público,Duvida referente a usar o cem no tablet ,2026-08-13,Matheus Pulcinelli,Dúvidas,Alta,Resolvido,ESQUADRIAS HIPER,Daniela Hiper Box,Empresa,Quinta,2026-08,33
60378,Público,Erro de registro ,2026-08-17,Matheus Pulcinelli,Erros,Alta,Resolvido,NELSON VIDROS,Nelsinho,Empresa,Segunda,2026-08,34
60219,Público,Atualização de material MOF ,2026-08-14,Matheus Pulcinelli,Dúvidas,Alta,Resolvido,NELSON VIDROS,Nelsinho,Empresa,Sexta,2026-08,33
60103,Público,Duvida referente a relatorios ,2026-08-13,Matheus Pulcinelli,Dúvidas,Alta,Resolvido,ESQUADRIAS DOM VALENTIN,Joao Rigo,Empresa,Quinta,2026-08,33
60122,Público,Chat inativo,2026-08-13,Matheus Pulcinelli,Chat Inativo,Baixa,Resolvido,ESQUADRIAS DOM VALENTIN,Joao Rigo,Empresa,Quinta,2026-08,33
60244,Público,Erro na configuração do tema do windows ao gerar proposta ,2026-08-14,Matheus Pulcinelli,Dúvidas,Alta,Resolvido,KOR ESQUADRIAS EM ALUMINIO LTDA,Ana Paula,Não classificado,Sexta,2026-08,33
60561,Público,Tranferencia de departamento - financeiro ,2026-08-19,Matheus Pulcinelli,Transferência de Departamento,Alta,Resolvido,PLENITUDE GLASS,Cleiton Kepler,Empresa,Quarta,2026-08,34
60974,Público,Duvida referente a relatorio gerado,2026-08-24,Matheus Pulcinelli,Dúvidas,Alta,Resolvido,DURANT FACHADAS E ESQUADRIAS,Marceli,Empresa,Segunda,2026-08,35
60319,Público,Chat inativo,2026-08-17,Matheus Pulcinelli,Chat Inativo,Baixa,Resolvido,J. R. M. ESQUADRIAS,j r m,Empresa,Segunda,2026-08,34
60251,Público,Bloqueio do antivirus ,2026-08-14,Matheus Pulcinelli,Erros,Alta,Resolvido,SELTA,Nathalia,Não classificado,Sexta,2026-08,33
60775,Público,Atualização de material MOF - Base,2026-08-20,Matheus Pulcinelli,Dúvidas,Alta,Resolvido,ESQUADRIPRO,EsquadriPro,Empresa,Quinta,2026-08,34
60280,Público,Chat inativo,2026-08-14,Matheus Pulcinelli,Chat Inativo,Baixa,Resolvido,RD FABRICACOES,Sá - RD,Empresa,Sexta,2026-08,33
61010,Público,Implantação sem treinamento -  PASCHOAL GLASS LTDA (12982),2026-08-24,Matheus Pulcinelli,Implantação,Alta,Resolvido,Alumisoft Sistemas,Implantacao,Empresa,Segunda,2026-08,35
60899,Público,Implantação + treinamento -  EMTECO MOTORES (13613),2026-08-21,Matheus Pulcinelli,Implantação,Alta,Resolvido,Alumisoft Sistemas,Implantacao,Empresa,Sexta,2026-08,34
60783,Público,Duvida referente ao EGCLOUD,2026-08-20,Matheus Pulcinelli,Dúvidas,Alta,Resolvido,DELLO ESQUADRIAS DE ALUMINIO,João Carvalho,Empresa,Quinta,2026-08,34
60821,Público,Implantação sem treinamento -  INACIO ESQUADRIAS (12928),2026-08-20,Matheus Pulcinelli,Implantação,Alta,Resolvido,Alumisoft Sistemas,Implantacao,Empresa,Quinta,2026-08,34
60221,Público,Transferência de departamento - relatório,2026-08-14,Matheus Pulcinelli,Transferência de Departamento,Alta,Resolvido,PLENITUDE GLASS,Mariano Moraes - Depto Técnico RBG Soluções em Vidro e Alumínio,Empresa,Sexta,2026-08,33
60121,Público,Chat inativo,2026-08-13,Matheus Pulcinelli,Chat Inativo,Baixa,Resolvido,SMART METAL,LUIZ QUADROS,Empresa,Quinta,2026-08,33
61013,Público,Duvida referente a configurações de isopletas ,2026-08-24,Matheus Pulcinelli,Dúvidas,Alta,Resolvido,ESTILO ENGENHARIA DO ALUMINIO,jacyr freitas,Não classificado,Segunda,2026-08,35
60614,Público,Erro de calculo ,2026-08-19,Matheus Pulcinelli,Dúvidas,Alta,Resolvido,RD FABRICACOES,Gabrielle,Empresa,Quarta,2026-08,34
60676,Público,Transferência de departamento - relatório ,2026-08-20,Matheus Pulcinelli,Transferência de Departamento,Alta,Resolvido,ALUTOP,jean melo,Empresa,Quinta,2026-08,34
60437,Público,Envio de tutorial para troca de máquina,2026-08-18,Matheus Pulcinelli,Dúvidas,Alta,Resolvido,LITORAL INDUSTRIA E COMERCIO DE ALUMINIOS E VIDROS,Renato Tietz,Empresa (Onboarding),Terça,2026-08,34
60667,Público,Dúvida sobre cadastro de  vidros,2026-08-20,Ana Clara,Dúvidas,Alta,Resolvido,IDEAL ESQUADRIAS DE ALUMINIO,IDEAL ESQUADRIAS,Empresa,Quinta,2026-08,34
60596,Público,Atualização de versão 0723 + atualização de material Base,2026-08-19,Ana Clara,Dúvidas,Alta,Resolvido,QUATTUOR ENGENHARIA E SOLUCOES (ANTIGO 9436),Taís,Não classificado,Quarta,2026-08,34
60948,Público,Implantação + treinamento -  STYLLU'S MARMORES E VIDROS  (13840),2026-08-24,Ana Clara,Implantação,Alta,Resolvido,Alumisoft Sistemas,Implantacao,Empresa,Segunda,2026-08,35
60778,Público,Atualização de Versão CEM ,2026-08-20,Ana Clara,Atualização Versão e Build,Alta,Resolvido,ESQUADRITEMPER,Marcos,Empresa,Quinta,2026-08,34
60794,Público,Chat Inativo,2026-08-20,Ana Clara,Chat Inativo,Baixa,Resolvido,MONTALUMI ESQUADRIAS,Montalumi - Orçamentos,Empresa,Quinta,2026-08,34
61078,Público,Chat Inativo,2026-08-25,Ana Clara,Chat Inativo,Baixa,Resolvido,CENTRO NORTE ESQUADRIAS,Jadson Martins,Empresa,Terça,2026-08,35
60968,Público,Dúvida sobre cadastro de código de componentes + pedido de relatório personalizado,2026-08-24,Ana Clara,Dúvidas,Baixa,Resolvido,ELOGLASS,Eloglass - COMERCIAL,Empresa,Segunda,2026-08,35
60946,Público,Dúvida sobre precificação de componentes,2026-08-24,Ana Clara,Dúvidas,Alta,Resolvido,GRUPO VAX (Antiga 6687),João,Empresa,Segunda,2026-08,35
60800,Público,Problemas de conexão de acesso remoto ao CEM,2026-08-20,Ana Clara,Erros,Alta,Resolvido,CONCEPT ALUMINIUM,Vini L.,Empresa,Quinta,2026-08,34
60894,Público,Dúvida sobre emissão de relatório de contramarco + chat inativo,2026-08-21,Ana Clara,Dúvidas,Alta,Resolvido,ARQ VIDROS,Leandro,Empresa,Sexta,2026-08,34
60936,Público,Dúvida sobre filtro de obras,2026-08-24,Ana Clara,Dúvidas,Alta,Resolvido,CASA LEO,Davi Medeiros,Empresa,Segunda,2026-08,35
61300,Público,Dúvida sobre exportação de obra Faktory,2026-08-27,Ana Clara,Dúvidas,Alta,Resolvido,UP ESQUADRIAS EIRELI,Vinicius - Up Esquadrias,Empresa,Quinta,2026-08,35
61187,Público,Transferência de departamento,2026-08-26,Ana Clara,Transferência de Departamento,Baixa,Resolvido,CASA NOVA FACHADAS E ESQUADRIAS,,Empresa,Quarta,2026-08,35
61808,Público,Chat Inativo,2026-09-03,Ana Clara,Chat Inativo,Baixa,Resolvido,CASA NOVA FACHADAS E ESQUADRIAS,,Empresa,Quinta,2026-09,36
61224,Público,Atualização de Versão CEM ,2026-08-26,Ana Clara,Atualização Versão e Build,Alta,Resolvido,BOX ESTRELA,Helison Rosa,Empresa,Quarta,2026-08,35
61505,Público,Dúvida referente a modificação no XYZ,2026-08-31,Ana Clara,Dúvidas,Alta,Resolvido,FORTGLASS SOLUCOES EM VIDROS E ESQUADRIAS (ANTIGA 9445),Cláudio José,Atendimento CEM EXCLUSIVE,Segunda,2026-08,36
61421,Público,Dúvida sobre acesso ao EGCloud,2026-08-28,Ana Clara,Dúvidas,Alta,Resolvido,CENTER VIDROS,Jamille Bahia C.V,Empresa,Sexta,2026-08,35
61188,Público,Erro de conexão com o servidor + chat inativo,2026-08-26,Ana Clara,Erros,Alta,Resolvido,ALUTEC DF,Thais Serpa -,Empresa,Quarta,2026-08,35
61884,Público,Chat Inativo,2026-09-04,Ana Clara,Chat Inativo,Baixa,Resolvido,ALUVIN,Julio Cesar Gomes,Empresa,Sexta,2026-09,36
61709,Público,Dúvida sobre cadastro de acabamentos,2026-09-02,Ana Clara,Dúvidas,Alta,Resolvido,ALUMINIA PVC (ANTIGO 867),JÉFFERSON,Empresa,Quarta,2026-09,36
61295,Público,Chat Inativo,2026-08-27,Ana Clara,Chat Inativo,Baixa,Resolvido,INSTALAR VIDROS (CARVALHO VIDROS(7150)),Carlos Eduardo de Souza Vieira,Empresa,Quinta,2026-08,35
61964,Público,Dúvida sobre como acessar o EGCLOUD,2026-09-08,Ana Clara,Nuvem Cloud,Alta,Resolvido,ALOX ALUMINIUM,GRAZIELE,Empresa,Terça,2026-09,37
61326,Público,Atualização de Material MOF,2026-08-27,Ana Clara,Dúvidas,Alta,Resolvido,CORREIA INDUSTRIA E COMERCIO DE ESQUADRIAS,Daniel,Empresa,Quinta,2026-08,35
61574,Público,Offline message,2026-09-01,Davi Barros,Tickets Offline,Média,Resolvido,ALL-GLASS ALUMINIOS E VIDROS,Junior,Empresa,Terça,2026-09,36
61568,Público,Offline message - Raphael Alves,2026-08-31,Davi Barros,Tickets Offline,Baixa,Resolvido,ALUTEK ALUMINIO,Raphael Alves,Empresa,Segunda,2026-08,36
61572,Público,Offline message,2026-09-01,Davi Barros,Tickets Offline,Média,Resolvido,AXIWIL,Nicole Ferreira - Corpora,Empresa,Terça,2026-09,36
61511,Público,CEM MOBI - Implantação - ESQUADPRIME ESQUADRIAS PERSONALIZADAS (13849),2026-08-31,Davi Barros,Transferência de Departamento,Alta,Resolvido,Alumisoft Sistemas,Implantacao,Empresa,Segunda,2026-08,36
61520,Público,CEM MOBI - Implantação - ESQUADRIJAMPA  (13833),2026-08-31,Davi Barros,Transferência de Departamento,Média,Resolvido,Alumisoft Sistemas,Implantacao,Empresa,Segunda,2026-08,36
61625,Público,CEM MOBI - Implantação - 62.704.807 VITOR GONCALVES BRESSAN (13848),2026-09-01,Davi Barros,Transferência de Departamento,Média,Resolvido,Alumisoft Sistemas,Implantacao,Empresa,Terça,2026-09,36
61777,Público,CEM MOBI - Implantação - BWC ARQUITETURA - 43.766.905/0001-80 (13832),2026-09-03,Davi Barros,Transferência de Departamento,Alta,Resolvido,Alumisoft Sistemas,Implantacao,Empresa,Quinta,2026-09,36
61993,Público,Ajuste na licença,2026-09-08,Davi Barros,Erros,Média,Resolvido,METRU ESQUADRIAS EM ALUMINIO E VIDROS,Vivian Nunes,Empresa,Terça,2026-09,37
61213,Público,Transferência de departamento Comercial,2026-08-26,Diogo Rodrigues,Transferência de Departamento,Alta,Resolvido,RD FABRICACOES,Daviler,Empresa,Quarta,2026-08,35
61963,Público,Atalho em rede + criação de usuário ,2026-09-08,Gabriel Campos,Instalação,Alta,Resolvido,METRU ESQUADRIAS EM ALUMINIO E VIDROS,Vivian Nunes,Empresa,Terça,2026-09,37
61983,Público,Chat inativo,2026-09-08,Gabriel Campos,Chat Inativo,Baixa,Resolvido,METRU ESQUADRIAS EM ALUMINIO E VIDROS,Vivian Nunes,Empresa,Terça,2026-09,37
61502,Público,Chat inativo,2026-08-31,Gabriel Campos,Chat Inativo,Baixa,Resolvido,PRISCILA MENDES MORAIS,Priscila,Empresa,Segunda,2026-08,36
61515,Público,Dúvida referente a existência de material MOF,2026-08-31,Gabriel Campos,Dúvidas,Alta,Resolvido,PRISCILA MENDES MORAIS,Priscila,Empresa,Segunda,2026-08,36
61970,Público,Dúvida referente a entrega de tipologia ,2026-09-08,Gabriel Campos,Dúvidas,Alta,Resolvido,FUTURAL ALUMINIO,Sistema Cem,Empresa,Terça,2026-09,37
61682,Público,Dúvida referente a perfis especiais + tabela orientativa ,2026-09-02,Gabriel Campos,Dúvidas,Alta,Resolvido,CDE INDUSTRIA DE VIDROS,COMPRAS CDE,Empresa,Quarta,2026-09,36
61286,Público,Dúvida referente a codificação de obra ,2026-08-27,Gabriel Campos,Dúvidas,Alta,Resolvido,CDE INDUSTRIA DE VIDROS,COMPRAS CDE,Empresa,Quinta,2026-08,35
61096,Público,Chat inativo,2026-08-25,Gabriel Campos,Chat Inativo,Baixa,Resolvido,CDE INDUSTRIA DE VIDROS,COMPRAS CDE,Empresa,Terça,2026-08,35
61627,Público,Mapeamento em rede,2026-09-01,Gabriel Campos,Instalação,Alta,Resolvido,AMAZON TEMPER,Eduardo Araujo| Amazon Me,Não classificado,Terça,2026-09,36
61605,Público,Dúvida referente a trocar descrição ,2026-09-01,Gabriel Campos,Dúvidas,Alta,Resolvido,AMAZON TEMPER,Dpto Técnico - MS Esquadrias,Não classificado,Terça,2026-09,36
61686,Público,Transferência de departamento - Faktory,2026-09-02,Gabriel Campos,Transferência de Departamento,Alta,Resolvido,ALUMISHOW,LUCAS,Empresa,Quarta,2026-09,36
61389,Público,Personalização de relatórios (Produtos),2026-08-28,Gabriel Campos,Dúvidas,Alta,Resolvido,VM ESQUADRIAS EM ALUMINIO,Arquiteta Thais Alves | VM Esquadrias,Empresa,Sexta,2026-08,35
61341,Público,Dúvida referente a ajuste em croquis no relatório ,2026-08-27,Gabriel Campos,Dúvidas,Alta,Resolvido,VM ESQUADRIAS EM ALUMINIO,Arquiteta Thais Alves | VM Esquadrias,Empresa,Quinta,2026-08,35
61666,Público,Dúvida referente a emitir relatório (LOG),2026-09-01,Gabriel Campos,Dúvidas,Alta,Resolvido,ESQUADRIUM - ESQUADRIAS E VIDROS,Junior,Empresa,Terça,2026-09,36
61738,Público,Dúvida referente a gerar romaneio de componentes (Aplicabilidades),2026-09-02,Gabriel Campos,Dúvidas,Alta,Resolvido,ESQUADRIUM - ESQUADRIAS E VIDROS,Junior,Empresa,Quarta,2026-09,36
61887,Público,Dúvida referente a aplicar tabela de preço,2026-09-04,Gabriel Campos,Dúvidas,Alta,Resolvido,RD FABRICACOES,Sá - RD,Empresa,Sexta,2026-09,36
61098,Público,Chat inativo,2026-08-25,Gabriel Campos,Chat Inativo,Baixa,Resolvido,CIA DO VIDRO,Mickael,Empresa,Terça,2026-08,35
61395,Público,Dúvida referente a acessar EGCLOUD,2026-08-28,Gabriel Campos,Dúvidas,Alta,Resolvido,BAHIA SHOPPING DAS ESQUADRIAS,Emerson Carmo,Não classificado,Sexta,2026-08,35
61576,Público,Atualização de versão 0723,2026-09-01,Gabriel Campos,Atualização Versão e Build,Alta,Resolvido,AXIWIL,Nicole Ferreira - Corpora,Empresa,Terça,2026-09,36
61429,Público,Edição de variável na tipologia,2026-08-28,Gabriel Campos,Dúvidas,Alta,Resolvido,ALUMFER ALUMINIOS E FERRAGENS,Neilton Alumfer,Empresa,Sexta,2026-08,35
61591,Público,Personalização de relatórios (Suporte),2026-09-01,Gabriel Campos,Dúvidas,Alta,Resolvido,VM ESQUADRIAS EM ALUMINIO,Marcos Vinícius,Empresa,Terça,2026-09,36
61121,Público,Atualização de materiais MOF + atualização de versão ,2026-08-25,Gabriel Campos,Dúvidas,Alta,Resolvido,ALUC,Alex,Empresa,Terça,2026-08,35
61208,Público,Dúvida referente a cadastro de cor + vidro ,2026-08-26,Gabriel Campos,Dúvidas,Alta,Resolvido,ALUMINOW ESQUADRIAS,Alexandre,Empresa,Quarta,2026-08,35
61436,Público,Lentidão no sistema ,2026-08-28,Gabriel Campos,Erros,Alta,Resolvido,CONCEPT ALUMINIUM,Danilo Dantas,Empresa,Sexta,2026-08,35
61327,Público,Dúvida referente a cadastro de perfil (Barras Especiais),2026-08-27,Gabriel Campos,Dúvidas,Alta,Resolvido,EXCLUSIVA ESQUADRIAS (ANTIGO 10371),Exclusiva Esquadrias,Empresa,Quinta,2026-08,35
61297,Público,Dúvida referente a edição de condições de verificação ,2026-08-27,Gabriel Campos,Dúvidas,Alta,Resolvido,EXCLUSIVA ESQUADRIAS (ANTIGO 10371),Exclusiva Esquadrias,Empresa,Quinta,2026-08,35
61275,Público,Dúvida referente a integração com AutoCAD + chat inativo,2026-08-27,Gabriel Campos,Chat Inativo,Baixa,Resolvido,ESSENCIAL LA ESQUADRIAS,Departamento De Projetos Essencial,Empresa,Quinta,2026-08,35
61334,Público,Erro de Firebird (Reiniciar Firebird),2026-08-27,Gabriel Campos,Erros,Alta,Resolvido,SUPER VETRO - QUALIDADE SUPERIOR EM VIDROS,Samuel Thomas,Empresa,Quinta,2026-08,35
61754,Público,Dúvida referente a gerar proposta (Caderno de obra - Obra em Prod.),2026-09-02,Gabriel Campos,Dúvidas,Alta,Resolvido,EASB (ALFRAME),Rodrigo,Empresa,Quarta,2026-09,36
61332,Público,Reinstalação de sistema + mapeamento em rede,2026-08-27,Gabriel Campos,Instalação,Alta,Resolvido,VIDRAÇARIA BOM PASTOR,Kelly Christina Bueno de Souza,Empresa,Quinta,2026-08,35
61537,Público,Dúvida referente a emitir relatório ,2026-08-31,Gabriel Campos,Dúvidas,Alta,Resolvido,JJP EIRELI (ANTIGO 649),Edimar,Empresa,Segunda,2026-08,36
61153,Público,Transferência de departamento - Relatório ,2026-08-26,Gabriel Campos,Transferência de Departamento,Alta,Resolvido,ORCA ALUMINIO,Tiago Olivo,Empresa,Quarta,2026-08,35
61955,Público,Transferência de departamento - Relatório ,2026-09-08,Gabriel Campos,Transferência de Departamento,Alta,Resolvido,SMART METAL,Smart Metal Esquadrias,Empresa,Terça,2026-09,37
61545,Público,Dúvida referente a cadastro de superfícies ,2026-08-31,Gabriel Campos,Dúvidas,Alta,Resolvido,ESQUALYVALE ALUMINIO,Kellen Maciel,Empresa,Segunda,2026-08,36
61117,Público,Erro de conexão com a internet ,2026-08-25,Gabriel Campos,Erros,Alta,Resolvido,DIALC,Bruno,Empresa,Terça,2026-08,35
61875,Público,Dúvida referente a cadastro de logotipo,2026-09-04,Gabriel Campos,Dúvidas,Alta,Resolvido,BWX ESQUADRIAS,Bruna,Empresa,Sexta,2026-09,36
61821,Público,Atualização de versão 0723 + Base Orçamento + agendamento de atendimento ao cliente ,2026-09-03,Gabriel Campos,Atualização Versão e Build,Alta,Resolvido,ESQUADRIAS HIPER,Daniela Hiper Box,Empresa,Quinta,2026-09,36
61901,Público,Dúvida referente a editar proposta ,2026-09-04,Gabriel Campos,Dúvidas,Alta,Resolvido,VIDRAÇARIA BOM PASTOR,Vidraçaria Bom Pastor,Empresa,Sexta,2026-09,36
61667,Público,Atualização de versão 0723,2026-09-01,Gabriel Campos,Atualização Versão e Build,Alta,Resolvido,D&A VIDROS,Douglas Antunes ????????,Empresa,Terça,2026-09,36
61166,Público,Dúvida referente a cadastro de perfis (Classe ID),2026-08-26,Gabriel Campos,Dúvidas,Alta,Resolvido,MARCO TOFFOLI,Maria Eduarda,Empresa,Quarta,2026-08,35
61365,Público,Atualização de versão 0723 + atualização de material Base,2026-08-28,Gabriel Campos,Dúvidas,Alta,Resolvido,ART ESQUADRIAS,Thiago,Não classificado,Sexta,2026-08,35
61859,Público,Dúvida referente a acrescentar perfil na tipologia  ,2026-09-04,Gabriel Campos,Dúvidas,Alta,Resolvido,ART ESQUADRIAS,Thiago,Não classificado,Sexta,2026-09,36
61787,Público,Dúvida referente a criação de projetos ,2026-09-03,Gabriel Campos,Dúvidas,Alta,Resolvido,ART ESQUADRIAS,Thiago,Não classificado,Quinta,2026-09,36
61930,Público,Dúvida referente a calculo pelo painel de venda ,2026-09-04,Gabriel Campos,Dúvidas,Alta,Resolvido,CLEMENTE ACM &amp  DESIGN,Dyool,Empresa,Sexta,2026-09,36
61284,Público,Mapeamento em rede,2026-08-27,Gabriel Campos,Instalação,Alta,Resolvido,MARCEL DE ASSIS ALEIXO CHAVES,Thamirys,Empresa,Quinta,2026-08,35
61306,Público,Lentidão no sistema ,2026-08-27,Gabriel Campos,Erros,Alta,Resolvido,CONCEPT ALUMINIUM,Vini L.,Empresa,Quinta,2026-08,35
61949,Público,Atualização de versão 0723,2026-09-08,Gabriel Campos,Atualização Versão e Build,Alta,Resolvido,PENHA VIDROS,Matheus Costa,Empresa,Terça,2026-09,37
61975,Público,Chat inativo,2026-09-08,Gabriel Campos,Chat Inativo,Baixa,Resolvido,PENHA VIDROS,Matheus Costa,Empresa,Terça,2026-09,37
61216,Público,Atualização de versão 0723,2026-08-26,Gabriel Campos,Atualização Versão e Build,Alta,Resolvido,KADESC,Maurício Machado,Empresa,Quarta,2026-08,35
61761,Público,Mapeamento em rede,2026-09-02,Gabriel Campos,Instalação,Alta,Resolvido,ROYAL,Elizabete,Empresa,Quarta,2026-09,36
61671,Público,Agendamento de atendimento ao cliente ,2026-09-01,Gabriel Campos,Dúvidas,Alta,Resolvido,DELLO ESQUADRIAS DE ALUMINIO,ALUMINORTE » Wilker A  Gomes,Empresa,Terça,2026-09,36
61856,Público,Atualização de versão 0723,2026-09-04,Gabriel Campos,Atualização Versão e Build,Alta,Resolvido,EURONOBRE ESQUADRIAS (ANTIGO AMAURY ALVES 7655),Amaury,Empresa,Sexta,2026-09,36
61581,Público,Envio de modelos de relatórios + chat inativo ,2026-09-01,Gabriel Campos,Chat Inativo,Baixa,Resolvido,VIDRAZIL,Lucas Avila,Empresa,Terça,2026-09,36
61872,Público,Ativação de estoque técnico ,2026-09-04,Gabriel Campos,Dúvidas,Alta,Resolvido,PERFIL,Hernan Dario Chalarca Toro,Empresa,Sexta,2026-09,36
61660,Público,Dúvida referente a cadastrar componente,2026-09-01,Gabriel Campos,Dúvidas,Alta,Resolvido,BRUBOX ALUMINIO E VIDRO (ANTIGO 896),Bruno Munhoz Soares,Empresa,Terça,2026-09,36
61724,Público,Chat inativo,2026-09-02,Gabriel Campos,Chat Inativo,Baixa,Resolvido,ESQUADRIFOUR ESQUADRIAS,Vinicius Dubiella,Empresa,Quarta,2026-09,36
61174,Público,Solicitação de material MOF (Alpa) ,2026-08-26,Gabriel Campos,Dúvidas,Alta,Resolvido,ESQUADRIART ESQUADRIAS (ANTIGO 12906),Rafael Gurgel,Não classificado,Quarta,2026-08,35
61894,Público,Dúvida referente a fazer backup do sistema ,2026-09-04,Gabriel Campos,Dúvidas,Alta,Resolvido,OGB ESQUADRIAS,Vinicius Clemente,Empresa,Sexta,2026-09,36
61826,Público,Dúvida referente a níveis de acesso ,2026-09-03,Gabriel Campos,Dúvidas,Alta,Resolvido,ARTEFAL (ANTIGO 8861),Ewerton,Empresa,Quinta,2026-09,36
61889,Público,Agendamento de atendimento ao cliente ,2026-09-04,Gabriel Campos,Dúvidas,Alta,Resolvido,ALUMIPRATA (ANTIGO 705),ADRIELE MARTINS,Empresa,Sexta,2026-09,36
61658,Público,Lentidão no sistema ,2026-09-01,Gabriel Campos,Erros,Alta,Resolvido,OLIVAZ ESQUADRIAS,Lucas,Empresa,Terça,2026-09,36
61222,Público,Dúvida referente a cadastrar vidro ,2026-08-26,Gabriel Campos,Dúvidas,Alta,Resolvido,SANTOS NEVES,Santos Neves Esquadrias,Empresa,Quarta,2026-08,35
61313,Público,Erro de conexão com a internet + chat inativo ,2026-08-27,Gabriel Campos,Erros,Alta,Resolvido,RAJAS,Julia Sofia,Empresa,Quinta,2026-08,35
61650,Público,Dúvida referente a perfis especiais ,2026-09-01,Gabriel Campos,Dúvidas,Alta,Resolvido,ESQUADRINEX (Antiga 944),Amanda,Empresa,Terça,2026-09,36
61637,Público,Dúvida referente a emitir relatório personalizado + chat inativo ,2026-09-01,Gabriel Campos,Dúvidas,Alta,Resolvido,DECOR ESQUADRIAS,Fernando,Empresa,Terça,2026-09,36
61123,Público,Chat inativo,2026-08-25,Gabriel Campos,Chat Inativo,Baixa,Resolvido,RAPIDAO VIDROS (ANTIGO 7255),José Cláudio,Empresa,Terça,2026-08,35
61514,Público,Atualização de versão 0723,2026-08-31,Gabriel Campos,Atualização Versão e Build,Alta,Resolvido,PACHELE,Luis,Empresa,Segunda,2026-08,36
61489,Público,Dúvida referente a atualização de sistema ,2026-08-31,Gabriel Campos,Dúvidas,Alta,Resolvido,PACHELE,Luis,Empresa,Segunda,2026-08,36
61822,Público,Personalização de relatorio,2026-09-03,Giovana de Miranda,Dúvidas,Alta,Resolvido,UNIKA VIDROS E ALUMINIO,Edmar Carvalho,Empresa,Quinta,2026-09,36
61705,Público,Personalização de relatorio + chat inativo,2026-09-02,Giovana de Miranda,Dúvidas,Alta,Resolvido,DECOR ESQUADRIAS,Fernando,Empresa,Quarta,2026-09,36
62076,Público,Dúvida referente á troca de logotipo + chat inativo,2026-09-09,Giovana de Miranda,Dúvidas,Alta,Resolvido,PROJECOM ESQUADRIAS,Giullianne,Empresa,Quarta,2026-09,37
62081,Público,Personalização de relatorio,2026-09-09,Giovana de Miranda,Dúvidas,Alta,Resolvido,ALLURE  ESQUADRIAS,ANGELA MARIA PESSUTTI,Empresa,Quarta,2026-09,37
61594,Público,Dúvida referente a calculo gerado em itens da obra + chat inativo,2026-09-01,Giovana de Miranda,Dúvidas,Alta,Resolvido,ALUF,ALUF SERRALHERIA- ORÇAMENTOS,Empresa,Terça,2026-09,36
61980,Público,Chat inativo,2026-09-08,Giovana de Miranda,Chat Inativo,Baixa,Resolvido,ALUF,ALUF SERRALHERIA- ORÇAMENTOS,Empresa,Terça,2026-09,37
62046,Público,Queda de servidor,2026-09-09,Giovana de Miranda,Nuvem Cloud,Alta,Resolvido,EXALUM ALUMINIO,IVO GONÇALVES,Empresa,Quarta,2026-09,37
62056,Público,Dúvida referente à erro de calculo de itens,2026-09-09,Giovana de Miranda,Dúvidas,Alta,Resolvido,ALUMIPRATA (ANTIGO 705),ADRIELE MARTINS,Empresa,Quarta,2026-09,37
62014,Público,Atalho do sistema em rede,2026-09-09,Giovana de Miranda,Instalação,Alta,Resolvido,VIDRACARIA SANTOS,samuel barbosa,Empresa,Quarta,2026-09,37
61563,Público,Dúvida referente a listagem de itens no relatorio,2026-08-31,Giovana de Miranda,Dúvidas,Alta,Resolvido,ARTEFAL (ANTIGO 8861),Ewerton,Empresa,Segunda,2026-08,36
61546,Público,Transferencia de departamento - relatórios personalizados,2026-08-31,Giovana de Miranda,Transferência de Departamento,Alta,Resolvido,ARTEFAL (ANTIGO 8861),Ewerton,Empresa,Segunda,2026-08,36
61116,Público,Chat inativo,2026-08-25,Giovana de Miranda,Chat Inativo,Baixa,Resolvido,VIDROBOX,Leo Loberto,Empresa,Terça,2026-08,35
61119,Público,Atualização de material ALCOR,2026-08-25,Giovana de Miranda,Dúvidas,Alta,Resolvido,VIDROBOX,Leo Loberto,Empresa,Terça,2026-08,35
61249,Público,Dúvida recente á importar obra,2026-08-27,Giovana de Miranda,Dúvidas,Alta,Resolvido,JJP EIRELI (ANTIGO 649),Edimar,Empresa,Quinta,2026-08,35
62062,Público,Acesso via HTML 5,2026-09-09,Giovana de Miranda,Nuvem Cloud,Alta,Resolvido,ESQUADRIFOUR ESQUADRIAS,Vinicius Dubiella,Empresa,Quarta,2026-09,37
61784,Público,Personalização de relatorio,2026-09-03,Giovana de Miranda,Dúvidas,Alta,Resolvido,ESQUADRIFOUR ESQUADRIAS,Vinicius Dubiella,Empresa,Quinta,2026-09,36
61913,Público,Atualização de buil da 0618 para 0723 + atualização de material ALUPRIME,2026-09-04,Giovana de Miranda,Atualização Versão e Build,Alta,Resolvido,TAJ VIDROS,Tatiana Pavan,Empresa,Sexta,2026-09,36
62072,Público,Dúvida referente a erro de calculo de itens + solicitação de liberação de material MOF,2026-09-09,Giovana de Miranda,Dúvidas,Alta,Resolvido,BRUBOX ALUMINIO E VIDRO (ANTIGO 896),Bruno Munhoz Soares,Empresa,Quarta,2026-09,37
61687,Público,Atalho do sistema em rede,2026-09-02,Giovana de Miranda,Instalação,Alta,Resolvido,ROYAL,Elizabete,Empresa,Quarta,2026-09,36
61852,Público,Mensagem offline,2026-09-04,Giovana de Miranda,Tickets Offline,Média,Resolvido,EURONOBRE ESQUADRIAS (ANTIGO AMAURY ALVES 7655),Amaury,Empresa,Sexta,2026-09,36
61773,Público,Configuração de servidor + atalho em rede,2026-09-03,Giovana de Miranda,Instalação,Alta,Resolvido,ROYAL,Elizabete,Empresa,Quinta,2026-09,36
61809,Público,Transferencia de departamento - relatórios personalizados + chat inativo,2026-09-03,Giovana de Miranda,Transferência de Departamento,Alta,Resolvido,RJ ESQUADRIAS,RJ ESQUADRIAS - FINANCEIRO,Empresa,Quinta,2026-09,36
61565,Público,Dúvida referente a manutenção de itens,2026-08-31,Giovana de Miranda,Dúvidas,Alta,Resolvido,METASUL ESQUADRIAS DE ALUMINIO,DINIS,Empresa,Segunda,2026-08,36
61088,Público,Atualização de material FORGATTI + chat inativo,2026-08-25,Giovana de Miranda,Dúvidas,Alta,Resolvido,SAVIV INCORPORADORA,Anderson,Empresa,Terça,2026-08,35
61780,Público,Dúvida referente à criação de variáveis na tipologia,2026-09-03,Giovana de Miranda,Dúvidas,Alta,Resolvido,ALUMITEK ESQUADRIAS,Larisse,Empresa,Quinta,2026-09,36
61806,Público,Auto resolução,2026-09-03,Giovana de Miranda,Chat Inativo,Baixa,Resolvido,CONCEPT ALUMINIUM,Vini L.,Empresa,Quinta,2026-09,36
61160,Público,Reiniciar maquina,2026-08-26,Giovana de Miranda,Instalação,Alta,Resolvido,L2 ASSESSORIA TECNICA,luciane de almeida leote,Não classificado,Quarta,2026-08,35
61876,Público,Atualização de build da 0322 para 0723,2026-09-04,Giovana de Miranda,Atualização Versão e Build,Alta,Resolvido,ALCONT ALUMÍNIO,Pedro,Empresa,Sexta,2026-09,36
61544,Público,Transferencia de departamento - relatórios personalizados,2026-08-31,Giovana de Miranda,Transferência de Departamento,Alta,Resolvido,SOLUTION SOLUCOES EM ESQUADRIAS DE ALUMINIO,Nikoly Portela,Empresa,Segunda,2026-08,36
61851,Público,Offline message,2026-09-04,Giovana de Miranda,Tickets Offline,Média,Resolvido,ESQUADRIUM - ESQUADRIAS E VIDROS,Robson Oliveira,Empresa,Sexta,2026-09,36
61849,Público,Mensagem offline,2026-09-03,Giovana de Miranda,Tickets Offline,Média,Resolvido,CENTER VIDROS,Gabriel,Empresa,Quinta,2026-09,36
61670,Público,Salvar arquivos no servidor,2026-09-01,Giovana de Miranda,Nuvem Cloud,Alta,Resolvido,A.F.P CONSTRUTORA E ESQUADRIAS,Gabriella Ponte (Usuário MAC),Não classificado,Terça,2026-09,36
62005,Público,Dúvida referente à calculo de itens descontinuados,2026-09-08,Giovana de Miranda,Dúvidas,Alta,Resolvido,URBAN ESQUADRIAS,Luccas Zanetti,Empresa,Terça,2026-09,37
61599,Público,Atualização de build da 0213 para 0723,2026-09-01,Giovana de Miranda,Atualização Versão e Build,Alta,Resolvido,Dyan Esquadrias de Alumínio Ltda,Henrique Caravanti,Empresa,Terça,2026-09,36
61926,Público,Dúvida referente a painel de venda no orçamento,2026-09-04,Giovana de Miranda,Dúvidas,Alta,Resolvido,LOUGUESS,Paulo Henrique Breda Conceição,Empresa,Sexta,2026-09,36
61135,Público,Atalho do sistema em rede,2026-08-25,Giovana de Miranda,Instalação,Alta,Resolvido,BP GLASS,Vidro X,Empresa,Terça,2026-08,35
61175,Público,Atualização de material BASE Custom,2026-08-26,Giovana de Miranda,Dúvidas,Alta,Resolvido,PAI & FILHO ESQUADRIAS DE ALUMINIO,Karoline Administrativo Pai e filho,Empresa,Quarta,2026-08,35
61948,Público,Dúvida referente em ajuste em usuários + chat inativo,2026-09-08,Giovana de Miranda,Dúvidas,Alta,Resolvido,VIDROBOX,J.Messias - TI,Empresa,Terça,2026-09,37
61157,Público,Iniciar Firebird,2026-08-26,Giovana de Miranda,Instalação,Alta,Resolvido,MALTA INDUSTRIA DE ESQUADRIAS (antiga Perfil),Erika,Empresa,Quarta,2026-08,35
61962,Público,Auto resolução,2026-09-08,Giovana de Miranda,Chat Inativo,Baixa,Resolvido,MINIMALIST ESQUADRIAS,Kayury Freitas,Empresa,Terça,2026-09,37
61798,Público,Dúvida referente à mudar endereço + chat inativo,2026-09-03,Giovana de Miranda,Dúvidas,Alta,Resolvido,ESQUADRIAS VITAL,Deivid lorran - Vital Esquadrias,Não classificado,Quinta,2026-09,36
61841,Público,Atalho do sistema em rede,2026-09-03,Giovana de Miranda,Instalação,Alta,Resolvido,VIDRO SERVICE,"Vidro  Service  """"Priscila""""",Empresa,Quinta,2026-09,36
61890,Público,Dúvida referente à calculo de item gerado na obra,2026-09-04,Giovana de Miranda,Dúvidas,Alta,Resolvido,SMART METAL,Smart Metal Esquadrias,Empresa,Sexta,2026-09,36
61169,Público,Chat inativo,2026-08-26,Giovana de Miranda,Chat Inativo,Baixa,Resolvido,VERC ESQUADRIAS,Anderson Andrew,Empresa,Quarta,2026-08,35
61690,Público,Transferencia de departamento - relatórios personalizados + chat inativo ,2026-09-02,Giovana de Miranda,Transferência de Departamento,Alta,Resolvido,CONCEITO VIDROS E ESQUADRIAS,Bruna - Conceito,Empresa,Quarta,2026-09,36
61199,Público,Dúvida referente à importar obra,2026-08-26,Giovana de Miranda,Dúvidas,Alta,Resolvido,JJP EIRELI (ANTIGO 649),Edimar,Empresa,Quarta,2026-08,35
61982,Público,Atualização de build da 0322 para 0723,2026-09-08,Giovana de Miranda,Atualização Versão e Build,Alta,Resolvido,ALUDESIGN,Fabricio,Empresa,Terça,2026-09,37
61958,Público,Agendamento de atualização de build,2026-09-08,Giovana de Miranda,Dúvidas,Alta,Resolvido,ALUDESIGN,Fabricio,Empresa,Terça,2026-09,37
61861,Público,Dúvida referente à cálculos gerados no romaneio ,2026-09-04,Giovana de Miranda,Dúvidas,Alta,Resolvido,ALLUCK INDUSTRIA E COMERCIO EM ESQUADRIAS,Obras Alluck - Rafaela,Empresa,Sexta,2026-09,36
61977,Público,Auto resolução,2026-09-08,Giovana de Miranda,Chat Inativo,Baixa,Resolvido,QUALITY VIDROS E ESQUADRIAS DE ALUMINIO,Denilson Grana Junior,Empresa,Terça,2026-09,37
61727,Público,Iniciar firebird,2026-09-02,Giovana de Miranda,Instalação,Alta,Resolvido,FRITZEN ESQUADRIAS,Fritzen Esquadrias,Empresa,Quarta,2026-09,36
61954,Público,Iniciar firebird,2026-09-08,Giovana de Miranda,Instalação,Alta,Resolvido,FRITZEN ESQUADRIAS,Fritzen Esquadrias,Empresa,Terça,2026-09,37
61541,Público,Iniciar Firebird + chat inativo,2026-08-31,Giovana de Miranda,Instalação,Alta,Resolvido,SUPER VETRO - QUALIDADE SUPERIOR EM VIDROS,Samuel Thomas,Empresa,Segunda,2026-08,36
61205,Público,Dúvida referente a exportar obra,2026-08-26,Giovana de Miranda,Dúvidas,Alta,Resolvido,ALCONT ALUMÍNIO,Christian Freda,Empresa,Quarta,2026-08,35
61720,Público,Teste de ping + chat inativo,2026-09-02,Giovana de Miranda,Instalação,Alta,Resolvido,DURANT FACHADAS E ESQUADRIAS,GUSTAVO DURANT,Empresa,Quarta,2026-09,36
61634,Público,Instalação de estrutura separada + registro de sistema,2026-09-01,Giovana de Miranda,Instalação,Alta,Resolvido,DURANT FACHADAS E ESQUADRIAS,GUSTAVO DURANT,Empresa,Terça,2026-09,36
61608,Público,Dúvida referente à existência de materiais,2026-09-01,Giovana de Miranda,Dúvidas,Alta,Resolvido,DURANT FACHADAS E ESQUADRIAS,Marceli,Empresa,Terça,2026-09,36
61496,Interno,Melhoria - Permitir definição do Total Geral do orçamento com cálculo automático do acréscimo de materiais ,2026-08-31,Giovana de Miranda,Melhorias,Alta,Novo,TARGET CONSTRUCOES,Michele,Empresa,Segunda,2026-08,36
61991,Público,Dúvida referente à cadastro de variáveis ,2026-09-08,Giovana de Miranda,Dúvidas,Alta,Resolvido,CONCEITO ESQUADRIAS E VIDROS,Conceito Esquadrias e Vidros,Empresa,Terça,2026-09,37
61710,Público,Dúvida referente à  manutenção de cadastros,2026-09-02,Giovana de Miranda,Dúvidas,Alta,Resolvido,KADESC,Helton Santos Cordeiro,Empresa,Quarta,2026-09,36
61136,Público,Agendamento de atualização de build + material da Decamp linha 45 e minimalista,2026-08-25,Giovana de Miranda,Dúvidas,Alta,Resolvido,VIDRO FORTE,Lara Eduarda,Empresa,Terça,2026-08,35
61170,Público,Atualização de material DECAMP,2026-08-26,Giovana de Miranda,Dúvidas,Alta,Resolvido,VIDRO FORTE,Lara Eduarda,Empresa,Quarta,2026-08,35
61513,Público,Atualização de build da 0213 para 0723,2026-08-31,Giovana de Miranda,Atualização Versão e Build,Alta,Resolvido,EXCLUSIVA ESQUADRIAS (ANTIGO 10371),Exclusiva Esquadrias,Empresa,Segunda,2026-08,36
61678,Público,Dúvida referente a cadastro de croqui,2026-09-02,Giovana de Miranda,Dúvidas,Alta,Resolvido,ELOGLASS,Eloglass - COMERCIAL,Empresa,Quarta,2026-09,36
61623,Público,Dúvida referente a salvar arquivos pelo cloud + chat inativo,2026-09-01,Giovana de Miranda,Nuvem Cloud,Alta,Resolvido,LOJA DO VIDRO PIRACICABA,Flávio Projetos,Empresa,Terça,2026-09,36
61917,Público,Chat inativo,2026-09-04,Giovana de Miranda,Chat Inativo,Baixa,Resolvido,COSIBA SERVICOS INDUSTRIAIS,Ariane,Empresa,Sexta,2026-09,36
61847,Público,Mensagem offline,2026-09-03,Giovana de Miranda,Tickets Offline,Média,Resolvido,TECSTAL,Luan,Empresa,Quinta,2026-09,36
61848,Público,Mensagem offline,2026-09-03,Giovana de Miranda,Tickets Offline,Média,Resolvido,TECSTAL,Luan,Empresa,Quinta,2026-09,36
61420,Público,Dúvida referente a liberação de material MOF + chat inativo,2026-08-28,Giovana de Miranda,Dúvidas,Alta,Resolvido,RD FABRICACOES,Sá - RD,Empresa,Sexta,2026-08,35
61815,Público,Dúvida referente á precificação de perfis,2026-09-03,Giovana de Miranda,Dúvidas,Alta,Resolvido,IBEA ALUMINIO,Carlos,Empresa,Quinta,2026-09,36
61739,Público,Atualização de material SCHUCO,2026-09-02,Giovana de Miranda,Dúvidas,Alta,Resolvido,IBEA ALUMINIO,Carlos,Empresa,Quarta,2026-09,36
61439,Público,Auto resolução,2026-08-28,Giovana de Miranda,Chat Inativo,Baixa,Resolvido,ESQUADRITEMPER,Marcos,Empresa,Sexta,2026-08,35
61652,Público,Dúvida referente à desbloqueio de espessura de vidro,2026-09-01,Giovana de Miranda,Dúvidas,Alta,Resolvido,MF ESQUADRIAS E VIDROS,MF Esquadrias E Vidros,Empresa,Terça,2026-09,36
62004,Público,Dúvida referente à calculo de itens descontinuados,2026-09-08,Giovana de Miranda,Dúvidas,Alta,Resolvido,PRELAR ESPECIALISTA EM ESQUADRIAS,Rayane,Empresa,Terça,2026-09,37
61867,Público,Teste de ping e rede,2026-09-04,Giovana de Miranda,Instalação,Alta,Resolvido,ALUDESIGN,Luciane,Empresa,Sexta,2026-09,36
61730,Público,Dúvida referente à duplicar projetos,2026-09-02,Giovana de Miranda,Dúvidas,Alta,Resolvido,LIDER ESCADAS DE ALUMINIO,Willis,Empresa,Quarta,2026-09,36
61357,Público,Dúvida referente à cadastrar acabamento + precificar pre nativo,2026-08-27,Giovana de Miranda,Dúvidas,Alta,Resolvido,MF ESQUADRIAS E VIDROS,MF Esquadrias E Vidros,Empresa,Quinta,2026-08,35
61881,Público,Personalização de relatorio,2026-09-04,Giovana de Miranda,Dúvidas,Alta,Resolvido,PRISCILA MENDES MORAIS,Priscila,Empresa,Sexta,2026-09,36
61283,Público,Transferencia de departamento - relatórios personalizados + chat inativo,2026-08-27,Giovana de Miranda,Transferência de Departamento,Alta,Resolvido,PRISCILA MENDES MORAIS,Priscila,Empresa,Quinta,2026-08,35
61095,Público,Atualização de material FORGATTI,2026-08-25,Giovana de Miranda,Dúvidas,Alta,Resolvido,SAVIV INCORPORADORA,AlexSantos,Empresa,Terça,2026-08,35
61801,Público,Chat inativo,2026-09-03,Giovana de Miranda,Chat Inativo,Baixa,Resolvido,LIBRIAN,Daniel,Não classificado,Quinta,2026-09,36
61348,Público,Chat inativo,2026-08-27,Daniel Joaquim ,Chat Inativo,Baixa,Resolvido,INOVE ESQUADRIAS E VIDROS LTDA,Inove Esquadrias,Empresa,Quinta,2026-08,35
61252,Público,Dúvida em como editar condição de verificação,2026-08-27,Daniel Joaquim ,Dúvidas,Alta,Resolvido,IDEAL ESQUADRIAS DE ALUMINIO,IDEAL ESQUADRIAS,Empresa,Quinta,2026-08,35
61210,Público,Dúvida na existência de porta de correr com 5 folhas da linha chroma,2026-08-26,Daniel Joaquim ,Dúvidas,Alta,Resolvido,RD FABRICACOES,Gabrielle,Empresa,Quarta,2026-08,35
61155,Público,Chat inativo,2026-08-26,Daniel Joaquim ,Chat Inativo,Baixa,Resolvido,RD FABRICACOES,Gabrielle,Empresa,Quarta,2026-08,35
61442,Público,Dúvida em como ajustar o preço no orçamento,2026-08-28,Daniel Joaquim ,Dúvidas,Alta,Resolvido,ART DESING ALUMINIO,Art Design Esquadrias,Empresa,Sexta,2026-08,35
61529,Público,Transferência de departamento - Financeiro,2026-08-31,Daniel Joaquim ,Transferência de Departamento,Alta,Resolvido,ART DESING ALUMINIO,Art Design Esquadrias,Empresa,Segunda,2026-08,36
61186,Público,Erro de registro de sistema,2026-08-26,Daniel Joaquim ,Erros,Alta,Resolvido,PRELAR ESPECIALISTA EM ESQUADRIAS,Rayane,Empresa,Quarta,2026-08,35
61474,Público,Dúvida na precificação da MOB,2026-08-31,Daniel Joaquim ,Dúvidas,Alta,Resolvido,MAGOSIL ESQUADRIAS METALICAS,Juliana Bispo _,Empresa,Segunda,2026-08,36
61193,Público,Atalho do sistema em rede,2026-08-26,Daniel Joaquim ,Instalação,Alta,Resolvido,AMAZON TEMPER,Vivi,Não classificado,Quarta,2026-08,35
61107,Público,Personalização de relatórios envio a produtos,2026-08-25,Daniel Joaquim ,Dúvidas,Alta,Resolvido,CDE INDUSTRIA DE VIDROS,COMPRAS CDE,Empresa,Terça,2026-08,35
61356,Público,Erro de cálculo ,2026-08-27,Daniel Joaquim ,Dúvidas,Alta,Resolvido,INOVAR ESQUADRIAS E VIDROS LTDA,Inovar Esquadrias Comercial,Atendimento CEM EXCLUSIVE,Quinta,2026-08,35
61924,Público,Atualização de build 0723 + erro de não confere,2026-09-04,Daniel Joaquim ,Atualização Versão e Build,Alta,Resolvido,ITEFAL,.,Atendimento CEM EXCLUSIVE,Sexta,2026-09,36
61533,Público,Ajuste de relatório feito por produtos,2026-08-31,Daniel Joaquim ,Dúvidas,Alta,Resolvido,ALUMNIX ESQUADRIAS,Projetos - Alumnix,Empresa,Segunda,2026-08,36
61359,Público,Agendamento de atendimento,2026-08-27,Daniel Joaquim ,Dúvidas,Alta,Resolvido,VITRINE & ARTE,Financeiro Vitrine,Empresa,Quinta,2026-08,35
61364,Público,Dúvida em como fazer o tampedaco,2026-08-28,Daniel Joaquim ,Dúvidas,Alta,Resolvido,VITRINE & ARTE,Financeiro Vitrine,Empresa,Sexta,2026-08,35
61753,Público,Auto resolução,2026-09-02,Daniel Joaquim ,Chat Inativo,Baixa,Resolvido,SMART METAL,LUIZ QUADROS,Empresa,Quarta,2026-09,36
61885,Público,Implantação + treinamento -  VCG FERRAGENS (11993),2026-09-04,Daniel Joaquim ,Implantação,Alta,Implantação de Software,Alumisoft Sistemas,Implantacao,Empresa,Sexta,2026-09,36
61986,Público,Implantação + treinamento -  INTEGRA ESQUADRIAS (13846),2026-09-08,Daniel Joaquim ,Implantação,Alta,Implantação de Software,Alumisoft Sistemas,Implantacao,Empresa,Terça,2026-09,37
61383,Público,Lentidão ao usar o EGCLOUD-2,2026-08-28,Daniel Joaquim ,Nuvem Cloud,Alta,Resolvido,ESQUADRITEMPER,Marcos,Empresa,Sexta,2026-08,35
61612,Público,Ativação do otimizador de chapas,2026-09-01,Daniel Joaquim ,Dúvidas,Alta,Resolvido,ITEFAL,Rafael,Atendimento CEM EXCLUSIVE,Terça,2026-09,36
61603,Público,Agendamento de atendimento para ativar otimizador de chapas,2026-09-01,Daniel Joaquim ,Dúvidas,Alta,Resolvido,ITEFAL,Rafael,Atendimento CEM EXCLUSIVE,Terça,2026-09,36
61530,Público,Atualização de material MOF (SCHUCO),2026-08-31,Daniel Joaquim ,Dúvidas,Alta,Resolvido,RD FABRICACOES,Sá - RD,Empresa,Segunda,2026-08,36
61915,Público,Atualização de material MOF (SCHUCO),2026-09-04,Daniel Joaquim ,Dúvidas,Alta,Resolvido,RD FABRICACOES,Sá - RD,Empresa,Sexta,2026-09,36
62068,Público,Dúvida em como colocar uma nova opção de montagem na esquadria,2026-09-09,Daniel Joaquim ,Dúvidas,Alta,Resolvido,INOVAR,Orçamento Inovar - Eliane,Empresa,Quarta,2026-09,37
61684,Público,Dúvida referente ao aviso de segurança do RemoteApp + Ativação do estoque técnico + chat inativo,2026-09-02,Daniel Joaquim ,Nuvem Cloud,Alta,Resolvido,RAJA SOCIEDADE UNIPESSOAL LTDA,Carlos Carvalho,Não classificado,Quarta,2026-09,36
61401,Público,Implantação + treinamento -  MARCELO TOP (13845),2026-08-28,Daniel Joaquim ,Implantação,Alta,Implantação de Software,Alumisoft Sistemas,Implantacao,Empresa,Sexta,2026-08,35
61444,Público,Auto resolução + chat inativo,2026-08-28,Daniel Joaquim ,Chat Inativo,Baixa,Resolvido,DELLO ESQUADRIAS DE ALUMINIO,João Carvalho,Empresa,Sexta,2026-08,35
61358,Público,Upgrade -  ESQUADRILON  (615),2026-08-27,Daniel Joaquim ,Implantação,Alta,Resolvido,Alumisoft Sistemas,Implantacao,Empresa,Quinta,2026-08,35
61921,Público,Atualização de build 0723,2026-09-04,Daniel Joaquim ,Atualização Versão e Build,Alta,Resolvido,SUPREMA ESQUADRIAS,Eduardo Sobral,Não classificado,Sexta,2026-09,36
61340,Público,Agendamento de atendimento ao cliente ,2026-08-27,Daniel Joaquim ,Dúvidas,Alta,Resolvido,CONCEPT ALUMINIUM,Danilo Dantas,Empresa,Quinta,2026-08,35
61127,Público,Atualização de material MOF (perfil) + chat inativo,2026-08-25,Daniel Joaquim ,Dúvidas,Alta,Resolvido,TECNICA,marcos,Empresa,Terça,2026-08,35
61150,Público,Chat inativo,2026-08-26,Daniel Joaquim ,Chat Inativo,Baixa,Resolvido,VIDROS E ESQUADRIAS CAMPOS LTDA,Rafaelle Souza,Empresa,Quarta,2026-08,35
61501,Público,Atualização de build 0723,2026-08-31,Daniel Joaquim ,Atualização Versão e Build,Alta,Resolvido,SUPLEMA,Eng. Maicon Rodrigues,Empresa,Segunda,2026-08,36
61363,Público,Dúvida em como criar um atalho do EGCLOUD ,2026-08-28,Daniel Joaquim ,Nuvem Cloud,Alta,Resolvido,ALLPRIME,Emilly,Atendimento CEM EXCLUSIVE,Sexta,2026-08,35
61755,Público,Auto resolução,2026-09-02,Daniel Joaquim ,Chat Inativo,Baixa,Resolvido,VIDRAÇARIA UNIÃO,Moizeis Souza,Empresa,Quarta,2026-09,36
61131,Público,Bloqueio de antivírus,2026-08-25,Daniel Joaquim ,Erros,Alta,Resolvido,LP2 ENGENHARIA E ASSESSORIA LTDA,Lucas Petzold,Empresa,Terça,2026-08,35
61538,Público,Solicitação de liberação de material da perfil + chat inativo,2026-08-31,Daniel Joaquim ,Dúvidas,Alta,Resolvido,GOVIDROS,Denizy Ferreira,Empresa,Segunda,2026-08,36
61551,Público,Dúvida em como usar o estoque técnico,2026-08-31,Daniel Joaquim ,Dúvidas,Alta,Resolvido,ONIX COM. E INST. DE ESQUADRIAS E COMPONENTES EIRELI (ANTIGO 875),Leandro Novais,Empresa,Segunda,2026-08,36
61668,Público,Lentidão no uso do CEM,2026-09-01,Daniel Joaquim ,Erros,Alta,Resolvido,VIDRACARIA ATUAL,Nágela - Vidraçaria Atual,Empresa,Terça,2026-09,36
61656,Público,Chat inativo,2026-09-01,Daniel Joaquim ,Chat Inativo,Baixa,Resolvido,VIDRACARIA ATUAL,Nágela - Vidraçaria Atual,Empresa,Terça,2026-09,36
61661,Público,Dúvida na existência de porta de correr atrás da parede com linha de alto padrão (minimalista),2026-09-01,Daniel Joaquim ,Dúvidas,Alta,Resolvido,PORTE ESQUADRIAS,Hillary,Empresa,Terça,2026-09,36
61133,Público,Dúvida no cadastro de kit,2026-08-25,Daniel Joaquim ,Dúvidas,Alta,Resolvido,KOR ESQUADRIAS EM ALUMINIO LTDA,Ana Paula,Não classificado,Terça,2026-08,35
61722,Público,Transferência de departamento - Financeiro,2026-09-02,Daniel Joaquim ,Transferência de Departamento,Alta,Resolvido,PAI & FILHO ESQUADRIAS DE ALUMINIO,Karoline Administrativo Pai e filho,Empresa,Quarta,2026-09,36
61225,Público,Auto resolução,2026-08-26,Daniel Joaquim ,Chat Inativo,Baixa,Resolvido,MP ALUMINIO,Caroline S.A,Empresa,Quarta,2026-08,35
61263,Público,Transferência de departamento - Financeiro,2026-08-27,Daniel Joaquim ,Transferência de Departamento,Alta,Resolvido,ART ESQUADRIAS,Thiago,Não classificado,Quinta,2026-08,35
61521,Público,Personalização de relatórios (envio a produtos) + chat inativo,2026-08-31,Daniel Joaquim ,Dúvidas,Alta,Resolvido,VSB ESQUADRIAS,Vivian,Empresa,Segunda,2026-08,36
61139,Público,Transferência de departamento - Faktory + chat inativo,2026-08-25,Daniel Joaquim ,Transferência de Departamento,Alta,Resolvido,VM ESQUADRIAS EM ALUMINIO,Thais,Empresa,Terça,2026-08,35
61391,Público,Transferência de departamento - Faktory,2026-08-28,Daniel Joaquim ,Transferência de Departamento,Alta,Resolvido,VM ESQUADRIAS EM ALUMINIO,Thais,Empresa,Sexta,2026-08,35
61592,Público,Dúvida referente a reinstalação do sistema + chat inativo,2026-09-01,Daniel Joaquim ,Dúvidas,Alta,Resolvido,DELLO ESQUADRIAS DE ALUMINIO,ALUMINORTE » Eng. Ismael Marcelino,Empresa,Terça,2026-09,36
61152,Público,Dúvida no uso do estoque técnico,2026-08-26,Daniel Joaquim ,Dúvidas,Alta,Resolvido,EXALUM ALUMINIO,Jefferson,Empresa,Quarta,2026-08,35
61410,Público,Análise técnica na tipologia GOL-PGR100 + chat inativo,2026-08-28,Daniel Joaquim ,Dúvidas,Alta,Resolvido,VIDRAZIL,Lucas Avila,Empresa,Sexta,2026-08,35
61404,Público,Chat inativo,2026-08-28,Daniel Joaquim ,Chat Inativo,Baixa,Resolvido,VIDRAZIL,Lucas Avila,Empresa,Sexta,2026-08,35
61124,Público,Dúvida em relação a não ter a opção 2 no orçamento quando fecha com o cliente,2026-08-25,Daniel Joaquim ,Dúvidas,Alta,Resolvido,ALOX ALUMINIUM,Dilma Abreu,Empresa,Terça,2026-08,35
61142,Público,Transferência de departamento - Financeiro,2026-08-25,Daniel Joaquim ,Transferência de Departamento,Alta,Resolvido,ALUMINIA BRASIL (ANTIGO 1753),Everton,Empresa,Terça,2026-08,35
61165,Público,Solicitação de liberação de material MOF da perfil,2026-08-26,Daniel Joaquim ,Dúvidas,Alta,Resolvido,GM METALICA (ANTIGO 10821),Simone Marinho,Empresa,Quarta,2026-08,35
61450,Público,Chat inativo,2026-08-28,Daniel Joaquim ,Chat Inativo,Baixa,Resolvido,VIDRO FORTE,Edmar Vidro Forte,Empresa,Sexta,2026-08,35
61267,Público,Dúvida em como atualizar material MOF,2026-08-27,Daniel Joaquim ,Dúvidas,Alta,Resolvido,SANTOS NEVES,Santos Neves Esquadrias,Empresa,Quinta,2026-08,35
62085,Público,"Não encontrado o arquivo """"identidade JOIA"""" na pasta downloads",2026-09-09,Daniel Joaquim ,Dúvidas,Alta,Resolvido,JOIA ALUMINIO E VIDRO,Melissa Marôcco,Empresa,Quarta,2026-09,37
61862,Público,Ajuste de relatório feito por produtos + atalho em rede,2026-09-04,Daniel Joaquim ,Dúvidas,Alta,Resolvido,ALLURE  ESQUADRIAS,ANGELA MARIA PESSUTTI,Empresa,Sexta,2026-09,36
61173,Público,Erro de cálculo,2026-08-26,Daniel Joaquim ,Dúvidas,Alta,Resolvido,ESQUADRITEMPER,Samuel Lima,Empresa,Quarta,2026-08,35
61126,Público,Chat inativo,2026-08-25,Daniel Joaquim ,Chat Inativo,Baixa,Resolvido,DECOR ESQUADRIAS,Fernando,Empresa,Terça,2026-08,35
62021,Público,Agendamento de atualização de build e autenticar esquadrias,2026-09-09,Daniel Joaquim ,Dúvidas,Alta,Resolvido,DOMINIC ESQUADRIAS,Clodoaldo Oliveira,Empresa,Quarta,2026-09,37
61883,Público,Dúvida no tampedaco,2026-09-04,Daniel Joaquim ,Dúvidas,Alta,Resolvido,GRUPO GUARANI,Fran,Empresa,Sexta,2026-09,36
61683,Público,Chat inativo,2026-09-02,Daniel Joaquim ,Chat Inativo,Baixa,Resolvido,ALUMIFAR SOLUCOES EM ALUMINIO,Geovani Tomé,Empresa,Quarta,2026-09,36
61303,Público,Ajuste de relatório feito pelo suporte + ajuste nas observações gerais + chat inativo,2026-08-27,Daniel Joaquim ,Dúvidas,Alta,Resolvido,RAPIDAO VIDROS (ANTIGO 7255),José Cláudio,Empresa,Quinta,2026-08,35
61336,Público,Dúvida em como exibir opções de montagem nos relatórios de orçamento,2026-08-27,Daniel Joaquim ,Dúvidas,Alta,Resolvido,RAPIDAO VIDROS (ANTIGO 7255),José Cláudio,Empresa,Quinta,2026-08,35
61491,Público,Atualização de build (0707 para 0723) + chat inativo,2026-08-31,Patrick Nascimento,Atualização Versão e Build,Alta,Resolvido,DELLO ESQUADRIAS DE ALUMINIO,ALUMINORTE » Wilker A  Gomes,Empresa,Segunda,2026-08,36
61508,Público,Atualização de build (0707 para 0723),2026-08-31,Patrick Nascimento,Atualização Versão e Build,Alta,Resolvido,DELLO ESQUADRIAS DE ALUMINIO,ALUMINORTE » Wilker A  Gomes,Empresa,Segunda,2026-08,36
62045,Público,duvida referente a mensagem de manutenção do CLOUD,2026-09-09,Patrick Nascimento,Dúvidas,Alta,Resolvido,UNIKA VIDROS E ALUMINIO,Edmar Carvalho,Empresa,Quarta,2026-09,37
61535,Público,duvida referente ao calculo de componente da esquadria,2026-08-31,Patrick Nascimento,Dúvidas,Alta,Resolvido,UNIKA VIDROS E ALUMINIO,Edmar Carvalho,Empresa,Segunda,2026-08,36
61202,Público,duvida referente a como utilizar o CemTools,2026-08-26,Patrick Nascimento,Dúvidas,Alta,Resolvido,DECOR ESQUADRIAS,Fernando,Empresa,Quarta,2026-08,35
61163,Público,duvida referente a como utilizar o CemTools,2026-08-26,Patrick Nascimento,Dúvidas,Alta,Resolvido,DECOR ESQUADRIAS,Fernando,Empresa,Quarta,2026-08,35
61614,Público,duvida referente a existência de trilho macarrão nas tipologias da GOLD,2026-09-01,Patrick Nascimento,Dúvidas,Baixa,Resolvido,REINVENTA REPRESENTACOES,Tiago Santos,Empresa,Terça,2026-09,36
61751,Público,Instalação de atalho em rede (mapeamento) + atualização de build (0213 para 0723),2026-09-02,Patrick Nascimento,Instalação,Alta,Resolvido,VIDRO FORTE,Edmar Vidro Forte,Empresa,Quarta,2026-09,36
61128,Público,duvida referente a como alterar o croqui no EGCLOUD,2026-08-25,Patrick Nascimento,Nuvem Cloud,Alta,Resolvido,JB VIDROS E ESQUADRIAS (ANTIGO 9267),JB Vidros Esquadrias,Empresa,Terça,2026-08,35
62073,Público,Feito lic automático,2026-09-09,Patrick Nascimento,Dúvidas,Alta,Resolvido,SP ESQUADRIAS,Carlos,Empresa,Quarta,2026-09,37
61974,Público,duvida referente a precificação dos componentes da obra,2026-09-08,Patrick Nascimento,Dúvidas,Alta,Resolvido,VIDROTEO,André Bernardes,Empresa,Terça,2026-09,37
61616,Público,duvida referente a como cadastrar usuário no sistema + chat inativo,2026-09-01,Patrick Nascimento,Dúvidas,Alta,Resolvido,VIDRAZIL,Lucas Avila,Empresa,Terça,2026-09,36
61802,Público,Reinstalação do sistema (troca de servidor),2026-09-03,Patrick Nascimento,Instalação,Alta,Resolvido,DELLO ESQUADRIAS DE ALUMINIO,ALUMINORTE » Eng. Ismael Marcelino,Empresa,Quinta,2026-09,36
61577,Público,duvida referente a existência de tipologia da Elegance Mirror,2026-09-01,Patrick Nascimento,Dúvidas,Alta,Resolvido,IMPERIAL ALUMINIO,Daniel Chiconelli,Empresa,Terça,2026-09,36
61323,Público,atualização de material MOF (BASE ORÇAMENTO),2026-08-27,Patrick Nascimento,Dúvidas,Alta,Resolvido,GRUPO VAX (Antiga 6687),João,Empresa,Quinta,2026-08,35
61896,Público,Offline message - Casa Do Vidro,2026-09-04,Patrick Nascimento,Tickets Offline,Alta,Resolvido,CASA DO VIDRO,Casa Do Vidro,Empresa,Sexta,2026-09,36
61793,Público,solicitação de troca de máquinas.,2026-09-03,Patrick Nascimento,Instalação,Alta,Resolvido,ALUMINORTE,ismael@aluminorte.com.br,Empresa,Quinta,2026-09,36
61304,Público,duvida referente a precificação de perfis pré-nativos,2026-08-27,Patrick Nascimento,Dúvidas,Alta,Resolvido,FRAMES  ACUSTICA,Thiago - Projetista ??,Empresa,Quinta,2026-08,35
61681,Público,Duvida referentes aos perfis inativos do sistema,2026-09-02,Patrick Nascimento,Dúvidas,Alta,Resolvido,IMPERIAL ALUMINIO,Daniel Chiconelli,Empresa,Quarta,2026-09,36
61673,Público,Duvida referente a perfis desativados ,2026-09-01,Patrick Nascimento,Dúvidas,Alta,Resolvido,IMPERIAL ALUMINIO,Daniel Chiconelli,Empresa,Terça,2026-09,36
61532,Público,duvida referente a como alterar a logotipo da proposta comercial + duvida referente a como cadastrar um vidro no sistema,2026-08-31,Patrick Nascimento,Dúvidas,Alta,Resolvido,WALLGLASS,Marcio,Empresa,Segunda,2026-08,36
61950,Público,Duvida referente a reinstalação do sistema,2026-09-08,Patrick Nascimento,Dúvidas,Alta,Resolvido,UNIT ESQUADRIAS,UNIT Técnico,Empresa,Terça,2026-09,37
61250,Público,Solicitação de liberação da ALUMP,2026-08-27,Patrick Nascimento,Dúvidas,Alta,Resolvido,L2 ASSESSORIA TECNICA,Luciane Leote,Não classificado,Quinta,2026-08,35
61305,Público,duvida referente a mensagem de licença expirada,2026-08-27,Patrick Nascimento,Dúvidas,Alta,Resolvido,GRUPO VAX (ANTIGO 6687),Laíssa Zamboni,Não classificado,Quinta,2026-08,35
61452,Público,Agendamento de atualização de build,2026-08-28,Patrick Nascimento,Dúvidas,Alta,Resolvido,SARAIVA VIDROS E ESQUADRIAS(DIMIFAL),Rodrigo Silva,Empresa,Sexta,2026-08,35
61893,Público,Atualização de build (0918 para 0723) + personalização de proposta comercial ,2026-09-04,Patrick Nascimento,Atualização Versão e Build,Alta,Resolvido,SARAIVA VIDROS E ESQUADRIAS(DIMIFAL),Rodrigo Silva,Empresa,Sexta,2026-09,36
61992,Público,erro de invalid parameter ao abrir uma obra,2026-09-08,Patrick Nascimento,Erros,Alta,Resolvido,SARAIVA VIDROS E ESQUADRIAS(DIMIFAL),Rodrigo Silva,Empresa,Terça,2026-09,37
61957,Público,Erro ao acessar o sistema (bloqueio do windows),2026-09-08,Patrick Nascimento,Erros,Alta,Resolvido,SARAIVA VIDROS E ESQUADRIAS(DIMIFAL),Rodrigo Silva,Empresa,Terça,2026-09,37
62011,Público,Reinstalação do sistema (troca de servidor),2026-09-09,Patrick Nascimento,Instalação,Alta,Resolvido,VITRALFER METALURGI,Anderson,Empresa,Quarta,2026-09,37
61467,Público,Mensagem de bloqueio do controle inteligente do Windows,2026-08-31,Patrick Nascimento,Erros,Alta,Resolvido,BELLA ESQUADRIAS,Eliana,Empresa,Segunda,2026-08,36
61595,Público,chat inativo,2026-09-01,Patrick Nascimento,Chat Inativo,Baixa,Resolvido,VITRALFER METALURGI,Anderson,Empresa,Terça,2026-09,36
61736,Público,duvida referente a como cadastrar perfil pré-nativo,2026-09-02,Patrick Nascimento,Dúvidas,Alta,Resolvido,PORTE ESQUADRIAS,Hillary,Empresa,Quarta,2026-09,36
61483,Público,duvida referente a erro de calculo,2026-08-31,Patrick Nascimento,Dúvidas,Alta,Resolvido,ARTH ESQUADRIAS (ANTIGO13206),Geones Lopez  Sup.Comerce,Empresa,Segunda,2026-08,36
61172,Público,Atualização de material MOF (ALUMINORTE),2026-08-26,Patrick Nascimento,Dúvidas,Alta,Resolvido,COSBIEM,Raphaela,Empresa,Quarta,2026-08,35
61185,Público,duvida referente a exportação para o Faktory,2026-08-26,Patrick Nascimento,Dúvidas,Alta,Resolvido,VERC ESQUADRIAS,Anderson Andrew,Empresa,Quarta,2026-08,35
61179,Público,chat inativo,2026-08-26,Patrick Nascimento,Chat Inativo,Baixa,Resolvido,VERC ESQUADRIAS,Anderson Andrew,Empresa,Quarta,2026-08,35
61507,Público,duvida referente a emissão de relatório de corte,2026-08-31,Patrick Nascimento,Dúvidas,Alta,Resolvido,ESQUADROMINAS,Jaredy Soares,Empresa,Segunda,2026-08,36
61388,Público,duvida referente a lentidão no EGCOUD,2026-08-28,Patrick Nascimento,Dúvidas,Alta,Resolvido,DECORFLEX ESQUADRIAS,Sara,Empresa,Sexta,2026-08,35
61494,Público,chat inativo,2026-08-31,Patrick Nascimento,Chat Inativo,Baixa,Resolvido,SUPER VETRO - QUALIDADE SUPERIOR EM VIDROS,Samuel Thomas,Empresa,Segunda,2026-08,36
61215,Público,transferência de departamento (comercial),2026-08-26,Patrick Nascimento,Transferência de Departamento,Alta,Resolvido,ESTRUDENA,Estrudena,Não classificado,Quarta,2026-08,35
61540,Público,Reinstalação do sistema temporariamente (base zerada) ,2026-08-31,Patrick Nascimento,Instalação,Alta,Resolvido,ALUTEK ALUMINIO,Raphael Alves,Empresa,Segunda,2026-08,36
61522,Público,duvida referente a reinstalação do sistema provisoriamente ,2026-08-31,Patrick Nascimento,Dúvidas,Baixa,Resolvido,ALUTEK ALUMINIO,Raphael Alves,Empresa,Segunda,2026-08,36
61869,Público,solicitação de personalização de relatório + chat inativo,2026-09-04,Patrick Nascimento,Dúvidas,Alta,Resolvido,MG ALUMINIO E VIDRO (ANTIGO 555),MG Orçamentos,Empresa,Sexta,2026-09,36
61331,Público,duvida referente a mensagem erro na proposta custom,2026-08-27,Patrick Nascimento,Dúvidas,Alta,Resolvido,ALUMIVIDROS,Kaike,Empresa,Quinta,2026-08,35
61679,Público,Feito o processo de GBAK no banco do CEM,2026-09-02,Patrick Nascimento,Erros,Alta,Resolvido,CONCEPT ALUMINIUM,Danilo Dantas,Empresa,Quarta,2026-09,36
61663,Público,Erro de tela sobreposta,2026-09-01,Patrick Nascimento,Erros,Alta,Resolvido,CONCEPT ALUMINIUM,Danilo Dantas,Empresa,Terça,2026-09,36
61708,Público,duvida referente a como alterar as folgas das esquadrias,2026-09-02,Patrick Nascimento,Dúvidas,Alta,Resolvido,EXCLUSIVA ESQUADRIAS (ANTIGO 10371),Exclusiva Esquadrias,Empresa,Quarta,2026-09,36
61435,Público,Duvida referente a como precificar através do CEM Tools,2026-08-28,Patrick Nascimento,Dúvidas,Alta,Resolvido,GRUPO VAX (Antiga 6687),João,Empresa,Sexta,2026-08,35
61547,Público,duvida referente a como cadastrar a cor do vidro,2026-08-31,Patrick Nascimento,Dúvidas,Alta,Resolvido,FORMATO ESQUADRIAS,Humberto,Empresa,Segunda,2026-08,36
61229,Público,duvida referente a erro de exportação para o Faktory,2026-08-26,Patrick Nascimento,Dúvidas,Alta,Resolvido,ESQUADRIUM - ESQUADRIAS E VIDROS,Bruno - Esquadrium,Empresa,Quarta,2026-08,35
61607,Público,Instalação de atalho em rede (mapeamento),2026-09-01,Patrick Nascimento,Instalação,Alta,Resolvido,VIDRO FORTE,Lara Eduarda,Empresa,Terça,2026-09,36
61346,Público,duvida referente a criação de opções de montagem,2026-08-27,Patrick Nascimento,Dúvidas,Alta,Resolvido,SUPORTE VIDROS,Mateus Leite,Empresa,Quinta,2026-08,35
61411,Público,Duvida referente a como adicionar pinazio na tipologia,2026-08-28,Patrick Nascimento,Dúvidas,Alta,Resolvido,AKY VIDROS &amp  PVC LTDA,Felipe Sousa,Não classificado,Sexta,2026-08,35
61702,Público,duvida referente a como precificar pré-nativos,2026-09-02,Patrick Nascimento,Dúvidas,Alta,Resolvido,DURANT FACHADAS E ESQUADRIAS,Marceli,Empresa,Quarta,2026-09,36
62038,Público,chat inativo,2026-09-09,Patrick Nascimento,Chat Inativo,Baixa,Resolvido,RAJA SOCIEDADE UNIPESSOAL LTDA,Carlos Carvalho,Não classificado,Quarta,2026-09,37
61794,Público,Duvida referente a descrição da esquadria que não está alterando,2026-09-03,Patrick Nascimento,Dúvidas,Alta,Resolvido,LOJA DO VIDRO PIRACICABA,Flávio Projetos,Empresa,Quinta,2026-09,36
61403,Público,Ajuste no logotipo dos relatórios,2026-08-28,Patrick Nascimento,Dúvidas,Alta,Resolvido,VENTANA SUL,Tiago,Empresa,Sexta,2026-08,35
61115,Público,agendamento de reinstalação do sistema ,2026-08-25,Patrick Nascimento,Dúvidas,Alta,Resolvido,NOBRE ALUMINIO,Secure Action TI da NOBRE,Empresa,Terça,2026-08,35
61832,Público,Duvida referente a como mudar o status da obra para Produção,2026-09-03,Patrick Nascimento,Dúvidas,Alta,Resolvido,VM ESQUADRIAS EM ALUMINIO,Marcos Vinícius,Empresa,Quinta,2026-09,36
61757,Público,Auto resolução,2026-09-02,Patrick Nascimento,Chat Inativo,Baixa,Resolvido,ALLWAM ESQUADRIAS,HELDER,Empresa,Quarta,2026-09,36
61984,Público,duvida referente ao cadastro de custo dos componentes ,2026-09-08,Patrick Nascimento,Dúvidas,Alta,Resolvido,COSIBA SERVICOS INDUSTRIAIS,Ariane,Empresa,Terça,2026-09,37
61772,Público,chat inativo,2026-09-03,Patrick Nascimento,Chat Inativo,Baixa,Resolvido,VIDRACARIA IPIRANGA,Éder Dias,Empresa,Quinta,2026-09,36
61785,Público,duvida referente a como cadastrar componente dentro da esquadria,2026-09-03,Patrick Nascimento,Dúvidas,Alta,Resolvido,VIDRACARIA IPIRANGA,Éder Dias,Empresa,Quinta,2026-09,36
62063,Público,duvida referente a manutenção do EGCLOUD,2026-09-09,Patrick Nascimento,Nuvem Cloud,Alta,Resolvido,RD FABRICACOES,Sá - RD,Empresa,Quarta,2026-09,37
61895,Público,Duvida referente a como cadastrar o campo referencia no acabamento,2026-09-04,Patrick Nascimento,Dúvidas,Alta,Resolvido,RD FABRICACOES,Sá - RD,Empresa,Sexta,2026-09,36
61352,Público,duvida referente a erro de calculo,2026-08-27,Patrick Nascimento,Dúvidas,Alta,Resolvido,RD FABRICACOES,Sá - RD,Empresa,Quinta,2026-08,35
61653,Público,duvida referente a lentidão do EGCLOUD + chat inativo,2026-09-01,Patrick Nascimento,Dúvidas,Alta,Resolvido,MF ESQUADRIAS E VIDROS,Ricardo,Empresa,Terça,2026-09,36
61159,Público,transferência de departamento (financeiro),2026-08-26,Patrick Nascimento,Transferência de Departamento,Alta,Resolvido,CENTRO NORTE ESQUADRIAS,Jadson Martins,Empresa,Quarta,2026-08,35
61988,Público,Upgrade -  METRU ESQUADRIAS (9269),2026-09-08,Patrick Nascimento,Implantação,Alta,Resolvido,Alumisoft Sistemas,Implantacao,Empresa,Terça,2026-09,37
61181,Público,Migração -  UNIBOX  (865),2026-08-26,Patrick Nascimento,Implantação,Alta,Resolvido,Alumisoft Sistemas,Implantacao,Empresa,Quarta,2026-08,35
61422,Público,Duvida referente a mensagem de credenciais invalidas ao acessar o EgCloud,2026-08-28,Patrick Nascimento,Nuvem Cloud,Alta,Resolvido,FC DESENVOLVIMENTOS DE PROJETOS DE COMPRA E VENDA(DELPHI E CEMMOBI),Fernando Carvalho,Empresa,Sexta,2026-08,35
61659,Público,chat inativo,2026-09-01,Patrick Nascimento,Chat Inativo,Baixa,Resolvido,NOBRE ALUMINIO,Orçamentos Nobre Alumínio,Empresa,Terça,2026-09,36
61665,Público,duvida referente a mensagem sistema não registrado,2026-09-01,Patrick Nascimento,Dúvidas,Alta,Resolvido,NOBRE ALUMINIO,Orçamentos Nobre Alumínio,Empresa,Terça,2026-09,36
61920,Público,Instalação de atalho em rede (mapeamento),2026-09-04,Patrick Nascimento,Instalação,Alta,Resolvido,AMAZON TEMPER,Eduardo Araujo| Amazon Me,Não classificado,Sexta,2026-09,36
61108,Público,duvida referente a como utilizar similaridade de perfis e componentes,2026-08-25,Patrick Nascimento,Dúvidas,Alta,Resolvido,VAL AÇO PWJ,EDSON GALDINO,Atendimento CEM EXCLUSIVE,Terça,2026-08,35
61803,Público,Duvida referente ao calculo no relatório de mão de obra,2026-09-03,Patrick Nascimento,Dúvidas,Alta,Resolvido,ESQUADRIMAXXI ESQUADRIAS DE ALUMINIO,Ariana,Empresa,Quinta,2026-09,36
61824,Público,Duvida referente ao calculo no relatório de mão de obra,2026-09-03,Patrick Nascimento,Dúvidas,Alta,Resolvido,ESQUADRIMAXXI ESQUADRIAS DE ALUMINIO,Ariana,Empresa,Quinta,2026-09,36
61384,Público,solicitação de liberação da CBA e ALPA ALUMINIO + chat inativo,2026-08-28,Patrick Nascimento,Dúvidas,Alta,Resolvido,AMAZON TEMPER,Vivi,Não classificado,Sexta,2026-08,35
61171,Público,chat inativo,2026-08-26,Patrick Nascimento,Chat Inativo,Baixa,Resolvido,PRELAR ESPECIALISTA EM ESQUADRIAS,Rayane,Empresa,Quarta,2026-08,35
61156,Público,duvida referente a conversão de moeda no orçamento,2026-08-26,Patrick Nascimento,Dúvidas,Alta,Resolvido,JR DISTRIBUIDORA DE VIDROS,matheus de franca,Empresa,Quarta,2026-08,35
61929,Público,duvida referente a adicionar vidro dentro da tipologia,2026-09-04,Patrick Nascimento,Dúvidas,Alta,Resolvido,METRU ESQUADRIAS EM ALUMINIO E VIDROS,Vivian Nunes,Empresa,Sexta,2026-09,36
61298,Público,Criação de atalho via rede + tutorial de construção de esquadria ,2026-08-27,Pedro Cavalciuk,Instalação,Alta,Resolvido,IDEAL ESQUADRIAS DE ALUMINIO,IDEAL ESQUADRIAS,Empresa,Quinta,2026-08,35
62007,Público,Offline message - IDEAL ESQUADRIAS,2026-09-09,Pedro Cavalciuk,Tickets Offline,Alta,Resolvido,IDEAL ESQUADRIAS DE ALUMINIO,IDEAL ESQUADRIAS,Empresa,Quarta,2026-09,37
62010,Público,Offline message - IDEAL ESQUADRIAS,2026-09-09,Pedro Cavalciuk,Tickets Offline,Alta,Resolvido,IDEAL ESQUADRIAS DE ALUMINIO,IDEAL ESQUADRIAS,Empresa,Quarta,2026-09,37
61960,Público,Processo de troca de maquina ,2026-09-08,Pedro Cavalciuk,Dúvidas,Alta,Resolvido,REALLESQUADRA PRIME ESQUADRIAS E VIDROS,Hugo Reallesquadra,Empresa,Terça,2026-09,37
62026,Público,Manutenção corretiva do EGCLOUD2 (12:00),2026-09-09,Pedro Cavalciuk,Nuvem Cloud,Alta,Resolvido,RD FABRICACOES,Gabrielle,Empresa,Quarta,2026-09,37
61144,Público,Offline message - Gabrielle,2026-08-25,Pedro Cavalciuk,Tickets Offline,Alta,Resolvido,RD FABRICACOES,Gabrielle,Empresa,Terça,2026-08,35
62008,Público,Offline message - Futura Esquadrias de Alumínio,2026-09-09,Pedro Cavalciuk,Tickets Offline,Alta,Resolvido,FUTURAL ALUMINIO,Futura Esquadrias de Alumínio,Empresa,Quarta,2026-09,37
61584,Público,Pergunta sobre material SlindGlass PERFIL,2026-09-01,Pedro Cavalciuk,Dúvidas,Alta,Resolvido,UNIT ESQUADRIAS,Virgiinia,Empresa,Terça,2026-09,36
61237,Público,Offline message - Hugo Reallesquadra,2026-08-26,Pedro Cavalciuk,Tickets Offline,Alta,Resolvido,REALLESQUADRA PRIME ESQUADRIAS E VIDROS,Hugo Reallesquadra,Empresa,Quarta,2026-08,35
61239,Público,Offline message - Priscila,2026-08-26,Pedro Cavalciuk,Tickets Offline,Alta,Resolvido,PRISCILA MENDES MORAIS,Priscila,Empresa,Quarta,2026-08,35
61499,Público,Offline message - Priscila,2026-08-31,Pedro Cavalciuk,Tickets Offline,Alta,Resolvido,PRISCILA MENDES MORAIS,Priscila,Empresa,Segunda,2026-08,36
61774,Público,Importação de material - ECOSTICK,2026-09-03,Pedro Cavalciuk,Dúvidas,Alta,Resolvido,ALCONORT,Sarah Saboia,Atendimento CEM EXCLUSIVE,Quinta,2026-09,36
61320,Público,Offline message - MF Esquadrias E Vidros,2026-08-27,Pedro Cavalciuk,Tickets Offline,Alta,Resolvido,MF ESQUADRIAS E VIDROS,MF Esquadrias E Vidros,Empresa,Quinta,2026-08,35
61981,Público,Descompactar atalho CEM,2026-09-08,Pedro Cavalciuk,Instalação,Alta,Resolvido,AMAZON TEMPER,Eduardo Araujo| Amazon Me,Não classificado,Terça,2026-09,37
61195,Público,Offline message - Vivi,2026-08-26,Pedro Cavalciuk,Tickets Offline,Alta,Resolvido,AMAZON TEMPER,Vivi,Não classificado,Quarta,2026-08,35
61674,Público,Offline message - Rubens,2026-09-01,Pedro Cavalciuk,Tickets Offline,Alta,Resolvido,VETROFRAN,Rubens,Empresa (Onboarding - Cliente VIP),Terça,2026-09,36
61360,Público,Offline message - Financeiro Vitrine,2026-08-28,Pedro Cavalciuk,Tickets Offline,Alta,Resolvido,VITRINE & ARTE,Financeiro Vitrine,Empresa,Sexta,2026-08,35
61516,Público,chat inativo,2026-08-31,Pedro Cavalciuk,Chat Inativo,Baixa,Resolvido,ALUMNIX ESQUADRIAS,Projetos - Alumnix,Empresa,Segunda,2026-08,36
62057,Público,Atualização de BUILD 0723,2026-09-09,Pedro Cavalciuk,Atualização Versão e Build,Alta,Resolvido,ESQUADRIAS FENIX,Osmar,Empresa,Quarta,2026-09,37
61281,Público,Downgrade -  RTT ESQUADRIAS DE ALUMÍNIO LTDA (10107),2026-08-27,Pedro Cavalciuk,Implantação,Alta,Resolvido,Alumisoft Sistemas,Implantacao,Empresa,Quinta,2026-08,35
62054,Público,Offline message,2026-09-09,Pedro Cavalciuk,Tickets Offline,Média,Resolvido,ESQUADRITEMPER,Marcos,Empresa,Quarta,2026-09,37
61220,Público,Upgrade -  ALUMAX  (12641),2026-08-26,Pedro Cavalciuk,Implantação,Alta,Resolvido,Alumisoft Sistemas,Implantacao,Empresa,Quarta,2026-08,35
61715,Público,Downgrade -  PROJETTA ALUMINIO (10009),2026-09-02,Pedro Cavalciuk,Implantação,Alta,Resolvido,Alumisoft Sistemas,Implantacao,Empresa,Quarta,2026-09,36
61744,Público,Downgrade -  FERNANDO CESAR (11083),2026-09-02,Pedro Cavalciuk,Implantação,Alta,Resolvido,Alumisoft Sistemas,Implantacao,Empresa,Quarta,2026-09,36
61735,Público,Erro de licença ,2026-09-02,Pedro Cavalciuk,Erros,Alta,Resolvido,RV ALUMINIUM,Warllyson,Empresa,Quarta,2026-09,36
61799,Público,Downgrade -  TEMPERCAMPOS  (7911),2026-09-03,Pedro Cavalciuk,Implantação,Alta,Resolvido,Alumisoft Sistemas,Implantacao,Empresa,Quinta,2026-09,36
61247,Público,Offline message - Finestra Esquadrias de Alumínio,2026-08-27,Pedro Cavalciuk,Tickets Offline,Alta,Resolvido,FINESTRA & CIA,Finestra Esquadrias de Alumínio,Não classificado,Quinta,2026-08,35
61989,Público,Habilitar tratamento de perfil para MERCADO,2026-09-08,Pedro Cavalciuk,Dúvidas,Alta,Resolvido,FINESTRA & CIA,Finestra Esquadrias de Alumínio,Não classificado,Terça,2026-09,37
61695,Público,Tela sobreposta no CEM,2026-09-02,Pedro Cavalciuk,Erros,Alta,Resolvido,UNIKA VIDROS E ALUMINIO,Marcio Ricardo,Empresa,Quarta,2026-09,36
61122,Público,Calcular obra ,2026-08-25,Pedro Cavalciuk,Dúvidas,Alta,Resolvido,M2 ESQUADRIAS DE ALUMINIO,Andrêza Queiroz,Empresa,Terça,2026-08,35
62089,Público,Offline message - Jessica Gomes,2026-09-09,Pedro Cavalciuk,Tickets Offline,Alta,Resolvido,VCA ENGENHARIA,Jessica Gomes,Empresa,Quarta,2026-09,37
61765,Público,Offline message - Rogério,2026-09-02,Pedro Cavalciuk,Tickets Offline,Alta,Resolvido,LUMIERE ESQUADRIAS,Rogério,Empresa,Quarta,2026-09,36
62018,Público,Autoresolução,2026-09-09,Pedro Cavalciuk,Nuvem Cloud,Alta,Resolvido,RD FABRICACOES,Sá - RD,Empresa,Quarta,2026-09,37
61509,Público,Uso de senha errada no EGCLOUD,2026-08-31,Pedro Cavalciuk,Nuvem Cloud,Média,Resolvido,ARETÊ ESQUADRIAS,Gabriel Santana.,Empresa,Segunda,2026-08,36
61795,Público,Chat inativo,2026-09-03,Pedro Cavalciuk,Chat Inativo,Baixa,Resolvido,ESQUADRIAS VITAL,Deivid Lorran,Não classificado,Quinta,2026-09,36
61143,Público,Offline message - Mickael,2026-08-25,Pedro Cavalciuk,Tickets Offline,Alta,Resolvido,CIA DO VIDRO,Mickael,Empresa,Terça,2026-08,35
61241,Público,Offline message - Renilson,2026-08-26,Pedro Cavalciuk,Tickets Offline,Alta,Resolvido,SCHAEFFER GLASS(CEMMOBI),Renilson,Empresa (CEMMOBI),Quarta,2026-08,35
61979,Público,Offline message - Ariane,2026-09-08,Pedro Cavalciuk,Tickets Offline,Alta,Resolvido,COSIBA SERVICOS INDUSTRIAIS,Ariane,Empresa,Terça,2026-09,37
61943,Público,Mensagem offline - CTE CONSULTORIA EM ESQUADRIAS(CEMMOBI),2026-09-07,Pedro Cavalciuk,Tickets Offline,Alta,Resolvido,CTE CONSULTORIA EM ESQUADRIAS(CEMMOBI),,Empresa (CEMMOBI - Onboarding),Segunda,2026-09,37
61367,Público,Upgrade -  BELLA ESQUADRIAS LTDA (7038),2026-08-28,Pedro Cavalciuk,Implantação,Alta,Resolvido,Alumisoft Sistemas,Implantacao,Empresa,Sexta,2026-08,35
61699,Público,Adicionar componentes na tipologia ,2026-09-02,Pedro Cavalciuk,Dúvidas,Alta,Resolvido,COSIBA SERVICOS INDUSTRIAIS,Ariane,Empresa,Quarta,2026-09,36
61102,Público,Mensagem offline - Alex,2026-08-25,Pedro Cavalciuk,Tickets Offline,Alta,Resolvido,ALUC,Alex,Empresa,Terça,2026-08,35
61416,Público,Offline message - Neilton Alumfer,2026-08-28,Pedro Cavalciuk,Tickets Offline,Alta,Resolvido,ALUMFER ALUMINIOS E FERRAGENS,Neilton Alumfer,Empresa,Sexta,2026-08,35
61635,Público,Offline message - Flávio Projetos,2026-09-01,Pedro Cavalciuk,Tickets Offline,Alta,Resolvido,LOJA DO VIDRO PIRACICABA,Flávio Projetos,Empresa,Terça,2026-09,36
61235,Público,ticket off,2026-08-26,Pedro Cavalciuk,Tickets Offline,Alta,Resolvido,ALUMFER ALUMINIOS E FERRAGENS,Neilton Alumfer,Empresa,Quarta,2026-08,35
61732,Público,Offline message - GUSTAVO DURANT,2026-09-02,Pedro Cavalciuk,Tickets Offline,Alta,Resolvido,DURANT FACHADAS E ESQUADRIAS,GUSTAVO DURANT,Empresa,Quarta,2026-09,36
61147,Público,Offline message - Rafaelle Souza,2026-08-26,Pedro Cavalciuk,Tickets Offline,Alta,Resolvido,VIDROS E ESQUADRIAS CAMPOS LTDA,Rafaelle Souza,Empresa,Quarta,2026-08,35
61337,Público,Instalação CEM TOOLS,2026-08-27,Pedro Cavalciuk,Dúvidas,Alta,Resolvido,KADESC,Jussemar,Empresa,Quinta,2026-08,35
61500,Público,Offline message - Eng. Maicon Rodrigues,2026-08-31,Pedro Cavalciuk,Tickets Offline,Alta,Resolvido,SUPLEMA,Eng. Maicon Rodrigues,Empresa,Segunda,2026-08,36
61192,Público,Mudar verificação de busca por condição de ( igual para contêm),2026-08-26,Pedro Cavalciuk,Dúvidas,Alta,Resolvido,CRISTAL VIDROS CHAPADA,Marco,Empresa,Quarta,2026-08,35
62060,Público,Solicitação de liberação de material (PERFIL),2026-09-09,Pedro Cavalciuk,Dúvidas,Alta,Resolvido,JJP EIRELI (ANTIGO 649),Edimar,Empresa,Quarta,2026-09,37
61828,Público,Habilitar tabela orientativa como padrão no sistema ,2026-09-03,Pedro Cavalciuk,Dúvidas,Alta,Resolvido,ESQUALYVALE ALUMINIO,Kellen Maciel,Empresa,Quinta,2026-09,36
61965,Público,Atualização de BUILD 0723 + LIC Automático ,2026-09-08,Pedro Cavalciuk,Atualização Versão e Build,Alta,Resolvido,DIALC,Bruno,Empresa,Terça,2026-09,37
61619,Público,Reinstalação de sistema + reset de senha do administrador ,2026-09-01,Pedro Cavalciuk,Instalação,Alta,Resolvido,NELSON VIDROS,Nelsinho,Empresa,Terça,2026-09,36
61946,Público,Variáveis internas fora de ordem no calculo ,2026-09-08,Pedro Cavalciuk,Dúvidas,Alta,Resolvido,JOIA ALUMINIO E VIDRO,Wesley do Vale - Dep. Técnico,Empresa,Terça,2026-09,37
61151,Público,Atualização de BUILD 0723,2026-08-26,Pedro Cavalciuk,Atualização Versão e Build,Alta,Resolvido,MINIMALIST ESQUADRIAS,Kayury Freitas,Empresa,Quarta,2026-08,35
61148,Público,Offline message - Kayury Freitas,2026-08-26,Pedro Cavalciuk,Tickets Offline,Alta,Resolvido,MINIMALIST ESQUADRIAS,Kayury Freitas,Empresa,Quarta,2026-08,35
61497,Público,Offline message - Esquad Soluções em Esquadrias,2026-08-31,Pedro Cavalciuk,Tickets Offline,Alta,Resolvido,ESQUAD SOLUÇÕES EM ESQUADRIAS,Esquad Soluções em Esquadrias,Empresa,Segunda,2026-08,36
61575,Público,Offline message - Anderson Andrew,2026-09-01,Pedro Cavalciuk,Tickets Offline,Alta,Resolvido,VERC ESQUADRIAS,Anderson Andrew,Empresa,Terça,2026-09,36
62067,Público,Duvida sobre o QR-CODE,2026-09-09,Pedro Cavalciuk,Dúvidas,Média,Resolvido,KP ENGENHARIA (ANTIGO 8386),Rafael,Empresa,Quarta,2026-09,37
62022,Público,Chat inativo,2026-09-09,Pedro Cavalciuk,Chat Inativo,Baixa,Resolvido,SMART METAL,Smart Metal Esquadrias,Empresa,Quarta,2026-09,37
61375,Público,Alteração de licenças SMC > ONE,2026-08-28,Pedro Cavalciuk,Instalação,Alta,Resolvido,RTT ESQUADRIAS DE ALUMINIO,Renata Grattão,Empresa,Sexta,2026-08,35
61790,Público,Tranferencia de departamento > financeiro ,2026-09-03,Pedro Cavalciuk,Transferência de Departamento,Alta,Resolvido,ESQUADRIUM - ESQUADRIAS E VIDROS,Alex - Gerencial Esquadrium,Empresa,Quinta,2026-09,36
61503,Público,Autoresolução,2026-08-31,Pedro Cavalciuk,Chat Inativo,Baixa,Resolvido,LP2 ENGENHARIA E ASSESSORIA LTDA,Lucas Petzold,Empresa,Segunda,2026-08,36
62009,Público,Offline message - Anderson,2026-09-09,Pedro Cavalciuk,Tickets Offline,Alta,Resolvido,VITRALFER METALURGI,Anderson,Empresa,Quarta,2026-09,37
61274,Público,Criação de atalho via rede,2026-08-27,Pedro Cavalciuk,Instalação,Alta,Resolvido,BP GLASS,Vidro X,Empresa,Quinta,2026-08,35
61276,Público,Tranferencia de departamento > financeiro ,2026-08-27,Pedro Cavalciuk,Transferência de Departamento,Alta,Resolvido,GRUPO VAX (ANTIGO 6687),Laíssa Zamboni,Não classificado,Quinta,2026-08,35
61825,Público,Chat inativo,2026-09-03,Pedro Cavalciuk,Chat Inativo,Baixa,Resolvido,SARAIVA VIDROS E ESQUADRIAS(DIMIFAL),Rodrigo Silva,Empresa,Quinta,2026-09,36
61244,Público,Offline message - Luciane Leote,2026-08-26,Pedro Cavalciuk,Tickets Offline,Alta,Resolvido,L2 ASSESSORIA TECNICA,Luciane Leote,Não classificado,Quarta,2026-08,35
61593,Público,Erro canvas - reiniciar o sistema ,2026-09-01,Pedro Cavalciuk,Erros,Alta,Resolvido,SANTANA ESQUADRIAS M,Fernanda,Empresa,Terça,2026-09,36
61675,Público,Offline message - Daniel Chiconelli,2026-09-01,Pedro Cavalciuk,Tickets Offline,Alta,Resolvido,IMPERIAL ALUMINIO,Daniel Chiconelli,Empresa,Terça,2026-09,36
61498,Público,Offline message - Nikoly Portela,2026-08-31,Pedro Cavalciuk,Tickets Offline,Alta,Resolvido,SOLUTION SOLUCOES EM ESQUADRIAS DE ALUMINIO,Nikoly Portela,Empresa,Segunda,2026-08,36
62041,Público,Manutenção corretiva do EGCLOUD2 (12:00),2026-09-09,Pedro Cavalciuk,Nuvem Cloud,Alta,Resolvido,ESQUADRIART ESQUADRIAS (ANTIGO 12906),rafael gurgel,Não classificado,Quarta,2026-09,37
61149,Público,Mensagem offline - luciane de almeida leote,2026-08-26,Pedro Cavalciuk,Tickets Offline,Alta,Resolvido,L2 ASSESSORIA TECNICA,luciane de almeida leote,Não classificado,Quarta,2026-08,35
61236,Público,Mensagem offline - leandro cardoso ,2026-08-26,Pedro Cavalciuk,Tickets Offline,Alta,Resolvido,CONSTRUCARE DO BRASIL EIRELI,leandro cardoso,Empresa,Quarta,2026-08,35
61316,Público,Filtro para componente para não aparecer ,2026-08-27,Pedro Cavalciuk,Dúvidas,Alta,Resolvido,GRUPO VAX (Antiga 6687),João,Empresa,Quinta,2026-08,35
61329,Público,Erro no remote app,2026-08-27,Pedro Cavalciuk,Erros,Alta,Resolvido,CONCEPT ALUMINIUM,Vini L.,Empresa,Quinta,2026-08,35
61301,Público,Mapeamento via rede,2026-08-27,Pedro Cavalciuk,Instalação,Alta,Resolvido,GRUPO VAX (ANTIGO 6687),Cláudio Roberto,Não classificado,Quinta,2026-08,35
61677,Público,Offline message - Junior,2026-09-02,Pedro Cavalciuk,Tickets Offline,Alta,Resolvido,ALL-GLASS ALUMINIOS E VIDROS,Junior,Empresa,Quarta,2026-09,36
61733,Público,Offline message - William,2026-09-02,Pedro Cavalciuk,Chat Inativo,Baixa,Resolvido,RV ALUMINIUM,William,Empresa,Quarta,2026-09,36
61762,Público,Offline message - Larisse,2026-09-02,Pedro Cavalciuk,Tickets Offline,Alta,Resolvido,ALUMITEK ESQUADRIAS,Larisse,Empresa,Quarta,2026-09,36
61811,Público,Offline message - Eng. Ismael Marcelino,2026-09-03,Pedro Cavalciuk,Tickets Offline,Alta,Resolvido,DELLO ESQUADRIAS DE ALUMINIO,ALUMINORTE » Eng. Ismael Marcelino,Empresa,Quinta,2026-09,36
61103,Público,Offline message - Anderson,2026-08-25,Pedro Cavalciuk,Tickets Offline,Alta,Resolvido,SAVIV INCORPORADORA,Anderson,Empresa,Terça,2026-08,35
62088,Público,Offline message - Jose Mateus,2026-09-09,Pedro Cavalciuk,Tickets Offline,Alta,Resolvido,SUPREMA - ESQUADRIAS DE ALUMINIO,Jose Mateus,Empresa,Quarta,2026-09,37
61487,Público,Mudança de classe ID do perfil,2026-08-31,Pedro Cavalciuk,Dúvidas,Alta,Resolvido,ALUSIVA ALUMINIOS,Rodrigo,Empresa,Segunda,2026-08,36
61477,Público,Chat inativo,2026-08-31,Pedro Cavalciuk,Chat Inativo,Baixa,Resolvido,ALUSIVA ALUMINIOS,Rodrigo,Empresa,Segunda,2026-08,36
61209,Público,Chat inativo ,2026-08-26,Pedro Cavalciuk,Chat Inativo,Baixa,Resolvido,LAGER ESQUADRIAS,Márcia Christ,Empresa,Quarta,2026-08,35
61198,Público,Offline message - Edimar,2026-08-26,Pedro Cavalciuk,Tickets Offline,Alta,Resolvido,JJP EIRELI (ANTIGO 649),Edimar,Empresa,Quarta,2026-08,35
61109,Público,Duvida referente a etapa na obra ,2026-08-25,Pedro Cavalciuk,Dúvidas,Alta,Resolvido,QUATTRO VETRO,NIVEA,Empresa,Terça,2026-08,35
61106,Público,Mensagem offline - NIVEA,2026-08-25,Pedro Cavalciuk,Tickets Offline,Alta,Resolvido,QUATTRO VETRO,NIVEA,Empresa,Terça,2026-08,35
61646,Público,Exportar e importar tabela de preços ,2026-09-01,Pedro Cavalciuk,Dúvidas,Alta,Resolvido,BRUBOX ALUMINIO E VIDRO (ANTIGO 896),Bruno Munhoz Soares,Empresa,Terça,2026-09,36
61394,Público,Chat inativo,2026-08-28,Pedro Cavalciuk,Chat Inativo,Baixa,Resolvido,VIDRAÇARIA BRASIL (antiga Esquadrias Brasil - 8148),Celina Vidraçaria Brasil,Empresa,Sexta,2026-08,35
61766,Público,Offline message - Requinte Esquadrias,2026-09-03,Pedro Cavalciuk,Tickets Offline,Alta,Resolvido,REQUINTE ESQUADRIAS E VIDROS,Requinte Esquadrias,Empresa,Quinta,2026-09,36
61767,Público,Mensagem offline - Everton,2026-09-03,Pedro Cavalciuk,Tickets Offline,Alta,Resolvido,SANTA EDWIGES,Everton,Empresa,Quinta,2026-09,36
61768,Público,Mensagem offline - Everton,2026-09-03,Pedro Cavalciuk,Tickets Offline,Alta,Resolvido,SANTA EDWIGES,Everton,Empresa,Quinta,2026-09,36
61100,Público,Offline message - Fernando,2026-08-25,Pedro Cavalciuk,Tickets Offline,Alta,Resolvido,DECOR ESQUADRIAS,Fernando,Empresa,Terça,2026-08,35
61197,Público,Offline message - Fernando,2026-08-26,Pedro Cavalciuk,Tickets Offline,Alta,Resolvido,DECOR ESQUADRIAS,Fernando,Empresa,Quarta,2026-08,35
61289,Público,Desbloqueio de espessuras de vidros,2026-08-27,Pedro Cavalciuk,Dúvidas,Alta,Resolvido,ESQUADRINEX (Antiga 944),Amanda,Empresa,Quinta,2026-08,35
62013,Público,Atualização de BUILD 0723 + configurar CFGrede,2026-09-09,Pedro Cavalciuk,Nuvem Cloud,Alta,Resolvido,IMPERIAL ESQUADRIAS DE ALUMINIO,Marcelo,Empresa,Quarta,2026-09,37
61324,Público,Cadastro cores de vidro ,2026-08-27,Pedro Cavalciuk,Dúvidas,Alta,Resolvido,ALUMICENTER ESQUADRIAS,Domingos Fernandes,Empresa,Quinta,2026-08,35
61654,Público,Tranferencia de departamento > financeiro ,2026-09-01,Pedro Cavalciuk,Transferência de Departamento,Alta,Resolvido,HATA ALUMINIUM,EDUARDO KIYOSHI HATANAKA,Empresa,Terça,2026-09,36
61609,Público,Duvida sobre material Euro robuste (ALUSHOW),2026-09-01,Pedro Cavalciuk,Dúvidas,Alta,Resolvido,FORTE ESQUADRIAS,RAFAEL,Empresa,Terça,2026-09,36
61382,Público,Chat inativo,2026-08-28,Pedro Cavalciuk,Chat Inativo,Baixa,Resolvido,RAJAS,Julia Sofia,Empresa,Sexta,2026-08,35
61680,Público,Erros de cálculos  ,2026-09-02,Pedro Cavalciuk,Dúvidas,Alta,Resolvido,ALUF,ALUF SERRALHERIA- ORÇAMENTOS,Empresa,Quarta,2026-09,36
61361,Público,Mensagem offline - Deise,2026-08-28,Pedro Cavalciuk,Tickets Offline,Alta,Resolvido,VIDRACARIA BRITO,Deise,Empresa,Sexta,2026-08,35
61366,Público,Desativação de antivírus para gerar relatórios,2026-08-28,Pedro Cavalciuk,Erros,Alta,Resolvido,VIDRACARIA BRITO,Deise,Empresa,Sexta,2026-08,35
61797,Público,Niveis de acesso ,2026-09-03,Pedro Cavalciuk,Dúvidas,Alta,Resolvido,ARTEFAL (ANTIGO 8861),Ewerton,Empresa,Quinta,2026-09,36
61813,Público,Mensagem offline - Ewerton,2026-09-03,Pedro Cavalciuk,Tickets Offline,Alta,Resolvido,ARTEFAL (ANTIGO 8861),Ewerton,Empresa,Quinta,2026-09,36
61814,Público,Mensagem offline - Ewerton,2026-09-03,Pedro Cavalciuk,Tickets Offline,Alta,Resolvido,ARTEFAL (ANTIGO 8861),Ewerton,Empresa,Quinta,2026-09,36
61816,Público,Níveis de acesso ,2026-09-03,Pedro Cavalciuk,Dúvidas,Alta,Resolvido,ARTEFAL (ANTIGO 8861),Ewerton,Empresa,Quinta,2026-09,36
62020,Público,Erro de registro ,2026-09-09,Matheus Pulcinelli,Dúvidas,Alta,Resolvido,SUPORTE PLUS E ESQUADRIAS DE ALUMINIO,Fernando Karlalli,Empresa,Quarta,2026-09,37
61905,Público,Agendamento para atendimento ao cliente ,2026-09-04,Matheus Pulcinelli,Dúvidas,Alta,Resolvido,ALLURE  ESQUADRIAS,ANGELA MARIA PESSUTTI,Empresa,Sexta,2026-09,36
61922,Público,Bakup dos relatórios customizados ,2026-09-04,Matheus Pulcinelli,Instalação,Alta,Resolvido,ALLURE  ESQUADRIAS,ANGELA MARIA PESSUTTI,Empresa,Sexta,2026-09,36
61886,Público,Agendamento de instalação ,2026-09-04,Matheus Pulcinelli,Dúvidas,Alta,Resolvido,TDA ALUMINIO,Lucas Gomes,Empresa,Sexta,2026-09,36
61911,Público,Instalação do sistema (base zerada) ,2026-09-04,Matheus Pulcinelli,Instalação,Alta,Resolvido,TDA ALUMINIO,Lucas Gomes,Empresa,Sexta,2026-09,36
61844,Público,Apontamento de novo banco ,2026-09-03,Matheus Pulcinelli,Instalação,Alta,Resolvido,ALLURE  ESQUADRIAS,ANGELA MARIA PESSUTTI,Empresa,Quinta,2026-09,36
61877,Público,Duvida referente a relatorio de orçamento ,2026-09-04,Matheus Pulcinelli,Dúvidas,Alta,Resolvido,WR VIDROS,Stefany,Empresa,Sexta,2026-09,36
61804,Público,Tranferencia de departamento - financeiro ,2026-09-03,Matheus Pulcinelli,Transferência de Departamento,Alta,Resolvido,PAULO EDUARDO MELLO,paulo,Empresa,Quinta,2026-09,36
61961,Público,Tranferencia de departamento - financeiro ,2026-09-08,Matheus Pulcinelli,Transferência de Departamento,Alta,Resolvido,METALURGICA QUALI SERV,Henrique,Empresa,Terça,2026-09,37
61090,Público,Duvida referente a salvar arquivo no Cloud,2026-08-25,Matheus Pulcinelli,Dúvidas,Alta,Resolvido,RTT ESQUADRIAS DE ALUMINIO,Renata,Empresa,Terça,2026-08,35
61688,Público,Duvida referente a exportar materiais ,2026-09-02,Matheus Pulcinelli,Dúvidas,Alta,Resolvido,LOUGUESS,Diogo Rodrigues,Empresa,Quarta,2026-09,36
61810,Público,Duvida referente a opções do sistema ,2026-09-03,Matheus Pulcinelli,Dúvidas,Alta,Resolvido,LOUGUESS,Diogo Rodrigues,Empresa,Quinta,2026-09,36
61288,Público,Duvida referente a adicionar condição ,2026-08-27,Matheus Pulcinelli,Dúvidas,Alta,Resolvido,FEDERAL BOX & VIDROS,Suellen,Empresa,Quinta,2026-08,35
62036,Público,Instabilidade no EGCLOUD ,2026-09-09,Matheus Pulcinelli,Dúvidas,Alta,Resolvido,PAGOTTO ALUMINIO,TAMIRES,Empresa,Quarta,2026-09,37
61221,Público,Chat inativo,2026-08-26,Matheus Pulcinelli,Chat Inativo,Baixa,Resolvido,VIDRAÇARIA BOM PASTOR,Kelly Christina Bueno de Souza,Empresa,Quarta,2026-08,35
61219,Público,SOLICITAÇÃO DE TROCA DE MÁQUINA OU REINSTALAÇÃO - VIDRACARIA BOMPASTOR,2026-08-26,Matheus Pulcinelli,Instalação,Alta,Resolvido,VIDRAÇARIA BOM PASTOR,Kelly Christina Bueno de Souza,Empresa,Quarta,2026-08,35
61111,Público,Agendamento de troca de máquina ,2026-08-25,Matheus Pulcinelli,Instalação,Alta,Resolvido,VIDRAÇARIA BOM PASTOR,Kelly Christina Bueno de Souza,Empresa,Terça,2026-08,35
61424,Público,Atalho do sistema em Rede,2026-08-28,Matheus Pulcinelli,Instalação,Alta,Resolvido,VIDRAÇARIA BOM PASTOR,Kelly Christina Bueno de Souza,Empresa,Sexta,2026-08,35
61968,Público,Atualização da versão 3.7 - FESQUA,2026-09-08,Matheus Pulcinelli,Atualização Versão e Build,Alta,Resolvido,Faktory Softwares,Leonardo Souza,Empresa,Terça,2026-09,37
61934,Público,Chat inativo,2026-09-04,Matheus Pulcinelli,Chat Inativo,Baixa,Resolvido,METASUL ESQUADRIAS DE ALUMINIO,DINIS,Empresa,Sexta,2026-09,36
61183,Público,Duvida referente a alterar o croqui,2026-08-26,Matheus Pulcinelli,Dúvidas,Alta,Resolvido,SÃO PAULO ESQUADRIAS,Gabriel Rainha,Empresa,Quarta,2026-08,35
61536,Público,Duvida referente a precificação ,2026-08-31,Matheus Pulcinelli,Dúvidas,Alta,Resolvido,ESQUALYVALE ALUMINIO,Kellen Maciel,Empresa,Segunda,2026-08,36
61834,Público,Chat inativo,2026-09-03,Matheus Pulcinelli,Chat Inativo,Baixa,Resolvido,SARAIVA VIDROS E ESQUADRIAS(DIMIFAL),Rodrigo Silva,Empresa,Quinta,2026-09,36
61976,Público,Duvida referente a existencia de linha ,2026-09-08,Matheus Pulcinelli,Dúvidas,Alta,Resolvido,URBAN ESQUADRIAS,Luccas Zanetti,Empresa,Terça,2026-09,37
62024,Público,Personalização de relatório feita por suporte,2026-09-09,Matheus Pulcinelli,Dúvidas,Alta,Resolvido,Dyan Esquadrias de Alumínio Ltda,Henrique Caravanti,Empresa,Quarta,2026-09,37
61194,Público,Agendamento de atualização de material,2026-08-26,Matheus Pulcinelli,Dúvidas,Alta,Resolvido,REDU SOM,Fabio,Empresa,Quarta,2026-08,35
61132,Público,Agendamento de atualização de material,2026-08-25,Matheus Pulcinelli,Dúvidas,Alta,Resolvido,COSBIEM,Raphaela,Empresa,Terça,2026-08,35
61519,Público,Duvida referente a tampedaco ,2026-08-31,Matheus Pulcinelli,Dúvidas,Alta,Resolvido,ESQUAD SOLUÇÕES EM ESQUADRIAS,Esquad Soluções em Esquadrias,Empresa,Segunda,2026-08,36
61371,Público,Duvida referente a custo bruto do orçamento ,2026-08-28,Matheus Pulcinelli,Dúvidas,Alta,Resolvido,DIALC,Bruno,Empresa,Sexta,2026-08,35
61953,Público,Chat inativo ,2026-09-08,Matheus Pulcinelli,Chat Inativo,Baixa,Resolvido,DIALC,Bruno,Empresa,Terça,2026-09,37
61476,Público,Duvida referente a relatorios ,2026-08-31,Matheus Pulcinelli,Dúvidas,Alta,Resolvido,JJP EIRELI (ANTIGO 649),Edimar,Empresa,Segunda,2026-08,36
61321,Público,RES: Recebido: SOLICITAÇÃO DE TROCA DE MÁQUINA OU REINSTALAÇÃO - VIDRACARIA BOMPASTOR,2026-08-27,Matheus Pulcinelli,Instalação,Alta,Resolvido,VIDRAÇARIA BOM PASTOR,Kelly Christina Bueno de Souza,Empresa,Quinta,2026-08,35
61390,Público,Instabilidade no cloud ,2026-08-28,Matheus Pulcinelli,Dúvidas,Alta,Resolvido,ALLPRIME,Emilly,Atendimento CEM EXCLUSIVE,Sexta,2026-08,35
62023,Público,Tela sobreposta ,2026-09-09,Matheus Pulcinelli,Erros,Alta,Resolvido,ALUTEC DF,Gustavo - AlutecDF Esquadrias,Empresa,Quarta,2026-09,37
61749,Público,Chat inativo,2026-09-02,Matheus Pulcinelli,Chat Inativo,Baixa,Resolvido,EASB (ALFRAME),Rodrigo,Empresa,Quarta,2026-09,36
61996,Público,Chat inativo,2026-09-08,Matheus Pulcinelli,Chat Inativo,Baixa,Resolvido,ALUTEK ALUMINIO,Raphael Alves,Empresa,Terça,2026-09,37
61387,Público,Instabilidade no cloud,2026-08-28,Matheus Pulcinelli,Dúvidas,Alta,Resolvido,LINE ESQUADRIAS(ANTIGO 10952),Diretoria Line Esquadrias,Empresa,Sexta,2026-08,35
61472,Público,Duvida referente a mapeamento para outra maquina,2026-08-31,Matheus Pulcinelli,Instalação,Alta,Resolvido,LOUGUESS,Louguess Projetos,Empresa,Segunda,2026-08,36
62039,Público,Instabilidade no EGCLOUD ,2026-09-09,Matheus Pulcinelli,Dúvidas,Alta,Resolvido,DECCOR INDUSTRIA E COMERCIO DE ESQUADRIAS EM ALUMINIO,Luiza De Oliveira,Empresa,Quarta,2026-09,37
62031,Público,Auto solução ,2026-09-09,Matheus Pulcinelli,Chat Inativo,Baixa,Resolvido,DECCOR INDUSTRIA E COMERCIO DE ESQUADRIAS EM ALUMINIO,Luiza De Oliveira,Empresa,Quarta,2026-09,37
61409,Público,Duvida referente a remover baguete,2026-08-28,Matheus Pulcinelli,Dúvidas,Alta,Resolvido,ALUMFER ALUMINIOS E FERRAGENS,Neilton Alumfer,Empresa,Sexta,2026-08,35
61458,Público,Implantação + treinamento -  ALUVIDROS (12393),2026-08-28,Matheus Pulcinelli,Implantação,Alta,Resolvido,Alumisoft Sistemas,Implantacao,Empresa,Sexta,2026-08,35
61347,Público,Implantação sem treinamento -  SLIMGLASS ENVIDRACAMENTOS LTDA (8767),2026-08-27,Matheus Pulcinelli,Implantação,Alta,Resolvido,Alumisoft Sistemas,Implantacao,Empresa,Quinta,2026-08,35
61333,Público,Upgrade -  MP ALUMINIO LTDA (1308),2026-08-27,Matheus Pulcinelli,Implantação,Alta,Resolvido,Alumisoft Sistemas,Implantacao,Empresa,Quinta,2026-08,35
61526,Público,Duvida referente a salvar como,2026-08-31,Matheus Pulcinelli,Dúvidas,Alta,Resolvido,GUILES ESQUADRIAS,Joyce Gomes,Empresa,Segunda,2026-08,36
61697,Público,Implantação + treinamento -  TDA ESQUADRIAS  (11715),2026-09-02,Matheus Pulcinelli,Implantação,Alta,Resolvido,Alumisoft Sistemas,Implantacao,Empresa,Quarta,2026-09,36
62079,Público,Duvidas no cem tools,2026-09-09,Matheus Pulcinelli,Dúvidas,Alta,Resolvido,ESQUADRIAS FENIX,Osmar,Empresa,Quarta,2026-09,37
61325,Público,Atualização de build ,2026-08-27,Matheus Pulcinelli,Atualização Versão e Build,Alta,Resolvido,MONTALUMI ESQUADRIAS,Montalumi - Orçamentos,Empresa,Quinta,2026-08,35
61191,Público,Cadastro de funcionário ,2026-08-26,Matheus Pulcinelli,Dúvidas,Alta,Resolvido,VITRINE & ARTE,Financeiro Vitrine,Empresa,Quarta,2026-08,35
61279,Público,Atualização de material MOF - Olga Color,2026-08-27,Matheus Pulcinelli,Dúvidas,Alta,Resolvido,AGM ESQUADRIAS,MOISES - AGM ESQUADRIAS,Empresa,Quinta,2026-08,35
61212,Público,Duvida referente a qual orçamento gerar ,2026-08-26,Matheus Pulcinelli,Dúvidas,Alta,Resolvido,AMAZON TEMPER,Vivi,Não classificado,Quarta,2026-08,35
61378,Público,Chat inativo,2026-08-28,Matheus Pulcinelli,Chat Inativo,Baixa,Resolvido,VM ESQUADRIAS EM ALUMINIO,Arquiteta Thais Alves | VM Esquadrias,Empresa,Sexta,2026-08,35
61966,Público,Auto solução ,2026-09-08,Matheus Pulcinelli,Chat Inativo,Baixa,Resolvido,ART DESING ALUMINIO,Art Design Esquadrias,Empresa,Terça,2026-09,37
61743,Público,Solicitação de liberação de material MOF ,2026-09-02,Matheus Pulcinelli,Dúvidas,Alta,Resolvido,ULITEC ESQUADRIAS EIRELI,Alexandre,Empresa,Quarta,2026-09,36
61504,Público,Duvida referente a editar elementos construtivos ,2026-08-31,Matheus Pulcinelli,Dúvidas,Alta,Resolvido,MF ESQUADRIAS E VIDROS,MF Esquadrias E Vidros,Empresa,Segunda,2026-08,36
61843,Público,Duvida referente a cadastro de cores,2026-09-03,Matheus Pulcinelli,Dúvidas,Alta,Resolvido,MF ESQUADRIAS E VIDROS,MF Esquadrias E Vidros,Empresa,Quinta,2026-09,36
61231,Público,Chat inativo,2026-08-26,Matheus Pulcinelli,Chat Inativo,Baixa,Resolvido,REALLESQUADRA PRIME ESQUADRIAS E VIDROS,Hugo Reallesquadra,Empresa,Quarta,2026-08,35
61781,Público,Duvida em condição de verificação ,2026-09-03,Matheus Pulcinelli,Dúvidas,Alta,Resolvido,IDEAL ESQUADRIAS DE ALUMINIO,IDEAL ESQUADRIAS,Empresa,Quinta,2026-09,36
61412,Público,Duvida ao acessar cloud,2026-08-28,Matheus Pulcinelli,Dúvidas,Alta,Resolvido,INOVE ESQUADRIAS E VIDROS LTDA,Inove Esquadrias,Empresa,Sexta,2026-08,35
61857,Público,Dúvida sobre cadastro de perfis,2026-09-04,Ana Clara,Dúvidas,Alta,Resolvido,METRU ESQUADRIAS EM ALUMINIO E VIDROS,Vivian Nunes,Empresa,Sexta,2026-09,36
61379,Público,Transferência de departamento Personalização de relatórios + dúvida sobre importação de obras + atualização de versão,2026-08-28,Ana Clara,Transferência de Departamento,Alta,Resolvido,REALLESQUADRA PRIME ESQUADRIAS E VIDROS,Hugo Reallesquadra,Empresa,Sexta,2026-08,35
61587,Público,Dúvida sobre cadastro de elemento construtivo,2026-09-01,Ana Clara,Dúvidas,Alta,Resolvido,ALUMAN,"""""Uma voz para quem quer voltar para casa""""",Empresa,Terça,2026-09,36
61473,Público,Chat Inativo,2026-08-31,Ana Clara,Chat Inativo,Baixa,Resolvido,TOP PLACAS,Grupo top serviço técnico em esquadria e vidros,Não classificado,Segunda,2026-08,36
61597,Público,Chat Inativo,2026-09-01,Ana Clara,Chat Inativo,Baixa,Resolvido,FUTURAL ALUMINIO,Sistema Cem,Empresa,Terça,2026-09,36
61711,Público,Chat Inativo,2026-09-02,Ana Clara,Chat Inativo,Baixa,Resolvido,LIDER ESCADAS DE ALUMINIO,Willis,Empresa,Quarta,2026-09,36
61783,Público,Chat Inativo,2026-09-03,Ana Clara,Chat Inativo,Baixa,Resolvido,JR DISTRIBUIDORA DE VIDROS,matheus de franca,Empresa,Quinta,2026-09,36
61093,Público,Dúvida sobre cadastro de funcionários + chat inativo,2026-08-25,Ana Clara,Dúvidas,Alta,Resolvido,VITRINE & ARTE,Financeiro Vitrine,Empresa,Terça,2026-08,35
61112,Público,Dúvida sobre regras de orçamento,2026-08-25,Ana Clara,Dúvidas,Alta,Resolvido,VITRINE & ARTE,Financeiro Vitrine,Empresa,Terça,2026-08,35
61786,Público,Implantação sem treinamento -  MARCO AURÉLIO (13013),2026-09-03,Ana Clara,Implantação,Alta,Resolvido,Alumisoft Sistemas,Implantacao,Empresa,Quinta,2026-09,36
61621,Público,Dúvida sobre cadastro de  vidros,2026-09-01,Ana Clara,Dúvidas,Alta,Resolvido,FINESTRA & CIA,Finestra Esquadrias de Alumínio,Não classificado,Terça,2026-09,36
61273,Público,Dúvida sobre opções de orçamento + personalização de relatório,2026-08-27,Ana Clara,Dúvidas,Alta,Resolvido,FINESTRA & CIA,Finestra Esquadrias de Alumínio,Não classificado,Quinta,2026-08,35
61264,Público,Chat Inativo,2026-08-27,Ana Clara,Chat Inativo,Baixa,Resolvido,FINESTRA & CIA,Finestra Esquadrias de Alumínio,Não classificado,Quinta,2026-08,35
61833,Público,Duvida sobre cadastro de serviço extra + chat inativo,2026-09-03,Ana Clara,Chat Inativo,Baixa,Resolvido,CENTRO NORTE ESQUADRIAS,Jadson Martins,Empresa,Quinta,2026-09,36
61740,Público,Chat Inativo,2026-09-02,Ana Clara,Chat Inativo,Baixa,Resolvido,QUALITY VIDROS E ESQUADRIAS DE ALUMINIO,Laeli Marques,Empresa,Quarta,2026-09,36
61846,Público,Dúvida sobre exclusão de serviço extra,2026-09-03,Ana Clara,Dúvidas,Alta,Resolvido,QUALITY VIDROS E ESQUADRIAS DE ALUMINIO,Laeli Marques,Empresa,Quinta,2026-09,36
61200,Público,Chat Inativo,2026-08-26,Ana Clara,Chat Inativo,Baixa,Resolvido,RD FABRICACOES,Gabrielle,Empresa,Quarta,2026-08,35
61368,Público,Dúvida sobre exportar arquivos excel,2026-08-28,Ana Clara,Dúvidas,Alta,Resolvido,RAJA SOCIEDADE UNIPESSOAL LTDA,Carlos Carvalho,Não classificado,Sexta,2026-08,35
61372,Público,Chat Inativo,2026-08-28,Ana Clara,Chat Inativo,Baixa,Resolvido,ALUMFER ALUMINIOS E FERRAGENS,Neilton Alumfer,Empresa,Sexta,2026-08,35
61377,Público,Chat Inativo,2026-08-28,Ana Clara,Chat Inativo,Baixa,Resolvido,VENTANA SUL,Tiago,Empresa,Sexta,2026-08,35
61314,Público,Dúvida sobre lista de clientes,2026-08-27,Ana Clara,Dúvidas,Baixa,Resolvido,ELOGLASS,Eloglass - COMERCIAL,Empresa,Quinta,2026-08,35
61707,Público,Dúvida sobre material MOF,2026-09-02,Ana Clara,Dúvidas,Alta,Novo,RN ESQUADRIAS,Guilherme Camargo,Empresa,Quarta,2026-09,36
61290,Público,Chat Inativo,2026-08-27,Ana Clara,Chat Inativo,Baixa,Resolvido,EXCLUSIVA ESQUADRIAS (ANTIGO 10371),Exclusiva Esquadrias,Empresa,Quinta,2026-08,35
61990,Público,Dúvida sobre desativar cadastro de vidros,2026-09-08,Ana Clara,Dúvidas,Alta,Resolvido,ALUMIPRO ESQUADRIAS,Vitória,Empresa,Terça,2026-09,37
61714,Público,Dúvidas sobre desenhador,2026-09-02,Ana Clara,Dúvidas,Alta,Resolvido,VIDRAÇARIA UNIÃO,Moizeis Souza,Empresa,Quarta,2026-09,36
61613,Público,Dúvidas CEM Web + Chat Inativo,2026-09-01,Ana Clara,Chat Inativo,Baixa,Resolvido,ESQUADROMINAS,Jaredy Soares,Empresa,Terça,2026-09,36
61432,Público,Solicitação de liberação de material + chat inativo,2026-08-28,Ana Clara,Chat Inativo,Baixa,Resolvido,C &amp  K VIDROS,Administrativo CK Vidros,Empresa,Sexta,2026-08,35
61643,Público,Atualização de Material MOF (OLGA COLOR) + Script de voltar data,2026-09-01,Ana Clara,Dúvidas,Alta,Resolvido,CONSTRUCARE DO BRASIL EIRELI,leandro cardoso,Empresa,Terça,2026-09,36
61626,Público,Chat Inativo,2026-09-01,Ana Clara,Chat Inativo,Baixa,Resolvido,CONSTRUCARE DO BRASIL EIRELI,leandro cardoso,Empresa,Terça,2026-09,36
61900,Público,Dúvida sobre opções de montagem de uma tipologia,2026-09-04,Ana Clara,Dúvidas,Alta,Resolvido,CASA DO VIDRO,Casa Do Vidro,Empresa,Sexta,2026-09,36
61820,Público,Atualização de Versão + Atualização MOF,2026-09-03,Ana Clara,Atualização Versão e Build,Alta,Resolvido,SANTANA ESQUADRIAS M,Fernanda,Empresa,Quinta,2026-09,36
61086,Público,Dúvida sobre alterar código de obras + chat inativo,2026-08-25,Ana Clara,Dúvidas,Alta,Resolvido,SANTANA ESQUADRIAS M,Fernanda,Empresa,Terça,2026-08,35
61693,Público,Chat Inativo + Transferência para o departamento financeiro,2026-09-02,Ana Clara,Transferência de Departamento,Alta,Resolvido,ALL-GLASS ALUMINIOS E VIDROS,Junior,Empresa,Quarta,2026-09,36
61189,Público,Chat Inativo,2026-08-26,Ana Clara,Chat Inativo,Baixa,Resolvido,ALUTEC DF,Dorival Moura,Empresa,Quarta,2026-08,35
61868,Público,Atualização de Versão CEM ,2026-09-04,Ana Clara,Atualização Versão e Build,Alta,Resolvido,MARCO AURELIO FIRMINO DA SILVA,marco,Não classificado,Sexta,2026-09,36
61985,Público,Chat Inativo,2026-09-08,Ana Clara,Chat Inativo,Baixa,Resolvido,JOIA ALUMINIO E VIDRO,Wagner,Empresa,Terça,2026-09,37
61771,Público,Agendamento de atualização MOF,2026-09-03,Ana Clara,Dúvidas,Alta,Resolvido,SANTA EDWIGES,Everton,Empresa,Quinta,2026-09,36
61837,Público,Atualização de Versão + Atualização MOF,2026-09-03,Ana Clara,Atualização Versão e Build,Alta,Resolvido,SANTA EDWIGES,Everton,Empresa,Quinta,2026-09,36
61904,Público,Atualização de Versão CEM ,2026-09-04,Ana Clara,Atualização Versão e Build,Alta,Resolvido,GLOBALMEV ENVIDRACAMENTOS,Guilherme,Empresa,Sexta,2026-09,36
61434,Público,Chat Inativo,2026-08-28,Ana Clara,Chat Inativo,Baixa,Resolvido,GRUPO GUARANI,Fran,Empresa,Sexta,2026-08,35
61438,Público,Atualização de Versão CEM ,2026-08-28,Ana Clara,Atualização Versão e Build,Alta,Resolvido,GRUPO GUARANI,Fran,Empresa,Sexta,2026-08,35
61944,Público,Mapeamento de rede + Exportação de cadastro de materiais,2026-09-08,Ana Clara,Instalação,Alta,Resolvido,ALUMA,Cíntia,Empresa,Terça,2026-09,37
61788,Público,Reinstalação do sistema CEM,2026-09-03,Ana Clara,Instalação,Alta,Resolvido,ALLURE  ESQUADRIAS,ANGELA MARIA PESSUTTI,Empresa,Quinta,2026-09,36
61639,Público,Atualização de Versão CEM ,2026-09-01,Ana Clara,Atualização Versão e Build,Alta,Resolvido,ALUF,ALUF SERRALHERIA- ORÇAMENTOS,Empresa,Terça,2026-09,36
61226,Público,Chat Inativo,2026-08-26,Ana Clara,Chat Inativo,Baixa,Resolvido,ALUF,ALUF SERRALHERIA- ORÇAMENTOS,Empresa,Quarta,2026-08,35
61874,Público,Autoresolução,2026-09-04,Ana Clara,Chat Inativo,Baixa,Resolvido,KADRY ESQUADRIAS DE ALUMINIO LTDA,Danilo Rosa,Empresa,Sexta,2026-09,36
61328,Público,Dúvida aplicabilidade,2026-08-27,Ana Clara,Dúvidas,Média,Resolvido,JOIA ALUMINIO E VIDRO,Melissa Marôcco,Empresa,Quinta,2026-08,35
61490,Público,Chat Inativo,2026-08-31,Ana Clara,Chat Inativo,Baixa,Resolvido,TRENTO,rony douglas,Empresa,Segunda,2026-08,36
61517,Público,Atualização de versão 0723 + chat inativo,2026-08-31,Ana Clara,Atualização Versão e Build,Alta,Resolvido,TRENTO,rony douglas,Empresa,Segunda,2026-08,36
61770,Público,Chat Inativo,2026-09-03,Ana Clara,Chat Inativo,Baixa,Resolvido,SANTA EDWIGES,Everton,Empresa,Quinta,2026-09,36
61897,Público,Dúvida sobre obra duplicada,2026-09-04,Ana Clara,Dúvidas,Alta,Resolvido,ALUMIPRATA (ANTIGO 705),ADRIELE MARTINS,Empresa,Sexta,2026-09,36
61910,Público,Integração via API — CEM Desktop · Malta Esquadrias — dúvidas antes da proposta,2026-09-04,,Tickets Offline,Alta,Em atendimento,MALTA INDUSTRIA DE ESQUADRIAS (antiga Perfil),tales,Empresa,Sexta,2026-09,36
61567,Público,Offline message ,2026-08-31,Davi Barros,Tickets Offline,Média,Resolvido,UNIQUE,Jonatas Mendes,Empresa,Segunda,2026-08,36
61571,Público,Mensagem offline - Erick Rocha,2026-08-31,Davi Barros,Tickets Offline,Alta,Resolvido,SEM DADOS,Erick Rocha,Não classificado,Segunda,2026-08,36
61531,Interno,Dúvida referente a precificar materiais + cadastrar logo,2026-08-31,Gabriel Campos,Dúvidas,Alta,Resolvido,SEM DADOS,Francisco,Não classificado,Segunda,2026-08,36
61510,Público,Reset de senha do EGCLOUD,2026-08-31,Gabriel Campos,Nuvem Cloud,Alta,Resolvido,UNIQUE,Jonatas Mendes,Empresa,Segunda,2026-08,36
61779,Público,Dúvida referente a cadastrar novo usuário ,2026-09-03,Gabriel Campos,Dúvidas,Alta,Resolvido,SUPORTE VIDROS,Raul Saly,Empresa,Quinta,2026-09,36
61791,Público,Chat inativo,2026-09-03,Gabriel Campos,Chat Inativo,Baixa,Resolvido,SUPORTE VIDROS,Raul Saly,Empresa,Quinta,2026-09,36
61878,Público,Analise de conexão com a internet,2026-09-04,Gabriel Campos,Erros,Alta,Resolvido,REPUBLICA ESQUADRIAS,Alumínios Paraíba,Empresa (Onboarding),Sexta,2026-09,36
61373,Público,Erro de licença,2026-08-28,Gabriel Campos,Erros,Alta,Resolvido,BP GLASS,Dna Nexus,Empresa,Sexta,2026-08,35
61140,Público,Agendamento de atendimento ao cliente ,2026-08-25,Gabriel Campos,Dúvidas,Alta,Resolvido,BP GLASS,?,Empresa,Terça,2026-08,35
61248,Público,Dúvida referente a cadastrar componentes e vidros + precificação de materiais ,2026-08-27,Gabriel Campos,Dúvidas,Alta,Resolvido,BP GLASS,?,Empresa,Quinta,2026-08,35
61945,Público,Chat inativo,2026-09-08,Gabriel Campos,Chat Inativo,Baixa,Resolvido,ITEFAL,.,Atendimento CEM EXCLUSIVE,Terça,2026-09,37
61703,Público,Dúvida referente a editar orçamento (Usuário travado),2026-09-02,Gabriel Campos,Dúvidas,Alta,Resolvido,LOJA DO VIDRO PIRACICABA,Comercial,Empresa,Quarta,2026-09,36
61343,Público,Chat inativo,2026-08-27,Gabriel Campos,Chat Inativo,Baixa,Resolvido,VM ESQUADRIAS EM ALUMINIO,EVANDELIO TAVARES,Empresa,Quinta,2026-08,35
61549,Público,Agendamento de atendimento ao cliente ,2026-08-31,Gabriel Campos,Dúvidas,Alta,Resolvido,TECHALUMI,Projetos - tech Alumi,Empresa,Segunda,2026-08,36
61642,Público,Dúvida referente emissão de relatório (Ocultar opç. de montagens) ,2026-09-01,Gabriel Campos,Dúvidas,Alta,Resolvido,TECHALUMI,Projetos - tech Alumi,Empresa,Terça,2026-09,36
61161,Público,Dúvida referente a ativação do Estoque Técnico ,2026-08-26,Gabriel Campos,Dúvidas,Alta,Resolvido,TECHALUMI,Projetos - tech Alumi,Empresa,Quarta,2026-08,35
61176,Público,Atualização de build da 0918 para 0723 + Transferência de departamento - comercial,2026-08-26,Giovana de Miranda,Atualização Versão e Build,Alta,Resolvido,ESQUADRILON,Caio,Empresa,Quarta,2026-08,35
61528,Público,Dúvida referente a cadastro de vidros + chat inativo,2026-08-31,Giovana de Miranda,Dúvidas,Alta,Resolvido,ALUTEC DF,Jão?????????,Empresa,Segunda,2026-08,36
61580,Público,Atualização de build da 0322 para 0723,2026-09-01,Giovana de Miranda,Atualização Versão e Build,Alta,Resolvido,TECHALUMI,Projetos - tech Alumi,Empresa,Terça,2026-09,36
61524,Público,Dúvida referente a cadastrar modelo 3d,2026-08-31,Giovana de Miranda,Dúvidas,Alta,Resolvido,BP GLASS,?,Empresa,Segunda,2026-08,36
62012,Público,Reatualização de build da 0723,2026-09-09,Giovana de Miranda,Atualização Versão e Build,Alta,Resolvido,TECHALUMI,Projetos - tech Alumi,Empresa,Quarta,2026-09,37
61967,Público,Envio de formulário para criação de tipologia + chat inativo,2026-09-08,Giovana de Miranda,Dúvidas,Alta,Resolvido,VETRA PRIME ESQUADRIAS ( ANTIGO 13700),Vetra Prime Esquadrias,Não classificado,Terça,2026-09,37
61850,Público,Offline message,2026-09-03,Giovana de Miranda,Tickets Offline,Média,Resolvido,SEM DADOS,NovaFer Esquadrias e Vidros,Não classificado,Quinta,2026-09,36
61972,Público,Dúvida referente à vinculo de item extra no orçamento + existência de projeto,2026-09-08,Giovana de Miranda,Dúvidas,Alta,Resolvido,GUILES ESQUADRIAS,Administrativo Guiles,Empresa,Terça,2026-09,37
61836,Público,Dúvida referente à edição de condições,2026-09-03,Giovana de Miranda,Dúvidas,Alta,Resolvido,VIDRACARIA IPIRANGA,Compras Ipiranga,Empresa,Quinta,2026-09,36
62071,Público,Dúvida referente à perfis especiais,2026-09-09,Giovana de Miranda,Dúvidas,Alta,Resolvido,GUILES ESQUADRIAS,Administrativo Guiles,Empresa,Quarta,2026-09,37
61998,Público,Transferencia de departamento - ouvidoria,2026-09-08,Giovana de Miranda,Transferência de Departamento,Alta,Resolvido,ALUMIFAR SOLUCOES EM ALUMINIO,Joseane,Empresa,Terça,2026-09,37
62065,Público,Auto resolução,2026-09-09,Giovana de Miranda,Chat Inativo,Baixa,Resolvido,SEM DADOS,Julio Cesar,Não classificado,Quarta,2026-09,37
62080,Público,Transferencia de departamento - relatorios personalizados,2026-09-09,Giovana de Miranda,Transferência de Departamento,Alta,Resolvido,TJ ESQUADRIAS DE ALUMINIO E VIDRAÇARIA,Flavio,Empresa (Cliente VIP),Quarta,2026-09,37
61495,Público,Dúvida referente a mão de obra +  cadastrar cores de vidros,2026-08-31,Giovana de Miranda,Dúvidas,Alta,Resolvido,SEM DADOS,Vinicius Duarte Azevedo,Não classificado,Segunda,2026-08,36
61630,Público,Agendamento de atendimento ao cliente,2026-09-01,Giovana de Miranda,Dúvidas,Alta,Resolvido,UNIQUE,Jonatas Mendes,Empresa,Terça,2026-09,36
61640,Público,Acesso via HTML 5,2026-09-01,Giovana de Miranda,Nuvem Cloud,Alta,Resolvido,UNIQUE,Jonatas Mendes,Empresa,Terça,2026-09,36
61997,Público,Acesso via remote app + troca de logotipo,2026-09-08,Giovana de Miranda,Nuvem Cloud,Alta,Resolvido,GALPAO 33,Francisco,Não classificado,Terça,2026-09,37
61430,Público,Atualização de build 0723,2026-08-28,Daniel Joaquim ,Atualização Versão e Build,Alta,Resolvido,ALTEC ESQUADRIAS,Luiza Marinho I Arquiteta,Empresa,Sexta,2026-08,35
61796,Público,Atualização de build 0723 + atualização de material MOF (base),2026-09-03,Daniel Joaquim ,Dúvidas,Alta,Resolvido,VIDRO LIDER,Cenci - Vendas,Empresa,Quinta,2026-09,36
61611,Público,Dúvida em como replicar os valores + chat inativo,2026-09-01,Daniel Joaquim ,Dúvidas,Alta,Resolvido,L2 ASSESSORIA TECNICA,luciane,Não classificado,Terça,2026-09,36
61713,Público,Chat inativo,2026-09-02,Daniel Joaquim ,Chat Inativo,Baixa,Resolvido,SEM DADOS,Francisco,Não classificado,Quarta,2026-09,36
61641,Público,Transferência de departamento - Ouvidoria,2026-09-01,Daniel Joaquim ,Transferência de Departamento,Alta,Resolvido,FORMA ESQUADRIAS,johann,Empresa,Terça,2026-09,36
62078,Público,Dúvida em como criar projeto de esquadria no CEM,2026-09-09,Daniel Joaquim ,Dúvidas,Alta,Resolvido,3 RIOS CONFIANCA,Paulo Vitor,Empresa,Quarta,2026-09,37
62064,Público,Instalação de base zerada + agendamento de atualização de material ,2026-09-09,Daniel Joaquim ,Instalação,Alta,Resolvido,INTEGRA ESQUADRIAS DE ALUMINIOS,barbara@integra.ind.br,Empresa (Onboarding),Quarta,2026-09,37
62037,Público,Erro de otimizador de chapas + Agendamento de atualização de build,2026-09-09,Daniel Joaquim ,Dúvidas,Alta,Resolvido,ITEFAL,Pedro,Atendimento CEM EXCLUSIVE,Quarta,2026-09,37
61756,Público,Transferência de departamento - Comercial,2026-09-02,Daniel Joaquim ,Transferência de Departamento,Alta,Resolvido,VIDROMAX,André Barbosa,Empresa,Quarta,2026-09,36
61588,Público,Dúvida na existência na tipologia gold com trilho macarrão e sem baguete + chat inativo,2026-09-01,Daniel Joaquim ,Dúvidas,Alta,Resolvido,BP GLASS,Ray,Empresa,Terça,2026-09,36
61664,Público,Dúvida em como criar uma conta no canal do cliente,2026-09-01,Daniel Joaquim ,Dúvidas,Alta,Resolvido,VM ESQUADRIAS EM ALUMINIO,EVANDELIO TAVARES,Empresa,Terça,2026-09,36
61110,Público,Atualização de material MOF (base),2026-08-25,Daniel Joaquim ,Dúvidas,Alta,Resolvido,ALUMAX,Marcos,Empresa,Terça,2026-08,35
61898,Público,Chat inativo,2026-09-04,Daniel Joaquim ,Chat Inativo,Baixa,Resolvido,MALTA INDUSTRIA DE ESQUADRIAS (antiga Perfil),tales,Empresa,Sexta,2026-09,36
61906,Público,Dúvida na integração do CEM com um ERP terceiro,2026-09-04,Daniel Joaquim ,Dúvidas,Alta,Resolvido,MALTA INDUSTRIA DE ESQUADRIAS (antiga Perfil),tales,Empresa,Sexta,2026-09,36
61769,Público,Instalação de base zerada,2026-09-03,Daniel Joaquim ,Instalação,Alta,Resolvido,SEVEN SARON ESQUADRIAS,Daniel Carvalho,Empresa (Onboarding),Quinta,2026-09,36
61426,Público,Instalação de base zerada,2026-08-28,Daniel Joaquim ,Instalação,Alta,Resolvido,SLIMGLASS ENVIDRACAMENTOS,SlimGlass Envidraçamentos,Empresa,Sexta,2026-08,35
61443,Público,Lentidão ao conectar o CEM na estação + chat inativo,2026-08-28,Daniel Joaquim ,Erros,Alta,Resolvido,ALUMAX,Patricia Rodrigues,Empresa,Sexta,2026-08,35
61579,Público,Restaurar backup do banco do dia 30/08,2026-09-01,Daniel Joaquim ,Nuvem Cloud,Alta,Resolvido,LINO & LINO INSTALACAO (ANTIGO 636),.,Empresa,Terça,2026-09,36
61564,Público,Dúvida em como voltar backup,2026-08-31,Daniel Joaquim ,Dúvidas,Alta,Resolvido,LINO & LINO INSTALACAO (ANTIGO 636),.,Empresa,Segunda,2026-08,36
61543,Público,Dúvida na precificação de componente,2026-08-31,Daniel Joaquim ,Dúvidas,Alta,Resolvido,LINO & LINO INSTALACAO (ANTIGO 636),.,Empresa,Segunda,2026-08,36
61512,Público,Chat inativo,2026-08-31,Daniel Joaquim ,Chat Inativo,Baixa,Resolvido,LINO & LINO INSTALACAO (ANTIGO 636),.,Empresa,Segunda,2026-08,36
61518,Público,Dúvida em como funciona o backup da nuvem,2026-08-31,Daniel Joaquim ,Nuvem Cloud,Alta,Resolvido,LINO & LINO INSTALACAO (ANTIGO 636),.,Empresa,Segunda,2026-08,36
61624,Público,Dúvida em como condicionar as variáveis da opção de montagem e perfis,2026-09-01,Daniel Joaquim ,Dúvidas,Alta,Resolvido,TECHALUMI,Projetos - tech Alumi,Empresa,Terça,2026-09,36
61130,Público,Instalação do sistema CEM em outra máquina,2026-08-25,Patrick Nascimento,Instalação,Alta,Finalizado,NOBRE ALUMINIO,Secure Action - Thiago Canabarro,Empresa,Terça,2026-08,35
61393,Público,Duvida referente a erro de calculo,2026-08-28,Patrick Nascimento,Dúvidas,Alta,Resolvido,BP GLASS,?,Empresa,Sexta,2026-08,35
61351,Público,transferência de departamento (financeiro),2026-08-27,Patrick Nascimento,Transferência de Departamento,Alta,Resolvido,GM METALICA (ANTIGO 10821),??,Empresa,Quinta,2026-08,35
61355,Público,Instalação de atalho em rede (mapeamento),2026-08-27,Patrick Nascimento,Instalação,Alta,Resolvido,ALUMAX,Patricia Rodrigues,Empresa,Quinta,2026-08,35
61287,Público,chat inativo,2026-08-27,Patrick Nascimento,Chat Inativo,Baixa,Resolvido,BP GLASS,Leonardo Hoffmann,Empresa,Quinta,2026-08,35
61272,Público,Reinstalação do sistema (troca de servidor),2026-08-27,Patrick Nascimento,Instalação,Alta,Resolvido,NOBRE ALUMINIO,RJZ,Empresa,Quinta,2026-08,35
61604,Público,Auto resolução,2026-09-01,Patrick Nascimento,Chat Inativo,Baixa,Resolvido,KICHLER ESQUADRIAS,Lailla,Empresa,Terça,2026-09,36
62058,Público,duvida referente a tipologia no CEM MOBI,2026-09-09,Patrick Nascimento,Dúvidas,Alta,Resolvido,SEM DADOS,Enzo Rienzi,Não classificado,Quarta,2026-09,37
61120,Público,Atualização de material MOF (SCHUCO),2026-08-25,Patrick Nascimento,Dúvidas,Alta,Resolvido,BP GLASS,Pedro Cardoso,Empresa,Terça,2026-08,35
62083,Público,duvida referente ao cadastro de croquis 3D,2026-09-09,Patrick Nascimento,Dúvidas,Alta,Resolvido,VETRA PRIME ESQUADRIAS ( ANTIGO 13700),Vetra Prime Esquadrias,Não classificado,Quarta,2026-09,37
62030,Público,Instalação de atalho em rede (mapeamento),2026-09-09,Patrick Nascimento,Instalação,Alta,Resolvido,PRISMATECH (Antiga 5288 Prismaglass),Eduardo Marcelino,Empresa,Quarta,2026-09,37
61590,Público,"Erro ao inserir o vidro na tipologia """"List index""""",2026-09-01,Patrick Nascimento,Erros,Alta,Resolvido,CONCEITO ESQUADRIAS E VIDROS,Conceito Esquadrias e Vidros,Empresa,Terça,2026-09,36
62003,Público,duvida referente a como cadastrar niveis de acesso ,2026-09-08,Patrick Nascimento,Dúvidas,Alta,Resolvido,BP GLASS,FABIANA,Empresa,Terça,2026-09,37
62074,Público,duvida referente a formula de tampedaco + chat inativo,2026-09-09,Patrick Nascimento,Dúvidas,Alta,Resolvido,VIDRACARIA IPIRANGA,Compras Ipiranga,Empresa,Quarta,2026-09,37
61947,Público,chat inativo,2026-09-08,Patrick Nascimento,Chat Inativo,Baixa,Resolvido,ALUMI SYSTEN,Hélio,Não classificado,Terça,2026-09,37
62000,Público,duvida referente ao calculo dos itens da obra,2026-09-08,Patrick Nascimento,Dúvidas,Alta,Resolvido,GUILES ESQUADRIAS,Administrativo Guiles,Empresa,Terça,2026-09,37
61959,Público,Duvida referente ao backup do banco de dados,2026-09-08,Patrick Nascimento,Instalação,Alta,Resolvido,EXCLUSIVA ESQUADRIAS (ANTIGO 10371),Randall,Empresa,Terça,2026-09,37
61864,Público,chat inativo,2026-09-04,Patrick Nascimento,Chat Inativo,Baixa,Resolvido,SEM DADOS,NovaFer Esquadrias e Vidros,Não classificado,Sexta,2026-09,36
61873,Público,duvida referente a regra de orçamento,2026-09-04,Patrick Nascimento,Dúvidas,Alta,Resolvido,NOVA FER,NovaFer Esquadrias e Vidros,Empresa,Sexta,2026-09,36
62025,Público,Duvida referente a perfis especiais duplicados,2026-09-09,Patrick Nascimento,Dúvidas,Alta,Resolvido,ESQUADRICENTER,Esquadricenter Comercial,Empresa,Quarta,2026-09,37
62001,Público,Duvida referente a senha de acesso do sistema + duvida referente a como alterar o status da obra,2026-09-08,Patrick Nascimento,Dúvidas,Alta,Resolvido,IKA ESQUADRIAS DE ALUMINIO,Isac,Empresa,Terça,2026-09,37
61723,Público,agendamento de atendimento ao cliente,2026-09-02,Patrick Nascimento,Dúvidas,Alta,Resolvido,ALUMAXI,Manoela,Empresa,Quarta,2026-09,36
61631,Público,Ativação de estoque técnico,2026-09-01,Patrick Nascimento,Dúvidas,Alta,Resolvido,VAL AÇO PWJ,ERIKSON,Atendimento CEM EXCLUSIVE,Terça,2026-09,36
61817,Público,duvida referente a solicitação de criação de tipologia,2026-09-03,Patrick Nascimento,Dúvidas,Alta,Resolvido,VIDRO LIDER,Cenci - Vendas,Empresa,Quinta,2026-09,36
61835,Público,Erro no calculo de tipologia do BASE-ORÇAMENTO,2026-09-03,Patrick Nascimento,Dúvidas,Alta,Resolvido,VIDRO LIDER,Cenci - Vendas,Empresa,Quinta,2026-09,36
61888,Público,Duvida referente ao valor da mão de obra saindo incorreto,2026-09-04,Patrick Nascimento,Dúvidas,Alta,Resolvido,SUPORTE VIDROS,Raul Saly,Empresa,Sexta,2026-09,36
62077,Público,duvida referente a como alterar os croquis no EGCLOUD,2026-09-09,Patrick Nascimento,Nuvem Cloud,Alta,Resolvido,LINO & LINO INSTALACAO (ANTIGO 636),.,Empresa,Quarta,2026-09,37
61555,Público,chat inativo,2026-08-31,Patrick Nascimento,Chat Inativo,Baixa,Resolvido,ALLUMI GOLD (L.M NORIYUKI),Allumi Gold,Empresa,Segunda,2026-08,36
61734,Público,Mensagem offline - Erick Rocha,2026-09-02,Pedro Cavalciuk,Tickets Offline,Alta,Resolvido,ESQUADPRIME ESQUADRIAS DE ALUMINIO(CEMMOBI),Erick Rocha,Empresa (CEMMOBI),Quarta,2026-09,36
61737,Público,Erros de canvas- reiniciar CEM,2026-09-02,Pedro Cavalciuk,Erros,Alta,Resolvido,L2 ASSESSORIA TECNICA,luciane,Não classificado,Quarta,2026-09,36
61578,Público,Substituição de perfil ,2026-09-01,Pedro Cavalciuk,Dúvidas,Alta,Resolvido,ALUMAX,Patricia Rodrigues,Empresa,Terça,2026-09,36
61492,Público,Chat inativo,2026-08-31,Pedro Cavalciuk,Chat Inativo,Baixa,Resolvido,SEM DADOS,Smailin,Não classificado,Segunda,2026-08,36
61462,Público,Offline message - Vinicius Duarte Azevedo,2026-08-30,Pedro Cavalciuk,Tickets Offline,Alta,Resolvido,SEM DADOS,Vinicius Duarte Azevedo,Não classificado,Domingo,2026-08,35
61952,Público,Solicitação de liberação de material (Alpa),2026-09-08,Pedro Cavalciuk,Dúvidas,Alta,Resolvido,SUPORTE VIDROS,Raul Saly,Empresa,Terça,2026-09,37
61647,Público,Reset de senha,2026-09-01,Pedro Cavalciuk,Dúvidas,Alta,Resolvido,NELSON VIDROS,Nelson Filho,Empresa,Terça,2026-09,36
62043,Público,Reinstalação de sistema ,2026-09-09,Pedro Cavalciuk,Instalação,Alta,Resolvido,PREMIUM ESQUADRIAS,Alan Resplandes Flames Games,Empresa,Quarta,2026-09,37
62069,Público,Reinstalação de sistema + criação de atalho via rede,2026-09-09,Pedro Cavalciuk,Instalação,Alta,Resolvido,PREMIUM ESQUADRIAS,Alan Resplandes Flames Games,Empresa,Quarta,2026-09,37
61842,Público,Mapear pasta do Faktory,2026-09-03,Pedro Cavalciuk,Dúvidas,Alta,Resolvido,UP ESQUADRIAS EIRELI,Up Esquadrias,Empresa,Quinta,2026-09,36
61831,Público,Atualização de  material MOF (ALPA),2026-09-03,Pedro Cavalciuk,Dúvidas,Alta,Resolvido,SEM DADOS,Hélio,Não classificado,Quinta,2026-09,36
61776,Público,Chat inativo,2026-09-03,Pedro Cavalciuk,Chat Inativo,Baixa,Resolvido,ALCONORT,Allan Aguiar,Atendimento CEM EXCLUSIVE,Quinta,2026-09,36
61146,Público,Offline message - Andrey Spada,2026-08-25,Pedro Cavalciuk,Tickets Offline,Alta,Resolvido,ALUT ESQUADRIAS,Andrey Spada,Empresa (Onboarding),Terça,2026-08,35
61196,Público,Offline message - Vetra Prime Esquadrias,2026-08-26,Pedro Cavalciuk,Tickets Offline,Alta,Resolvido,VETRA PRIME ESQUADRIAS ( ANTIGO 13700),Vetra Prime Esquadrias,Não classificado,Quarta,2026-08,35
61238,Público,Offline message - Vetra Prime Esquadrias,2026-08-26,Pedro Cavalciuk,Tickets Offline,Alta,Resolvido,VETRA PRIME ESQUADRIAS ( ANTIGO 13700),Vetra Prime Esquadrias,Não classificado,Quarta,2026-08,35
62087,Público,Offline message - Vetra Prime Esquadrias,2026-09-09,Pedro Cavalciuk,Tickets Offline,Alta,Resolvido,VETRA PRIME ESQUADRIAS ( ANTIGO 13700),Vetra Prime Esquadrias,Não classificado,Quarta,2026-09,37
61105,Público,Mensagem offline - Pedro Cardoso,2026-08-25,Pedro Cavalciuk,Tickets Offline,Alta,Resolvido,BP GLASS,Pedro Cardoso,Empresa,Terça,2026-08,35
61463,Público,Offline message - Daniel Carvalho,2026-08-31,Pedro Cavalciuk,Tickets Offline,Alta,Resolvido,SEVEN SARON ESQUADRIAS,Daniel Carvalho,Empresa (Onboarding),Segunda,2026-08,36
61234,Público,ticket off,2026-08-26,Pedro Cavalciuk,Tickets Offline,Alta,Resolvido,BP GLASS,?,Empresa,Quarta,2026-08,35
61158,Público,instalação de sistema + atualização de Build + atualização de material ,2026-08-26,Pedro Cavalciuk,Instalação,Alta,Resolvido,BP GLASS,?,Empresa,Quarta,2026-08,35
62053,Público,Offline message,2026-09-09,Pedro Cavalciuk,Tickets Offline,Média,Resolvido,SEM DADOS,Enzo Rienzi,Não classificado,Quarta,2026-09,37
61488,Público,Edição no valor do tamanho de largura ,2026-08-31,Pedro Cavalciuk,Dúvidas,Alta,Resolvido,BP GLASS,Gabriella,Empresa,Segunda,2026-08,36
61253,Público,Criação de atalho em rede,2026-08-27,Pedro Cavalciuk,Instalação,Alta,Resolvido,BP GLASS,Gabriella,Empresa,Quinta,2026-08,35
61145,Público,Offline message - Marcos,2026-08-25,Pedro Cavalciuk,Tickets Offline,Alta,Resolvido,ALUMAX,Marcos,Empresa,Terça,2026-08,35
61104,Público,Offline message - Marcos,2026-08-25,Pedro Cavalciuk,Tickets Offline,Alta,Resolvido,ALUMAX,Marcos,Empresa,Terça,2026-08,35
61676,Público,Offline message - Leonardo Hoffmann,2026-09-01,Pedro Cavalciuk,Tickets Offline,Alta,Resolvido,BP GLASS,Leonardo Hoffmann,Empresa,Terça,2026-09,36
61243,Público,Offline message - Leonardo Hoffmann,2026-08-26,Pedro Cavalciuk,Tickets Offline,Alta,Resolvido,BP GLASS,Leonardo Hoffmann,Empresa,Quarta,2026-08,35
61431,Público,Envio de tutorial de cadastro de perfil,2026-08-28,Pedro Cavalciuk,Dúvidas,Alta,Resolvido,LINO & LINO INSTALACAO (ANTIGO 636),.,Empresa,Sexta,2026-08,35
61211,Público,Atualização de BUILD 0723,2026-08-26,Pedro Cavalciuk,Atualização Versão e Build,Alta,Resolvido,BP GLASS,Fabio Machado,Empresa,Quarta,2026-08,35
61217,Interno,Duvida referente a criação de projetista ,2026-08-26,Matheus Pulcinelli,Dúvidas,Alta,Resolvido,BP GLASS,Roberto,Empresa,Quarta,2026-08,35
61218,Público,Duvida referente a niveis de acesso ,2026-08-26,Matheus Pulcinelli,Dúvidas,Alta,Resolvido,ESQUADRILON,Caio,Empresa,Quarta,2026-08,35
61882,Público,Duvida referente a cadastro de vidros ,2026-09-04,Matheus Pulcinelli,Dúvidas,Alta,Resolvido,BP GLASS,?,Empresa,Sexta,2026-09,36
61819,Público,Duvidas referente a estoque técnico ,2026-09-03,Matheus Pulcinelli,Dúvidas,Alta,Resolvido,TECHALUMI,Projetos - tech Alumi,Empresa,Quinta,2026-09,36
61386,Público,Chat inativo,2026-08-28,Matheus Pulcinelli,Chat Inativo,Baixa,Resolvido,LINO & LINO INSTALACAO (ANTIGO 636),.,Empresa,Sexta,2026-08,35
61596,Público,Auto solução ,2026-09-01,Matheus Pulcinelli,Dúvidas,Alta,Resolvido,ALUMAX,Patricia Rodrigues,Empresa,Terça,2026-09,36
61302,Interno,Chat inativo,2026-08-27,Matheus Pulcinelli,Chat Inativo,Baixa,Resolvido,ALUMAX,Vanessa Silva,Empresa,Quinta,2026-08,35
61322,Público,Chat inativo,2026-08-27,Matheus Pulcinelli,Chat Inativo,Baixa,Resolvido,ALUMAX,Vanessa Silva,Empresa,Quinta,2026-08,35
61349,Interno,Agendamento para atendimento ao cliente ,2026-08-27,Matheus Pulcinelli,Dúvidas,Alta,Resolvido,SLIMGLASS ENVIDRACAMENTOS,SlimGlass Envidraçamentos,Empresa,Quinta,2026-08,35
61308,Público,Transferência de departamento - relatório ,2026-08-27,Matheus Pulcinelli,Transferência de Departamento,Alta,Resolvido,CAMPGLASS (ANTIGO 724),Campglass,Empresa,Quinta,2026-08,35
61285,Público,Transferência de departamento - relatório + chat inativo,2026-08-27,Matheus Pulcinelli,Transferência de Departamento,Alta,Resolvido,CAMPGLASS (ANTIGO 724),Campglass,Empresa,Quinta,2026-08,35
61838,Público,Transferência de departamento - faktory + chat inativo,2026-09-03,Matheus Pulcinelli,Transferência de Departamento,Alta,Resolvido,ARTENELE,Bruno,Empresa,Quinta,2026-09,36
62019,Público,Chat inativo,2026-09-09,Matheus Pulcinelli,Chat Inativo,Baixa,Resolvido,BOX & CIA VIDROS TEMPERADOS (MARCOS VIDROS)(Cancelado),Wellington,Empresa,Quarta,2026-09,37
61628,Público,GBAK no cem smart + atualização de build do cem pro,2026-09-01,Matheus Pulcinelli,Erros,Alta,Resolvido,TEXA,Ricardo,Empresa (Cliente VIP),Terça,2026-09,36
61805,Público,Chat inativo,2026-09-03,Matheus Pulcinelli,Chat Inativo,Baixa,Resolvido,SEM DADOS,Joao Otavio - Compras,Não classificado,Quinta,2026-09,36
61858,Público,Instalação de base zerada,2026-09-04,Matheus Pulcinelli,Instalação,Alta,Resolvido,SEM DADOS,Joao Otavio - Compras,Não classificado,Sexta,2026-09,36
61726,Público,Dúvida sobre cadastro de usuários + chat inativo,2026-09-02,Ana Clara,Dúvidas,Alta,Resolvido,ESQUADRIAS SCHEID,Marcos Alan,Empresa,Quarta,2026-09,36
61440,Interno,Chat Inativo,2026-08-28,Ana Clara,Chat Inativo,Baixa,Resolvido,GRUPO GUARANI,Francileusa,Empresa,Sexta,2026-08,35
61729,Público,Dúvida sobre cadastro de  vidros,2026-09-02,Ana Clara,Dúvidas,Alta,Resolvido,SEM DADOS,Francisco,Não classificado,Quarta,2026-09,36
61971,Interno,Dúvida sobre cadastro de funcionário,2026-09-08,Ana Clara,Dúvidas,Alta,Resolvido,ITEFAL,Pedro,Atendimento CEM EXCLUSIVE,Terça,2026-09,37
61827,Público,Dúvida sobre acabamentos em uma obra,2026-09-03,Ana Clara,Dúvidas,Alta,Resolvido,VIDRACARIA IPIRANGA,Compras Ipiranga,Empresa,Quinta,2026-09,36
61879,Público,Dúvida sobre lentidão no sistema,2026-09-04,Ana Clara,Erros,Alta,Resolvido,ESQUADRIUM - ESQUADRIAS E VIDROS,Karen Brito,Empresa,Sexta,2026-09,36
61956,Interno,Transferência para o departamento comercial + chat inativo,2026-09-08,Ana Clara,Transferência de Departamento,Alta,Resolvido,EXPONENCIAL ESQUADRIAS (ANTIGO 11292),Lucas,Empresa,Terça,2026-09,37
61376,Público,Dúvida sobre como adicionar novos usuários,2026-08-28,Ana Clara,Dúvidas,Alta,Resolvido,BELLA ESQUADRIAS,Erick Lima,Empresa,Sexta,2026-08,35
61271,Público,Instalação CEM ONE ,2026-08-27,Ana Clara,Instalação,Alta,Resolvido,STYLLUS ESQUADRIAS DE ALUMINIO,Raniery Bezerra,Empresa,Quinta,2026-08,35
61207,Público,Dúvidas sobre estoque técnico,2026-08-26,Ana Clara,Dúvidas,Alta,Resolvido,TECHALUMI,Projetos - tech Alumi,Empresa,Quarta,2026-08,35
61406,Público,Atualização de Versão + Atualização MOF,2026-08-28,Ana Clara,Atualização Versão e Build,Alta,Resolvido,ESQUADRILON,Caio,Empresa,Sexta,2026-08,35
61190,Interno,Erro de conexão com o servidor + chat inativo,2026-08-26,Ana Clara,Erros,Alta,Resolvido,ALUTEC DF,Jão?????????,Empresa,Quarta,2026-08,35
61201,Interno,Dúvida sobre quantidade de usuários em acesso ao sistema CEM,2026-08-26,Ana Clara,Dúvidas,Baixa,Resolvido,ALUNOVA ESQUADRIAS DE ALUMINIO E VIDROS,Mateus,Empresa,Quarta,2026-08,35
